{
    "dct_title_s": "Army Map Service collection",
    "dct_description_sm": "",
    "dct_language_sm": [
        "English"
    ],
    "schema_provider_s": "Texas",
    "dct_subject_sm": [
        "Scanned maps"
    ],
    "dct_temporal_sm": [
        "1916",
        "1943",
        "1954",
        "1940",
        "1955",
        "temporalkeywords-placeholder (dct_temporal_sm)",
        "1933",
        "1947",
        "1951",
        "1965",
        "Sheet 6330 4 N",
        "Sheet 6330 4 S",
        "Sheet 6429 1 N",
        "Sheet 6429 4 N",
        "Sheet 6429 4 S",
        "Sheet 6430 1 N",
        "Sheet 6430 1 S Ed2",
        "Sheet 6430 2 N",
        "Sheet 6430 2 S",
        "Sheet 6430 3 N",
        "Sheet 6430 3 S",
        "Sheet 6430 4 N",
        "Sheet 6430 4 S",
        "Sheet 6431 3 N",
        "Sheet 6431 3 S",
        "Sheet 6530 1 N",
        "Sheet 6530 1 S",
        "Sheet 6530 2 N",
        "Sheet 6530 3 N",
        "Sheet 6530 3 S",
        "Sheet 6530 4 N",
        "Sheet 6739 4 N",
        "Sheet 6739 4 S",
        "Sheet 6836 2 S",
        "Sheet 6430 1 S Ed1"
    ],
    "dct_spatial_sm": null,
    "locn_geometry": "ENVELOPE(42.0, 48.0, 16.0, 12.0)",
    "dct_accessRights_s": "Public",
    "gbl_resourceClass_sm": "Collections",
    "id": "army-map-service-collection",
    "gbl_mdVersion_s": "Aardvark"
}