{
    "dct_title_s": "Benson Latin American Collection",
    "dct_description_sm": "",
    "dct_language_sm": [
        "English",
        "Spanish; Castilian"
    ],
    "schema_provider_s": "Texas",
    "dct_subject_sm": [
        "History",
        "Garza",
        "L\u00e1zaro de la--Archives.",
        "Villa",
        "Pancho",
        "1878-1923",
        "Mexico--Politics and government--1910-1946",
        "Mexico--History--1910-1946",
        "Government",
        "Resistance to--Mexico.",
        "Anthropology",
        "Ethnohistory",
        "Geography",
        "Catholic Church",
        "Colonial Mexico",
        "Religious Orders",
        "Brazil--Maps",
        "Brazil--History--20th century",
        "Brazil--History",
        "Rio de Janeiro (Brazil)--Map",
        "Roads--Brazil--Maps",
        "Speeches",
        "addresses",
        "etc.",
        "Cuban.",
        "Cuba--Politics and government--1959-1990.",
        "Communism--Cuba.",
        "Cuba--History--20th century.",
        "Castro",
        "Fidel",
        "1926-2016.",
        "El Salvador--History--Civil War",
        "1979-1992",
        "Refugees",
        "Human rights",
        "Libros de Hijuelas",
        "1719-1929",
        "Reparto de Tierras",
        "Liberal Privatization of Indigenous Land",
        "Indigenous History of Mexico",
        "Pur\u00e9pecha",
        "Michoac\u00e1n",
        "Mexico--Politics and government--Nineteenth-century Liberalism",
        "Mexico--History--Dissolution of Corporate Land Holdings",
        "Mexico--History--Agrarian History",
        "1868-1929"
    ],
    "dct_temporal_sm": [
        "20th century",
        "1913-1919",
        "Early Modern",
        "Spanish Colonial",
        "1534-1599",
        "1928",
        "1960-1994",
        "Cuban Revolution",
        "1983",
        "19th century",
        "1899",
        "1719-1929",
        "1868-1929",
        "1971-1992"
    ],
    "dct_spatial_sm": [
        "Mexico",
        "Guatemala",
        "Spain",
        "Santo Domingo",
        "Oaxaca",
        "Canary Islands",
        "Rio de Janeiro",
        "Brazil",
        "Cuba",
        "El Salvador",
        "Michoac\u00e1n"
    ],
    "locn_geometry": "ENVELOPE(-122.417623, -74.006057, 40.712866, 19.432857)",
    "dct_accessRights_s": "Public",
    "gbl_resourceClass_sm": "Collections",
    "id": "benson-latin-american-collection",
    "gbl_mdVersion_s": "Aardvark"
}