{
    "dct_title_s": "International Boundary collection",
    "dct_description_sm": "",
    "dct_language_sm": [
        "English"
    ],
    "schema_provider_s": "Texas",
    "dct_subject_sm": [
        "Scanned maps"
    ],
    "dct_temporal_sm": [
        "1913"
    ],
    "dct_spatial_sm": [
        "Rio Grande",
        "Starr",
        "Rio Grande City",
        "Rio Grande",
        "78582",
        "4WD Rd",
        "A and A St",
        "Acapulco St",
        "Agira St",
        "Alaffa St",
        "Amada St",
        "Arroyo Aly",
        "Autopista Shop St",
        "B A R Rd",
        "Bambino St",
        "Bar Rd",
        "Barcelona St",
        "Barranco St",
        "Beauty Shop Ln",
        "Benavidez St",
        "Bibote St",
        "Bionas St",
        "Bomber Ln",
        "Bravo St",
        "Buffel St",
        "Bustos St",
        "Canton St",
        "Cargo Ln",
        "Casita Farm Ln",
        "Casita Cemetery Rd",
        "Casita Plaza Rd",
        "Cedarwood Dr",
        "Cemetery Rd",
        "Cenica St",
        "Chevy St",
        "Chili St",
        "Cielo St",
        "Circular Dr",
        "Cleofas St",
        "Cliff Ave",
        "Community Center Rd",
        "Cornerstone Loop",
        "Cortina St",
        "Cozumel St",
        "Dapper Ln",
        "Day Care Rd",
        "Dirt Ln",
        "Dreumont Rd",
        "E 2nd St",
        "E Sauz St",
        "E Tampico St",
        "E Trevino St",
        "Eagle Ln",
        "el Chaparral St",
        "el Paco St",
        "el Vagio St",
        "el Vagio Rd",
        "el Refugio Ranch Rd",
        "Eligio Garza St",
        "Elenora Garcia Ln",
        "Elliot St",
        "Embassy St",
        "Emilio Garcia St",
        "Espinoza St",
        "Espinosa Ln",
        "Espinosa",
        "Federico Chapa",
        "Firebird Ln",
        "FM 1430",
        "Francisco B Chapa Jr",
        "Francisco Chapa Jr St",
        "Freighter Ln",
        "Fronteras Ct",
        "Garciasville Cemetery Rd",
        "Grand St",
        "Gravel Rd",
        "Guadalajara St",
        "Guadalupe Ave",
        "Guevarra St",
        "Gutierrez St",
        "Hidalgo St",
        "Hidalgo Ave",
        "High Hill St",
        "Hillside Rd",
        "Horseshoe Cir",
        "Horse Shoe",
        "Hwy 83 Lp",
        "Ivy Ln",
        "Jalapeno Rd",
        "Javier Vela Ranchito Ln",
        "Jesus Garcia St",
        "Kctm Fm103 Rd",
        "Ktcm F M 103 Rd",
        "la Nacqua St",
        "la Larga St",
        "la Noche Ct",
        "Ladrillera St",
        "Las Chicas Rd",
        "Las Brisas Rd",
        "Lencho St",
        "Lito Garza St",
        "Loma Blanca Rd",
        "Loma Linda Ave",
        "Los Ninos St",
        "M Rd",
        "Mangana Ln",
        "Manetocaso St",
        "Mancias Ln",
        "Max Garcia Cir",
        "Mayorga Rd",
        "Meme Rd",
        "Mireles Cir",
        "Montalm Rd 00",
        "Montalvo Ct",
        "Montalvo Hill Rd",
        "Mustang Ln",
        "N Garza Rd",
        "N Las Lomas St",
        "N Nacaguita St",
        "New Gonzales St",
        "New Gonzalez St",
        "Noche Ct",
        "Nuve St",
        "Octovi Rd",
        "Old Church Rd",
        "Old Casita Rd",
        "Old Military Rd",
        "Olimitos",
        "Oyervidez St",
        "Papalo Ln",
        "Patriot Ln",
        "Paved Aly",
        "Paved Rd",
        "Peace St",
        "Pepino Ln",
        "Perch St",
        "Railway St",
        "Ramon St",
        "Raven St",
        "Reserve Ln",
        "Reynaldo Gomez Dr",
        "Rio Bravo St",
        "Rio Concho St",
        "Rio San Juan St",
        "Rios Ave",
        "River Rd",
        "Robert St",
        "Rogas Rd",
        "S Casita Farm Rd",
        "S Olmitos Rd",
        "Sage Ln",
        "Salinas Ave",
        "San Carlos Rd",
        "San Dimas Rd",
        "San Bruno Rd",
        "San Anselmo Rd",
        "San Agustin St",
        "San Bernardo St",
        "San Francisco St",
        "San Eulogio Rd",
        "San Pedro St",
        "Santa Rosalia St",
        "Santa Teresa Ave",
        "Santa Maria Ave",
        "Santa Cruz Rd",
        "Santa Rosa Rd",
        "Santa Rosa St",
        "Speed Way",
        "Speedway",
        "Steppe Ln",
        "Sycamore Dr",
        "Sylvanos Ln",
        "Tampico St",
        "Thornwood Loop",
        "Tomcat Ln",
        "Trevino St",
        "Trophy St",
        "Un-Named Dirt Rd",
        "US Hwy 83",
        "Vera St",
        "Veras St",
        "Villegas St",
        "W Hwy 83",
        "Wale St",
        "Wildcat Ln",
        "Texas",
        "Tamaulipas",
        "La Grulla",
        "Salado Creek",
        "Cobby Lake",
        "78548",
        "3rd St",
        "Aguilar St",
        "Ala Blanca St",
        "Alegria Rd",
        "Alpaca Ln",
        "Amador St",
        "Alto Bonito St",
        "Anna Lilia Rd",
        "Arnold St",
        "Arroyo Rd",
        "Aurora St",
        "Benito St",
        "Bernardo St",
        "Burro Ln",
        "Caballo Ln",
        "Chango St",
        "Chicas St",
        "Chivos Ln",
        "Conrada Guerra Ln",
        "Connecting Rd",
        "Division St",
        "Duarte St",
        "E 1st St",
        "E 3rd St",
        "E el Alto St",
        "E Las Palmas St",
        "E Pvt Lazaro Solis St",
        "E Second St",
        "el Gato Ln",
        "el Alto St",
        "el Cadernal",
        "el Colibri",
        "el Salado",
        "el Venadito Ln",
        "el Quiote St",
        "el Sol Dr",
        "Eliborio Solis St",
        "Eloy Jr Rd",
        "Elvia Zarate St",
        "FM 2360",
        "Frontage Rd",
        "Garcias St",
        "Gloria Ln",
        "Grulla Main St",
        "Hermiston St",
        "J St",
        "Jerry St",
        "Johnson St",
        "Kennedy St",
        "la Cabana St",
        "la Cuchilla St",
        "la Paloma Cir",
        "la Plaza St",
        "Laplaza St",
        "Las Borregas Ln",
        "Laureles St",
        "Leonor Rd",
        "Lodge St",
        "Longoria",
        "Los Laurels St",
        "Los Laureles St",
        "Los Alegrias St",
        "Medelez St",
        "Migrant St",
        "Mission St",
        "Mula Ln",
        "N la Paloma",
        "N la Paloma St",
        "N Lupe St",
        "Ortiz St",
        "Palomino St",
        "Pasco St",
        "Plaza St",
        "Polo St",
        "Posada St",
        "Produce Rd",
        "Pvt Lazaro Solis St",
        "Pvt Leopoldo Longoria St",
        "R Flores St",
        "R Solis Ln",
        "Rivera St",
        "Rodriguez St",
        "Rodolfo St",
        "Romero St",
        "S Cortez St",
        "Solis St",
        "Talcoyote Ln",
        "Texas St",
        "Toppenish St",
        "Trinidad St",
        "Villarreal St",
        "W 2nd St",
        "W 3rd St",
        "W 4th St",
        "W 5th St",
        "W Las Palmas St",
        "W Pvt Lazaro Solis St",
        "W Zarate St",
        "Zarate St",
        "Hidalgo",
        "Havana",
        "Hidalgo County's First Oil Well",
        "Los Ebanos Ferry Crossing",
        "Sullivan City",
        "La Joya Lake",
        "78560",
        "78565",
        "78576",
        "78595",
        "16 Mile Rd",
        "1st St",
        "2nd St",
        "4th St",
        "5th St",
        "6th St",
        "7th St",
        "8th St",
        "Alamo St",
        "Anaquito St",
        "Antonio Villalon St",
        "Bluebird St",
        "Bouganivilla St",
        "Canelon St",
        "Cardinal St",
        "Casimiro Ortega Ave",
        "Casimiro Ortega St",
        "Cedro St",
        "Cenizo St",
        "Chayos St",
        "Cll Cerda",
        "Colorado St",
        "Crisantema St",
        "Cuevitas Dr",
        "Cypress St",
        "Delio Salinas St",
        "Delia St",
        "Dove St",
        "Eagle St",
        "Ebano St",
        "el Faro Rd",
        "el Pato Rd",
        "el Pinto Rd",
        "Falcon St",
        "Felix Martinez St",
        "Federico Flores St",
        "Felix Martinez Ave",
        "Flores St",
        "Flores Rd",
        "Francisco Garza Ave",
        "Frederico Flores Ave",
        "Fresno St",
        "Gardenia St",
        "Garza St",
        "Geranio St",
        "Godorniz Ln",
        "Guadalupe Flores Rd",
        "Hawk St",
        "Hediberto Garza St",
        "Heriberto Garzas St",
        "Heriberto Garza St",
        "Jim Leo St",
        "Jose Garcia Ave",
        "Jose Garcia St",
        "Julio Garza St",
        "Laurel St",
        "Lomas St",
        "Los Garzas St",
        "Main St",
        "Manuel St",
        "Maro St",
        "Matias Flores St",
        "Mesquite St",
        "Military Rd",
        "Mirasol St",
        "Nogal St",
        "Obregan St",
        "Obregon St",
        "Olga St",
        "Olmo St",
        "Onesimo Mireles St",
        "P J Garza Rd",
        "Paisano St",
        "Palo Blanco St",
        "Patricio Perez Rd",
        "Patricio Perez Blvd",
        "Pino St",
        "Pita St",
        "Quail St",
        "Quesada Ln",
        "Rafael St",
        "Raul Villareal St",
        "Red Bird",
        "Reginaldo Villalon St",
        "Rene Flores St",
        "Rene Flores Ave",
        "Robin St",
        "Rosendo Benavidez St",
        "S Valle St",
        "San Fordyce Rd",
        "Sparrow St",
        "Sullivan City Dr",
        "US Customs Toll Brg",
        "Valles St",
        "Villa St",
        "Villalon St",
        "W 10th St",
        "W 6th St",
        "W Expy 83",
        "Yucca St",
        "Penitas",
        "Los Ejidos de Reynosa Vieja",
        "Pe\u00f1itas Cemetery",
        "La Joya",
        "Penitas Lake",
        "Walker Lake",
        "78572",
        "10th St",
        "11th St",
        "11 1/2 St",
        "12th St",
        "13th St",
        "14 Th St",
        "18th St",
        "23rd St",
        "Alaniz Ave",
        "Alexa Dr",
        "Alma St",
        "Amanda St",
        "Apache St",
        "Arrow Point St",
        "Buena Vista Rd",
        "Cactus Dr",
        "Camelot Ct",
        "Camelot Dr",
        "Captain Hook",
        "Chihuahua Rd",
        "Church Ln",
        "Christina Dr",
        "Cindy St",
        "Couples Cir",
        "Coyote Ave",
        "Cowboy Ln",
        "de la Garza Rd",
        "Denise Cir",
        "Diamond Ave",
        "Dusty Trail Ln",
        "Durazno St",
        "E 13th St",
        "E 4th St",
        "E 9 1/2 St",
        "E 9th St",
        "E Expy 83",
        "Ebano Cir",
        "Ebony St",
        "Elizabeth St",
        "Encino St",
        "Ficus St",
        "Fishermans Wharf",
        "Floyd Cir",
        "FM 2521",
        "Garza Ave",
        "Golf Dr",
        "Gonzalez Ave",
        "Gregorio Garza",
        "Gregorio Villarreal",
        "Harbor Ln",
        "Horse Shoe St",
        "Huisache Ave",
        "Huisache St",
        "I- 2",
        "Ida Dr",
        "Jasmin St",
        "Jessica Jane Ave",
        "Katrina Dr",
        "Kika de la Garza Blvd",
        "King Ave",
        "King St",
        "la Joya St",
        "Lake Point St",
        "Leo Ave",
        "Liberty Blvd",
        "Loma Blanca St",
        "Los Charcos",
        "Manuelita Rios St",
        "Marco Dr",
        "Maribel St",
        "Mesquite Meadow St",
        "Mesquite Ave",
        "Mi Rancho",
        "Military Hwy",
        "N 1427",
        "N Los Charcos",
        "Oja de Agua St",
        "Palm Ave",
        "Palm Dr",
        "Palm Shores Blvd",
        "Penitas Park Ave",
        "Penitas Ave",
        "Penitas St",
        "Perez Dr",
        "Perales Martinez",
        "Pike Ave",
        "Rancho Escondido",
        "Rancho Lomita",
        "Rancho el Coyote",
        "Rancho Grande",
        "Rancho Lajoya",
        "Reyna Farias St",
        "S 11th St",
        "S Coyote Ave",
        "S Kika de la Garza Blvd",
        "Sherwood Dr",
        "Showers Rd",
        "Squire Ln",
        "Tabasco Rd",
        "Tom Gill Rd",
        "Treasure Hills",
        "Trevino Farias",
        "US Hwy 83 Bus",
        "Vela Jackson Ave",
        "Villa Rama S",
        "Villa Rama N",
        "Villa Rama Cir",
        "W 9th 1/2 St",
        "W 7th St",
        "W 8th St",
        "W 9th St",
        "W Military Rd",
        "Wagon Trail Dr",
        "Walk the Plank",
        "Western View Rd",
        "Yolanda St",
        "Zamora St",
        "Bentsen-Rio Grande Valley State Park",
        "Mission",
        "Mission Inlet",
        "1st Blvd",
        "2nd Blvd",
        "3rd Blvd",
        "4th Blvd",
        "5th Blvd",
        "Abram Rd",
        "Adams St",
        "Agua Ln",
        "Alberto Trevino",
        "Bentsen Rio Grande Vall Sta Pk",
        "Blue Jay Dr",
        "Bunting Ln",
        "Cam Grande",
        "Cam Real",
        "Camino Real St",
        "Carioca Dr",
        "Casino Dr",
        "Circle Creek Dr",
        "Circle Lake Dr",
        "Circle Dr",
        "Comanche Dr",
        "Cooton Tail Trl",
        "Cottonwood Dr",
        "Crystal Dr",
        "Daniel Rd",
        "Debby Ln",
        "del Oro Dr",
        "Diane Dr",
        "Domingo Trevino Dr",
        "Falcon Dr",
        "Goodwin Rd",
        "Green Jay Dr",
        "Green Rd",
        "Greens Way",
        "Grove Ln",
        "Heron Way",
        "Humberto Garza Jr St",
        "Hummingbird Ln",
        "Industrial Blvd",
        "Inspiration Rd",
        "Jay Ave",
        "K St",
        "Kingfisher Ln",
        "Kiskadee Ln",
        "Lake Point Dr",
        "Lake Front Dr",
        "Lake View Dr",
        "Lark Dr",
        "Levy Rd",
        "Mallard Dr",
        "Mauve Dr",
        "Meadow Lark Dr",
        "Meadow View Dr",
        "Meadow Way Dr",
        "Mile 1 South Rd",
        "Military Rd W",
        "Mina de Oro St",
        "N Abram Rd",
        "Navaho St",
        "North St",
        "Nueces St",
        "Oasis Dr",
        "Obra Dorado",
        "Ojo",
        "Oriole Dr",
        "Osprey Ln",
        "Park Rd 43",
        "Paseo de la Tranquilidad St",
        "Paseo Encantado St",
        "Pelican Way",
        "Rancho del Rey",
        "Resplandor St",
        "River Bend Dr",
        "Royal Palm St",
        "S Bentsen Palm Dr",
        "S Inspiration Rd",
        "S Mile Rd",
        "S Moorefield Rd",
        "S Scott Ln",
        "Scenic Way",
        "Seagull Ln",
        "Shuerbach Rd",
        "Sno Bird Ln",
        "Sol Dorado",
        "Sparrow Ln",
        "St Park Boundary",
        "Sunflower Dr",
        "Sunny Haven Rd",
        "Sunny Haven",
        "Sunset Strip",
        "Tahoe Dr",
        "Templo Dorado St",
        "Thrasher Dr",
        "Turtle Dr",
        "W 1st St",
        "Watson Rd",
        "Wescan Ln",
        "Western St",
        "Wintex Rd",
        "Chimney Park",
        "El Granjeno Cemetery",
        "Bradburn",
        "Juan Davis",
        "La Lomita Chapel",
        "La Lomita Farm",
        "Spiderweb Railroad",
        "Granjeno",
        "McAllen",
        "Hackney Lake Inlet",
        "78503",
        "78557",
        "Acacia St",
        "Acapulco Ave",
        "Aloe Vera St",
        "Alynne Ln",
        "Antigua Dr",
        "Antijua Dr",
        "Anzaldua Dr",
        "Anzalduas Dam Rd",
        "Ash St",
        "Azteca Ave",
        "Balboa Ave",
        "Beatty St",
        "Ben Hogan",
        "Ben Hogan Ave",
        "Ben Hogan Dr",
        "Blankenship Pkwy",
        "Bogamilia St",
        "Bougainvilla Blvd",
        "Bryan Rd",
        "Cando Mungia",
        "Capri Ct",
        "Chimney Shades",
        "Chimney Rd",
        "Cimarron Dr",
        "Colosio Ln",
        "Concho Ct",
        "Conway",
        "Conway Rd",
        "Cortez Ave",
        "Covina Ave",
        "Dacia St",
        "Daytona Ave",
        "Diaz Ave",
        "Dicker Rd",
        "Durango Ave",
        "E Cuevas St",
        "E el Ranchito",
        "E Lopez St",
        "E Three Mile South Rd",
        "el Jardin Ct",
        "el Camino Real St",
        "el Jardin",
        "el Sendero Ct",
        "el Ranchito",
        "el Rancho",
        "Elmira Ave",
        "Estella Ct",
        "Florencia Ct",
        "FM 1016",
        "FM 396",
        "Formosa Ave",
        "Francisca Ave",
        "Frio St",
        "George McVay Dr",
        "Glasscock Rd",
        "Gloria Ave",
        "Granada",
        "Grand Canal Dr",
        "Helena Ave",
        "Hibiscus St",
        "Honduras Ave",
        "Howard Dr",
        "Ibiza Ct",
        "Idela Ave",
        "Jordan Rd",
        "Judith Ave",
        "Katrina Ave",
        "la Lomita St",
        "Las Plasitas",
        "Las Palmas St",
        "Lavista St",
        "Levee Rd",
        "Los Indios",
        "Lopez St",
        "Los Indios Pkwy",
        "Los Indios Pkwy N",
        "Los Indios Rd",
        "Los Milagros",
        "Lucille Ave",
        "Mayberry St",
        "Melba Ave",
        "Mouchet Run",
        "Neuhaus Dr",
        "Norma Ave",
        "Old Military Hwy",
        "Oleander St",
        "Olga Ave",
        "Palazzo Cir",
        "Parker Ln",
        "Paula Ave",
        "Pecos St",
        "Pena St",
        "Petvnia St",
        "Plantation Grove Blvd",
        "Poinsetta St",
        "Pollard Walk",
        "Queta Ave",
        "Raquel Ave",
        "Rec - Hall Rd",
        "Red River St",
        "Rio Grande Ct",
        "Rio Grande Ave",
        "Rio Joven",
        "Rio Grande Dr",
        "Rosalva Ave",
        "S 26th Ln",
        "S 26 1/2 St",
        "S 27th St",
        "S 28th St",
        "S 27th Ln",
        "S 23rd St",
        "S 26th St",
        "S 28th Ln",
        "S 29 1/2 St",
        "S 29th Ln",
        "S 29th St",
        "S 43rd Ln",
        "S 31st St",
        "S 30th St",
        "S 46th St",
        "S 45th St",
        "S 47th St",
        "S 42nd Ln",
        "S 33rd St",
        "S 43rd St",
        "S 41st St",
        "S 35th St",
        "S 30th Ln",
        "S 45th Ln",
        "S 39th St",
        "S 42nd St",
        "S 34th St",
        "S 30 1/2 St",
        "S 32nd St",
        "S 36th St",
        "S 40th St",
        "S 48th St",
        "S 49th Ln",
        "S 49th St",
        "S Bentsen Rd",
        "S Conway Ave",
        "S Conway Ln",
        "S Depot Rd",
        "S Glasscock Rd",
        "S International Pkiwy",
        "S International Pkwy",
        "S Mayberry St",
        "S Shary Rd",
        "S Stewart Rd",
        "S Taylor Rd",
        "S Ware Rd",
        "Sabine Ct",
        "Sabine St",
        "San Carlos",
        "San Andres",
        "San Angelo",
        "San Daniel",
        "San Andres Ct",
        "San Diego",
        "San Clemente Ct",
        "San Alejandro",
        "San Armando",
        "San Benito",
        "San Carlos Ct",
        "San Clemente",
        "San Fabian Ct",
        "San Efrain",
        "San Federico",
        "San Esteban",
        "San Esteban Ct",
        "San Jacinto St",
        "San Eduardo",
        "San Gerardo",
        "San Gabriel",
        "San Esteban St",
        "San Eugenio",
        "San Fabian St",
        "San Ricardo",
        "San Roman",
        "San Lucas",
        "San Reynaldo Ct",
        "San Rodrigo",
        "San Rafael",
        "San Lorenzo",
        "San Mateo Pkwy",
        "San Mateo Pkwy S",
        "San Mateo Rd",
        "San Miguel",
        "San Patricio",
        "San Sebastian",
        "San Saba St",
        "Santa Clara",
        "Santa Alejandra",
        "Santa Ana",
        "Santa Idalia",
        "Santa Paula",
        "Santa Maria",
        "Santa Marina",
        "Santa Susana",
        "Santa Monica",
        "Santa Lucia",
        "Santa Sofia",
        "Santa Rocio Ct",
        "Santa Lydia",
        "Santa Olivia",
        "Santa Veronica",
        "Santa Ines St",
        "Santa Iliana",
        "Santa Fagiola",
        "Santa Engracia",
        "Santa Erica",
        "Santa Esperanza",
        "Santa Fabiola",
        "Santa Fe",
        "Santa Helena",
        "Santa Inez",
        "Santa Laura",
        "Santa Lorena",
        "Santa Rita",
        "Santa Rocio",
        "Santa Teresa",
        "Sarah Ave",
        "Santo Tomas",
        "Solera Dr",
        "Sonora Ave",
        "State Hwy 115 Spr",
        "State Hwy 396",
        "Stewart Rd",
        "Tanya Ave",
        "Teresa Ave",
        "Thurman Forever",
        "Toronto Ave",
        "Tyler Ave",
        "Ursula Ave",
        "Uvalde Ave",
        "Vanessa Ave",
        "Vermont Ave",
        "Victoria Ave",
        "Viejo Ln",
        "W Augusta Ave",
        "W Military Hwy",
        "W Ursula Ave",
        "Wanda Ave",
        "Wichita Ave",
        "Woods St",
        "Worthington Ave",
        "Yuma Ave",
        "Hidalgo Post Office",
        "Former",
        "Hidalgo Irrigation Pump Plant",
        "Hidalgo-Reynosa Bridges",
        "Jackson Ranch Church",
        "Louisiana-Rio Grande Canal Company",
        "Hidalgo County Jail",
        "Old",
        "Hidalgo County Courthouse",
        "Old Hidalgo School",
        "Approximate Site of Mission San Joaquin",
        "Town of Hidalgo",
        "Eli Jackson Cemetery",
        "Elder B. Barton",
        "Vela Building",
        "Hidalgo City Cemetery",
        "Pharr",
        "Louisiana-Rio Grande Canal Company Irrigation System",
        "Carlson Lake",
        "78577",
        "78589",
        "15th St",
        "A St",
        "Azalea Ave",
        "Azalia",
        "Baldomero Rd",
        "Boganbilia Ave",
        "Branch Becker",
        "Brazil Ave",
        "Bridge St",
        "Bridge",
        "Bugambilia",
        "Bugambilia Ave",
        "Camelia",
        "Capote Central",
        "Capote Farm Rd",
        "Conchita Dr",
        "Dalia St",
        "Datil",
        "Dr Jose Dr",
        "E Acacia Ave",
        "E Azalea Ave",
        "E Boganbilia Ave",
        "E Bugambilia",
        "E Camelia Ave",
        "E Bugambilia Ave",
        "E Coma Ave",
        "E Coma",
        "E Dalia Ave",
        "E Flora Ave",
        "E Esperanza Ave",
        "E Fresno Ave",
        "E Gardenia Ave",
        "E Granjeno Ave",
        "E Hibiscus Ave",
        "E Highline Rd",
        "E Industrial Blvd",
        "E Ithica Ave",
        "E Pirate Dr",
        "E Saltillo St",
        "E Texano Dr",
        "E US Hwy 281",
        "Ebano",
        "el Mercado Dr",
        "Esperanza Ave",
        "Faulconer Rd",
        "Flora Ave",
        "Fresno Ave",
        "Gary St",
        "Golfo St",
        "Hackberry",
        "Hi Line Rd",
        "Horseshoe Ln",
        "International Blvd",
        "Judy Ave",
        "Juniper",
        "Keystone",
        "Lakeview Dr",
        "Lariat Ln",
        "Las Palmas Ave",
        "Las Villas",
        "Levee St",
        "Lupita Dr",
        "Matador",
        "Monterrey Ave",
        "Monterrey St",
        "N 10th St",
        "N 17th St",
        "N 18th St",
        "N 2nd St",
        "N 33rd St",
        "N 35th St",
        "N 4th St",
        "N Lake Dr",
        "Nani St",
        "Oak St",
        "Old Mil Rd",
        "Pate Ranch Rd",
        "Patsy Ave",
        "Pharr International Brg",
        "Pirate Dr",
        "Pso del Rio",
        "Rodeo Dr",
        "Russel Ct",
        "S 10th St",
        "S 1st",
        "S 15th St",
        "S 16th St",
        "S 18th St",
        "S 15th Loop",
        "S 17th St",
        "S 15th Cir",
        "S 15th 1/2 St",
        "S 19th St",
        "S 1st St",
        "S 20th St",
        "S 22nd St",
        "S 24 Th St",
        "S 21st St",
        "S 25 1/2 St",
        "S 25th St",
        "S 2nd St",
        "S 3rd St",
        "S 4th St",
        "S 6th St",
        "S 5th St",
        "S 8th St",
        "S 9th St",
        "S Austin Dr",
        "S Bridge St",
        "S Cage Blvd",
        "S Goliad Dr",
        "S Hibiscus Ave",
        "S Industrial Blvd",
        "S Jackson Rd",
        "S Lake Dr",
        "S McColl Rd",
        "S McColl St",
        "S Monterrey St",
        "S Seguin Dr",
        "S Veterans Blvd",
        "Sabinas St",
        "Saltillo",
        "Saltillo St",
        "Texano Rd",
        "Texano Dr",
        "Toro",
        "Torreon St",
        "Tropical",
        "Tulipan Ave",
        "US Hwy 281",
        "US Hwy 281 Spr",
        "Valle Alto St",
        "Victoria",
        "Victoria St",
        "W Austin Dr",
        "W Dalia Ave",
        "W Doffing Rd",
        "W Esperanza Ave",
        "W Highline Rd",
        "W Joe Pate Blvd",
        "W Lakeview Dr",
        "W Zaragosa Dr",
        "Wayne St",
        "Willow",
        "San Juan Plantation",
        "Santa Ana Land Grant",
        "Thomas Walter Jones",
        "San Juan",
        "78516",
        "78537",
        "Blue Goose Ln",
        "Doffing Rd",
        "High Line Rd",
        "Morningside Rd",
        "S Alamo Rd",
        "S Tower Rd",
        "San Juan Rd",
        "Unland Rd",
        "Unland St",
        "Donna Public Schools",
        "Run",
        "Handy Ranch",
        "Asadores Ranch",
        "Balli Cemetery",
        "78596",
        "Donna Rd",
        "E Military Hwy",
        "Levi",
        "N Valley View Rd",
        "S FM 493",
        "S Valley View Rd",
        "Valley View Rd",
        "Don Florencio Saenz Homestead",
        "Former Station Site of Spiderweb Railroad",
        "Progreso",
        "St. Joseph's Church",
        "Weslaco",
        "Progreso Lakes",
        "78570",
        "78579",
        "Alyssa St",
        "Beto Ave",
        "Calles St",
        "Cameron St",
        "China St",
        "Cll Santiago Galvan",
        "Danita Jo St",
        "Desiga Way",
        "Diaz St",
        "Dimas St",
        "Dunn St",
        "E Malone Dr",
        "E Palm Ave",
        "FM 1015",
        "Ford St",
        "Hernandez St",
        "Homer Ave",
        "Industrial Dr",
        "Juarez St",
        "Lindsey St",
        "Lion Lake Dr",
        "Lion Lake Dr N",
        "Lion Lake Dr S",
        "Lyons St",
        "Madero St",
        "Malone Dr",
        "Mark Ave",
        "Matamoros St",
        "Mile 2 W",
        "Mile 3 Rd W",
        "Mile 5 1/2 Rd W",
        "Mile 5 Rd W",
        "Mills St",
        "Moon Lake Dr S",
        "Moon Lake Dr N",
        "N Santa Maria Ave",
        "N Sky Soldier Rd",
        "Pomelo Rd",
        "Quinta Ave",
        "Ranchitos",
        "Rancho Toluca Rd",
        "Reynosa St",
        "Rio Rico St",
        "S Sky Soldier Rd",
        "Santiago Galvan Rd",
        "Shelby Ave",
        "Shirel St",
        "Spc Johnny Vela St",
        "Spr 1015",
        "Star St",
        "Tamaulipas Ave",
        "Tejas Ave",
        "Teran",
        "Toluca Sugar Dr",
        "Todd Ave",
        "Todd St",
        "Veronica St",
        "W Watts Ave",
        "Watts Ave",
        "Yasmin St",
        "Cameron",
        "Battle of La Bolsa",
        "El Horcon Tract and Rio Rico",
        "Relampago Ranch",
        "Military Highway of the Lower Rio Grande Valley",
        "Santa Maria Main Canal",
        "Mercedes Settling Basin",
        "78559",
        "78592",
        "Boyd Ave",
        "Co Rd 1595",
        "Co Rd 2556",
        "Domingo Dr",
        "Edwards St",
        "Guadalupe St",
        "Kern Ave",
        "Kitchen St",
        "la Siesta Cir N",
        "la Siesta Cir S",
        "Lee St",
        "Lovelace Ave",
        "Lovelace Blvd",
        "Mc Lain Ave",
        "McLain Ave",
        "Mile 1 E",
        "Mile 2 1/2",
        "Mile 2 E",
        "Mile 3 E",
        "Mile 3 N",
        "Old FM 281",
        "Old Rio Rico Rd",
        "Pfc Pedro Martinez Rd",
        "Railroad Ave",
        "Relambago Rd",
        "Rio Rico",
        "Rio Rico Rd",
        "Robertson Ave",
        "Robertson St",
        "Rosa Ave",
        "Rosa St",
        "S Main St",
        "Santa Maria Dr",
        "Santa Maria Rd",
        "Santa Maria Loop",
        "Tutt Ave",
        "Yoakum Rd",
        "Zimmerer Rd",
        "Our Lady of Visitation Catholic Church",
        "Rancho de Santa Maria",
        "The Spot Where \"American Blood was Shed on American Soil\"",
        "Near Routes of Alonso de Leon Expeditions",
        "Longoria Cemetery",
        "The Old Weaver Cemetery",
        "Adams Gardens Main Canal",
        "La Feria Main Canal",
        "La Gloria Main Canal",
        "Lewis Main Canal",
        "Cameron County District Number One Reservoir",
        "78586",
        "Benson Rd",
        "Blue Town Pump Station Rd",
        "Canal Rd",
        "Cannon Rd",
        "Co Rd 506",
        "Cobarrubias Rd",
        "el Rosal W",
        "el Rosal S",
        "el Rosal E",
        "el Rosal N",
        "Elias Cir E",
        "Iglesia Dr",
        "J E Gerusa Dr",
        "la Avenida Iglesia",
        "Lago Viejo Dr",
        "Longoria Dr",
        "Martin Dr",
        "Munoz Ave",
        "Munoz Dr",
        "River Dr",
        "S US Hwy 281",
        "Seledina St",
        "Weaver Rd",
        "Weber Rd",
        "Landrum House",
        "Las Rucias",
        "Harlingen",
        "Cameron Company WCID 2 Reservoir 1",
        "Cameron Company WCID 2 Reservoir 2",
        "78567",
        "4th Ave",
        "5th Ave",
        "6th Ave",
        "Alcala St",
        "Avilia",
        "Avilia Rd",
        "Barlow Rd",
        "Brown St",
        "Cantu Rd",
        "Carrisitos Trl",
        "Carta St",
        "Co Rd 408",
        "Co Rd 509",
        "Co Rd 815",
        "Co Rd 809",
        "Corta St",
        "Curran St",
        "del Rio Dr",
        "del Rio E",
        "del Rio W",
        "E 7th Ave",
        "Espinosa Rd",
        "Finsa St",
        "FM 509",
        "Fredo Gomez Rd",
        "Freddy Gomez Rd",
        "Freddie Gomez Rd",
        "Harvest St",
        "Heywood St",
        "Horacio Garcia Jr Memorial Dr",
        "J Padilla",
        "J Leal Rd",
        "J Padilla St",
        "Joaquin Cavazos Memorial Dr",
        "la Paloma Cutoff Rd",
        "Landrum Rd",
        "Las Cipres Blvd",
        "Las Cipres Blvd W",
        "Las Cipres",
        "Los Indios Bridge Rd",
        "Maldonado Rd",
        "Manuel Trevino Rd",
        "Montenegro Ests",
        "Ohio Station Rd",
        "Paso Real Hwy",
        "Rangerville Rd",
        "Rebecca Ln",
        "Rio Conchos Dr",
        "Robertson",
        "Robertson Rd",
        "S Canal Rd",
        "S Garcia St",
        "S Sam Houston Blvd",
        "S Trevino St",
        "Texas Ave",
        "Trevino Rd",
        "Virginia St",
        "W Seventh Ave",
        "Webber Rd",
        "Esparza Cemetery",
        "Zepeda Cemetery",
        "Brownsville",
        "78520",
        "Alamosa Dr",
        "C Luz Ave",
        "Campo Real Cir",
        "Campo Real Dr",
        "Cinco de Mayo Ave",
        "Cll Santa Linda",
        "Cll Rancho Grande S",
        "Cll Santa Ana",
        "Cll Paloma",
        "Cll Rancho Grande E",
        "Cll Rancho Grande W",
        "Cll San Andres",
        "Cll San Jeremias",
        "Cll San Jose",
        "Cll San Juan",
        "Cll San Judas",
        "Cll San Lucas",
        "Cll San Marcos",
        "Cll San Martin",
        "Cll San Mateo",
        "Cll San Miguel",
        "Cll San Pedro",
        "Co Rd 677",
        "Co Rd 695",
        "Co Rd 847",
        "Co Rd 990",
        "Colorado North St",
        "Domanski Dr",
        "E Luz Ave",
        "el Campo Rd",
        "el Ranchito Dr",
        "Encantada Loop",
        "Encantada Cir",
        "Estero St",
        "Euclid Ave",
        "Farmer Ave",
        "Federal St",
        "FM 1421",
        "FM 1577",
        "FM 1732",
        "Francisca St",
        "Gadza Rd",
        "Garza Rd",
        "Grande Vista Dr",
        "Great Escape",
        "Guagolota Rd",
        "Hernan Rodriguez Jr Rd",
        "I B C Rd",
        "Ibc Rd",
        "Island Estates St",
        "J Padillo St",
        "Katherine Dr",
        "la Granja Rd",
        "Leal Rd",
        "Leeve Easment",
        "Los Arboles Ave",
        "Los Ranchitos Rd",
        "Los Ranchos Dr",
        "Luisa St",
        "Lundy Dr",
        "Manuel Ave",
        "Market Pl",
        "Montalvo Dr",
        "Narcisco Nartinez Hwy",
        "Narcisco Martinez Hwy",
        "Narlisco Martinez Hwy",
        "Nicho Esparza Dr",
        "Olivia Ln",
        "Paso Fino Ln",
        "Paulita St",
        "Polo Arizmendi Cir",
        "Prospecy Ave",
        "Puerta de Cielo Ave",
        "Puerta del Cielo Ave",
        "Ranch Park Rd",
        "Rancho Grande S",
        "Rego Rd",
        "Resaca del Rancho Viejo",
        "Rice Tract Rd",
        "Rio Vista Dr",
        "San Bernadino Ct",
        "San Ysidro Ct",
        "Santos Gomez Dr",
        "Tortuga Trl",
        "W Luz Ave",
        "Wild Horse Trl",
        "Zapotec St",
        "Sabas Cavazos Cemetery",
        "Est\u00e9fana Goseascochea Cemetery",
        "Rancho Viejo",
        "Rancho Viejo Floodway",
        "78575",
        "A Longoria St",
        "Ara Dr",
        "Arkansas River Cir",
        "Beatrice Isabel Ln",
        "Blanca Aurora Ln",
        "Brazos River Cir",
        "Buena Vista St",
        "Canteros Dr",
        "Carmen Ave",
        "Cavazos-Oldmito Rd",
        "Cemetary Dr",
        "Cimarron St",
        "Co Rd 236",
        "Co Rd 60",
        "Colorado River Rd",
        "Dahlia Cir",
        "Divisadero Rd",
        "Gastin Dr",
        "Gila River Cir",
        "Grove Park Rd",
        "Halo Ave N",
        "Heavenly Gate",
        "Kansas River Dr",
        "Kansas River Rd",
        "Lago Rd",
        "Laguna Escondida",
        "Laguna Escondida Rd",
        "Laguna Seca Rd",
        "Mary Lee Ct",
        "Melva Ct",
        "Missouri River Dr",
        "Mississippi River",
        "Mississippi River Rd",
        "New Carmen Ave",
        "P202",
        "Pagosa St",
        "Pardo Ln",
        "Paseo del Rio Dr",
        "Patricia Sofia Ln",
        "Pelon Rd",
        "Raul Cavazos Rd",
        "Rio Bravo Rd",
        "Sabine River Dr",
        "Sacramento River Dr",
        "Salazar Rd",
        "San Gabriel River Dr",
        "Santander Dr",
        "Shenandoah River Dr",
        "Tapia Rd",
        "Valladolid Dr",
        "Vasquez Ranch Rd",
        "Villanueva St",
        "Wabash River Dr",
        "Yellow River Cir",
        "Yukon River Dr",
        "Los Fresnos Canal",
        "Alex Ln",
        "Altamira St",
        "Alton Gloor Blvd",
        "Avy Ln",
        "Basque Dr",
        "Capt Basler Ave",
        "Capri St",
        "Captain Basler Ave",
        "Cela Ave",
        "Center Dr",
        "Cll Terrestre St",
        "Cll Chachalaca",
        "Cll Cielo",
        "Cll Cometa",
        "Cll Cosmos",
        "Cll Espacio",
        "Cll Galaxia",
        "Cll Planeta",
        "Cll Pluton",
        "Co Rd 3248",
        "Coffee Port Rd",
        "Conquistador Dr",
        "Costa Brava Dr",
        "Costa del Sol Dr",
        "Cross St",
        "Dario Vasquez Sr Dr",
        "Deer Haven Ct",
        "del Mar Blvd",
        "del Sol St",
        "del Valle Blvd",
        "Delia Ln",
        "el Arca Dr",
        "el Camino St",
        "el Dorado St",
        "el Gusto St",
        "el Aire St",
        "el Arco St",
        "el Parque St",
        "el Fruto Ct",
        "el Agua",
        "el Arbol Dr",
        "el Arroyo St",
        "el Astro St",
        "el Brillo St",
        "el Cauce St",
        "el Cielo St",
        "el Encanto St",
        "el Granero St",
        "el Litro",
        "el Mar St",
        "el Metro",
        "el Paraiso Dr",
        "el Sol St",
        "el Puente St",
        "el Pinal St",
        "el Toro St",
        "el Portal St",
        "el Rio St",
        "Father Mestas Dr",
        "Florence Ln",
        "Fox Run",
        "Frankfurt St",
        "Garden St",
        "George Wilson St",
        "Grey Fox Cir",
        "Hamburg St",
        "Hunters Quest Cir",
        "Jo Ann Ln",
        "Katy Ln",
        "Kennedy Ave",
        "la Pesca St",
        "Laredo Dr",
        "Laredo Rd",
        "Las Nubes",
        "Las Brisas Blvd",
        "Los Pinos",
        "Malta St",
        "Maple St",
        "Midway Dr",
        "Miramar Ave",
        "Missouri River Rd",
        "Munich St",
        "Nell Palmer",
        "Niki Ln",
        "Normandy St",
        "North Dr",
        "Old Oak Trl",
        "Old Spanish Trl",
        "Oviedo Dr",
        "Paris St",
        "Park St",
        "Pompeii St",
        "Quail Hollow Dr",
        "Raquel Ct",
        "Red Fox St",
        "Ruben M Torres Sr Blvd",
        "Rusteberg",
        "Sage Valley Trl",
        "San Jacinto Dr",
        "San Felipe Dr",
        "Schaefer Ln",
        "Serenity Cir",
        "Silver Oak Dr",
        "Silverado Cir",
        "South Dr",
        "Sorrento Dr",
        "Torres Rd",
        "Torrez Rd",
        "Vienna St",
        "W Alton Gloor Blvd",
        "Water St",
        "Western Blvd",
        "Matamoros",
        "Cameron County Jail",
        "Celaya",
        "Augustine",
        "House",
        "Bagdad-Matamoros",
        "C.S.A.",
        "Barreda House",
        "Resaca de la Palma",
        "Battle of",
        "Browne-Wagner House",
        "Brownsville City Cemetery",
        "Cameron County Courthouse of 1883-1914",
        "Cameron County",
        "Church of the Advent",
        "Cisneros House",
        "Convent of the Incarnate Word and Blessed Sacrament",
        "Cueto Building (La Nueva Libertad)",
        "Federal Court Site",
        "First Presbyterian Church of Brownsville",
        "Fort Brown",
        "Buildings 85 and 86",
        "Fort Brown Cavalry Barracks",
        "Fort Brown Commissary/Guardhouse",
        "Fort Brown Reservation",
        "Grotto of Our Lady of Lourdes",
        "Hebrew Cemetery",
        "Stillman",
        "Charles",
        "Home of",
        "Immaculate Conception Cathedral",
        "Davis",
        "Jefferson - President C.S.A.",
        "Kowalski-Dennett Home",
        "La Madrilena",
        "Launching Site of First U.S. Army Warplane",
        "Manautou House",
        "Neale House",
        "Post Hospital",
        "Post Hospital Annex",
        "Public Market and Town Hall",
        "San Roman Building",
        "Grammar School",
        "Southern Pacific Depot",
        "Chisholm Trail",
        "Gem",
        "The",
        "Tijerina House",
        "Webb-Martinez House",
        "Yturria Bank",
        "Sacred Heart Catholic Church",
        "Alonso Complex",
        "Brownsville-Matamoros Ferries and River Boardwalk",
        "Russell-Cocke House",
        "1912 Cameron County Courthouse",
        "Hicks-Gregg House",
        "McNair House",
        "J.T. Canales",
        "Campo Santo Viejo",
        "Cavazos House",
        "Hicks-Lawrence House",
        "Pitt House",
        "Hinojosa House",
        "Kraigher House",
        "Porter Cottage",
        "Brulay House",
        "Juan H. Fernandez Store",
        "Rockwell House",
        "El Globo Nuevo",
        "78521",
        "14th St",
        "17th St",
        "Acacia Dr",
        "Acacia Lake Dr",
        "Aguila Dr",
        "Agua Dulce Dr",
        "Agua Clara Ct",
        "Alamo Ave",
        "Alameda Dr",
        "Alan A Dale St",
        "Alexandra Ct",
        "Aldridge Ave",
        "Alice Cir",
        "Allende St",
        "Altas Palmas Dr",
        "Ana Laura Ct",
        "Ancira Dr",
        "Andrea Ct",
        "Anita Ct",
        "Anthony Ct",
        "Apollo Cir",
        "Apollo Ave",
        "Arthur St",
        "Augusta Rd",
        "Austin Rd",
        "Ave A",
        "Avalon Dr",
        "Ave B",
        "Ave del Palacio",
        "Ave del Oro",
        "Ave de la Plata",
        "Ave Imperial",
        "Azucena Ave",
        "Bahia Cir",
        "Barness St",
        "Barnard Rd",
        "Bates St",
        "Beaumont Rd",
        "Belinda Cir",
        "Belthair St",
        "Belvedere Dr",
        "Benden Cir",
        "Bermuda Ln",
        "Bertha St",
        "Bess Ct",
        "Betty Ct",
        "Billings Rd",
        "Billy Mitchell Blvd",
        "Blanche St",
        "Blue Sky Dr",
        "Bobbys Ln",
        "Boca Chica Blvd",
        "Bon Aire Ln",
        "Border St",
        "Bouganvillia Dr",
        "Bowie Dr",
        "Bowie Rd",
        "Briar Ct",
        "Broadmoor Rd",
        "Brookshire Dr",
        "Brownfield Rd",
        "Browne St",
        "Burton Dr",
        "Burnett Rd",
        "Business Dr",
        "C St",
        "Calder Ln",
        "Cam Nikel",
        "Cam Bronce",
        "Cam Cobre",
        "Calvin St",
        "Camellia Dr",
        "Camwood Pl",
        "Carlton Dr",
        "Carnesi Dr",
        "Carolina St",
        "Carrizo Ln",
        "Carthage Ct",
        "Casa Blanca Dr",
        "Casa de Amigos",
        "Catherine Ln",
        "Cedar St",
        "Cement St",
        "Central Cir",
        "Central Blvd",
        "Central Park Dr",
        "Chaparral St",
        "Cheers St",
        "Christian",
        "Clavel St",
        "Cleveland St",
        "Cll Fresnal",
        "Cll la Mansion",
        "Cll Princesa",
        "Cll Monarca",
        "Cll Roble",
        "Cll Chiquita",
        "Cll Condesa",
        "Cll Real",
        "Cll Reyna",
        "Cll Anacua",
        "Clover Dr",
        "Cll Amistosa",
        "Cll Cenizo",
        "Cll Duquesa",
        "Cll Jacaranda",
        "Cll Milpa Verde",
        "Cll Retama",
        "Cobblestone Cir",
        "Coconut Grove",
        "Collis Ct",
        "Colonial Dr",
        "Columbus Dr",
        "Coma St",
        "Commerce Dr",
        "Coolidge St",
        "Coral Ct",
        "Cordoba Dr",
        "Corine Cir",
        "Cottage Dr",
        "Court St",
        "Coveway St",
        "Courage St",
        "Cowan Ter E",
        "Cowan Ter W",
        "Creekbend Dr",
        "Crestview Dr",
        "Crockett Ave",
        "Crownridge Dr",
        "Cuatro Milas St",
        "Cummings Pl",
        "Cynthia Ct",
        "Cypress Dr",
        "Daisy Dr",
        "D St",
        "Dale Ct",
        "Dan St",
        "Dana St",
        "Dawley Ave",
        "Dee Ann Ct",
        "del Mar Ct",
        "Dei Gratia Dr",
        "del Prado Dr",
        "Delta Ct",
        "Delta Dr",
        "Deo Volente Dr",
        "Deo Juvante Dr",
        "Diamante Dr",
        "Dew St",
        "Diego Ln",
        "Donnie Dr",
        "Drake Ln",
        "Druscilla Cir",
        "Dunlap St",
        "Dukie Dr",
        "Duranta Ln",
        "E 10th St",
        "E 11th St",
        "E 12th St",
        "E 15th St",
        "E 14th St",
        "E 16th St",
        "E 20th St",
        "E 22nd St",
        "E 19th St",
        "E 17th St",
        "E 18th St",
        "E 21st St",
        "E 23rd St",
        "E 27th St",
        "E 24th St",
        "E 25th St",
        "E 30th St",
        "E 29th St",
        "E 28th St",
        "E 26th St",
        "E 31st St",
        "E 32nd St",
        "E 5th St",
        "E 6th St",
        "E 7th St",
        "E 8th St",
        "E Adams St",
        "E Broadway",
        "E Broadway St",
        "E Cernan Ct",
        "E Elizabeth St",
        "E Filmore St",
        "E Fronton St",
        "E Harrison St",
        "E Hawthorne St",
        "E Jackson St",
        "E Jefferson St",
        "E Levee St",
        "E Los Ebanos Blvd",
        "E Lovell Ct",
        "E Madison St",
        "E Monroe St",
        "E Park Dr",
        "E Polk St",
        "E Price Rd",
        "E Ringgold St",
        "E Saint Charles St",
        "E Saint Francis St",
        "E St",
        "E Taylor St",
        "E Tyler St",
        "E Van Buren St",
        "E Washington St",
        "Eagle Dr",
        "East Ave",
        "East Dr",
        "Eastern Blvd",
        "Eastwood Dr",
        "Ebony Ave",
        "el Matador Dr",
        "el Paso Rd",
        "Elca Ln",
        "Elda Ct",
        "el Retiro Cir",
        "Elda Dr",
        "Eliott Cir",
        "Eleanor Ct",
        "Elena St",
        "Elm St",
        "Elston Dr",
        "Elyt Dr",
        "Elma St",
        "Eloy St",
        "Elsa Ave",
        "Emerald Ln",
        "Ems Dr",
        "English St",
        "Epi St",
        "Erika Cir",
        "Estero Dr",
        "Esperanza Ln",
        "Esperanza Rd",
        "Evelina St",
        "Evergreen Ln",
        "F St",
        "Fairfax St",
        "Fairwind Dr",
        "Fannin Ave",
        "Father Ballard Dr",
        "Fay St",
        "Fern Dr",
        "Fiesta Dr",
        "Fir St",
        "Fjrm Ave",
        "Flamingo Dr",
        "Fleetwood Ave",
        "Fonsi Dr",
        "Franklin Dr",
        "Franke Ave",
        "Franklin St",
        "French St",
        "Fruitdale Ter",
        "Frontier Ln",
        "Fruit Dale St",
        "Fruitdale Dr",
        "Galonsky St",
        "Garcia Ln",
        "Garfield St",
        "Gazelle Ave",
        "German St",
        "Glenbrook Dr",
        "Glenn Ct",
        "Gloria St",
        "Golden Ln",
        "Golfo Cir",
        "Goodwin St",
        "Gorgas Dr",
        "Granada Dr",
        "Granjeno Ave",
        "Granjeno St",
        "Grant St",
        "Grapefruit St",
        "Greenfield Dr",
        "Greenbriar Ave",
        "Greenway Dr",
        "Guerrero St",
        "Hackberry Ct",
        "Hackberry Ln",
        "Haggar Dr",
        "Harding St",
        "Harvard Ave",
        "Harwell Dr",
        "Hauff Ln",
        "Hayes St",
        "Heather Ln",
        "Henrietta Ln",
        "Hibiscus Ct",
        "Higgins Dr",
        "Highland Dr",
        "Highland Ter",
        "Hillcrest Dr",
        "Hipp Ave",
        "Holiday Ln",
        "Holly Ln",
        "Honey Dr",
        "Honeydale Rd",
        "Horizon Ln",
        "Hortencia Blvd",
        "Hugo Dr",
        "I- 69E",
        "Impala Ct",
        "Impala Dr",
        "Iturbide St",
        "Jagou Rd",
        "Jagua Rd",
        "Jaguar St",
        "Jade Dr",
        "Jane Ave",
        "Jason Dr",
        "Jasmine St",
        "Jenkins Ave",
        "Jennifer Ave",
        "Jenny Cir",
        "Jessica St",
        "Joey Ct",
        "John Ave",
        "Johnson Dr",
        "Johns Ave",
        "Jovan Cir",
        "Junco St",
        "Keith Ln",
        "Kevin Dr",
        "Kings Hwy",
        "la Granja Dr",
        "la Quinta Dr",
        "la Posada Cir",
        "la Plaza Dr",
        "la Posada Dr",
        "la Silla Dr",
        "la Villita St",
        "Laguna Dr",
        "Lakeshore Dr",
        "Lakeside Blvd",
        "Lakeview Ln",
        "Lancer Lake Dr",
        "Land O Lakes Dr",
        "Lantana Ln",
        "Las Mananitas St",
        "Las Mitras Ln",
        "Las Casas St",
        "Las Palmas Cir",
        "Laura Ln",
        "Lawndale Ln",
        "Lazy Acres Rd",
        "Leece Dr",
        "Lee Dr",
        "Leisure Ln",
        "Lerdo St",
        "Leopard St",
        "Lemon St",
        "Les Mauldin Rd",
        "Levee",
        "Lewis St",
        "Lilac Ct",
        "Lima St",
        "Lincoln St",
        "Linda Ln",
        "Linda Vista Dr",
        "Lindale Ct",
        "Lindsey Ln",
        "Lindale Dr",
        "Llama St",
        "Lizka Ln",
        "Loma Alta St",
        "Los Altos Dr",
        "Los Ebanos Blvd",
        "Lynn Dr",
        "Ma Elena St",
        "Magnetek St",
        "Magali Cir",
        "Magnetek Dr",
        "Maguey",
        "Magnolia Ct",
        "Mamie Dr",
        "Manzano St",
        "Marcia St",
        "Margarita St",
        "Marine Dr",
        "Market Square St",
        "Marsella Blvd",
        "Marquette Ave",
        "Marvis Dr",
        "Mason Ave",
        "May St",
        "Mayfield St",
        "McDavitt Blvd",
        "McKenzie Rd",
        "McKinley St",
        "McKintosh St",
        "McLelland Blvd",
        "Meadow Ln",
        "Mebec Ct",
        "Medical St",
        "Mesquital Ave",
        "Mesquite Grove",
        "Mexico Blvd",
        "Milam Ave",
        "Mildred St",
        "Mirada",
        "Miraflores St",
        "Miramar Dr",
        "Monaco Dr",
        "Monclova Dr",
        "Monsees Rd",
        "Monterrey Dr",
        "Morelos St",
        "Morton St",
        "Mulberry Ln",
        "N Cam del Rey",
        "N Central Ave",
        "N Clubhouse Rd",
        "N Coria St",
        "N Frontage Rd",
        "N Park Dr",
        "Nasa Dr",
        "Naranjo St",
        "Neal Dr",
        "Neale Dr",
        "New Mexico Way",
        "Nicholas Ct",
        "Norma Ln",
        "Nopal St",
        "Oceano Cir",
        "Old Alice Rd",
        "Old Nogales Rd",
        "Old Port Isabel Rd",
        "Oliva Cir",
        "Oliveira Park Rd",
        "Olmito St",
        "Orange St",
        "Orangewood Dr",
        "Otila Dr",
        "Owens Rd",
        "Palacio Real Cir",
        "Padre Island Blvd",
        "Palacio Real Dr",
        "Palm Village",
        "Palmas Verdes Ct",
        "Palmetto Ct",
        "Palm Haven Dr",
        "Palm Blvd",
        "Palma Blanca Dr",
        "Palma Caribe Dr",
        "Palmera Dr",
        "Palo Alto Dr",
        "Palomar St",
        "Paredes Ave",
        "Paredes Line Rd",
        "Parkland Dr",
        "Parkwood Pl",
        "Parral Ct",
        "Parral Ave",
        "Pearl Dr",
        "Pecan St",
        "Peninsula Ln",
        "Pierce St",
        "Pine Hearst Dr",
        "Pine Ln",
        "Pipkin Dr",
        "Poinsettia Pl",
        "Poplar Dr",
        "Poplar Cv",
        "Porter Dr",
        "Portway St",
        "Power Plant Dr",
        "Price Rd",
        "Professional Dr",
        "Pub Dr",
        "Purdue St",
        "Queta St",
        "Rainbow Dr",
        "Ramada Dr",
        "Ramirez St",
        "Ramireno Ln",
        "Ramirez Ln",
        "Ray Ave",
        "Reba St",
        "Redwood Dr",
        "Regal Row",
        "Reina Esther Dr",
        "Retama St",
        "Rentfro Blvd",
        "Resaca Blvd",
        "Resaca Dr",
        "Resaca Ln",
        "Resaca Village",
        "Rey Juan Carlos St",
        "Rey Jorge St",
        "Rey Salomon St",
        "Rey Jaime St",
        "Ridgely Rd",
        "Ridgemott Ct",
        "Ridgewood St",
        "Ripple Creek Cir",
        "Rio Vista Ave",
        "Ringgold St",
        "Ringgold Rd",
        "River Levee",
        "River Levee Rd",
        "Riverside Blvd",
        "Roberto Vargas Dr",
        "Robindale Rd",
        "Robinhood Dr",
        "Robins Ln",
        "Rockwell Cir",
        "Rockwell Dr",
        "Rose Ct",
        "Roosevelt St",
        "Rosalee Ave",
        "Rosedal Dr",
        "Rosemond Ct",
        "Roslyn Ct",
        "Rosita St",
        "Royal Ct",
        "Ruiz St",
        "Russell Ave",
        "Russell Dr",
        "S Cam del Rey",
        "S Central Ave",
        "S Clubhouse Rd",
        "S Coria St",
        "S Frontage Rd",
        "S Isla de Palmas",
        "S Military Rd",
        "S Old Alice Rd",
        "S Price Rd",
        "Sahara Dr",
        "Saint John Dr",
        "Saint James Dr",
        "Saint Thomas Dr",
        "Sam Perl Blvd",
        "San Antonio Rd",
        "San Cristobal St",
        "San Jose Ln",
        "San Eugenio St",
        "San Joaquin St",
        "San Rafael St",
        "San Pablo Ln",
        "San Manuel Ln",
        "San Lorenzo St",
        "San Pedro Ln",
        "Sandia St",
        "Santa Fe St",
        "Santa Elena St",
        "Santa Cruz Ct",
        "Santa Isabel St",
        "Sasha Cir",
        "Santiago Ln",
        "Scott St",
        "Security Dr",
        "Sequoia Dr",
        "Sevilla Dr",
        "Shary Ave",
        "Shelly Ct",
        "Shepard Cts",
        "Shidler Dr",
        "Short St",
        "Shoreline Dr",
        "Sierra Madre Dr",
        "Siesta Dr",
        "Simpson St",
        "Sir Richard Dr",
        "Skyview Dr",
        "Skyline Ln",
        "Sloss Dr",
        "Solid Dr",
        "Sonny Dr",
        "Southern Dr",
        "Southern St",
        "Southmost Rd",
        "St Joseph Dr",
        "Staples Cir",
        "Stanford Ave",
        "Stanolind Ave",
        "Starcrest Dr",
        "Staunton St",
        "Stillwell Bend Rd",
        "Stovall Rd",
        "Summit Ct",
        "Sunburst Ln",
        "Sundown Dr",
        "Sunrise Blvd",
        "Sunrise Ln",
        "Sunnyside Ln",
        "Sunset Dr",
        "SW 5th St",
        "Taft St",
        "Sylvia Ln",
        "Tan Oak Cir",
        "Tangelo St",
        "Tanglewood Dr",
        "Taylor Ave",
        "Taxco Dr",
        "Terrace Dr",
        "Thomas St",
        "Thornhill Trl",
        "Timber Dr",
        "Tito Ct",
        "Tony Gonzalez",
        "Toya Ln",
        "Tropical Rd",
        "Tropical Dr",
        "Truman Dr",
        "Tulane Ave",
        "Tulipan St",
        "Turqueza Dr",
        "Tyler St",
        "University Blvd",
        "Valor St",
        "Vera Ave",
        "Velma St",
        "Veterans Blvd",
        "Victoria Dr",
        "Villa Angeles St",
        "Villa Bonita St",
        "Villa Real Ct",
        "Villa Vista Dr",
        "Victory Ave",
        "Villa de Puente",
        "Villa Madrid Ave",
        "Villa Maria Blvd",
        "Villa Verde Dr",
        "Villanova Ave",
        "Village Dr",
        "Vista Ct",
        "Vivian Dr",
        "W 11th St",
        "W 12th St",
        "W 13th St",
        "W 14th St",
        "W 15th St",
        "W 16th St",
        "W 17th St",
        "W 18th St",
        "W 19th St",
        "W 20th St",
        "W Aldrin Ct",
        "W Adams St",
        "W Armstrong Ct",
        "W Broadway St",
        "W Cernan Ct",
        "W Ebony Ave",
        "W Elizabeth St",
        "W Fronton Rear St",
        "W Fronton St",
        "W Hawthorne St",
        "W Jackson St",
        "W Jefferson St",
        "W Levee St",
        "W Lovell Ct",
        "W Los Ebanos Blvd",
        "W Madison St",
        "W Monroe St",
        "W Park Dr",
        "W Price Rd",
        "W Ringold St",
        "W Saint Charles St",
        "W Saint Francis St",
        "W Van Buren St",
        "W Washington St",
        "Waco Rd",
        "Wales Dr",
        "Walnut Cv",
        "Warren Ave",
        "Waterside Dr",
        "Westchester Cir",
        "Westlawn Park",
        "Westminster Rd",
        "White Oak Ln",
        "Willow Ct",
        "Willow Dr",
        "Willow Ln",
        "Wilson Dr",
        "Wilson St",
        "Windcrest Dr",
        "Wood Ave",
        "Woodhaven Dr",
        "Woodruff Ave",
        "Woodway Dr",
        "Yale Ave",
        "York Dr",
        "Yoli Ln",
        "Young Dr",
        "Zaragoza St",
        "Zinnia St",
        "Rabb Plantation",
        "Frank Rabb",
        "Ala Blanca",
        "Ala Blanca Dr",
        "Bismark Blvd",
        "Co Rd 118",
        "Colorado Rd",
        "Coronado Rd",
        "Date Dr",
        "del Rio Rd",
        "Fargo Ave",
        "George Saenz Ln",
        "George Seanz Ln",
        "Indiana Ave",
        "Kansas Cir",
        "Kansas Rd",
        "Los Arboles Dr",
        "Los Arboles",
        "Los Lobos",
        "Los Tres Amigos Cir",
        "Lynx Dr",
        "Maverick",
        "Maverick Rd",
        "Minot Ave",
        "Mitchell Ave",
        "Monte Alta",
        "Monte Bonito Dr",
        "Monte Bello Cir",
        "Palm Grove Dr",
        "Palma de Micharos Dr",
        "Paloma Blanca Dr",
        "Panther Dr",
        "Pierre Ave",
        "Rene Ave",
        "Ricky Dr",
        "Ruiz Ln",
        "S Indiana Ave",
        "S Texas Palm Cir",
        "Sabal Palm Cir",
        "Sabal Palm Grove Rd",
        "Sicamoro",
        "Sioux Falls",
        "South Dakota Ave",
        "Texas Palm Cir",
        "Tiger Dr",
        "Villa Pancho Dr",
        "Alabama Ave",
        "Alaska Rd",
        "Arkansas Ave",
        "Co Rd 122",
        "Dockberry Rd",
        "Gruta St",
        "Illinois Ave",
        "Maine St",
        "Rincon St",
        "S Browne Ave",
        "S Oklahoma Ave",
        "Shara Dr",
        "Solis Rd",
        "Southpoint",
        "Sunny Skies Dr",
        "Valle Hermoso Dr",
        "Valle Escondido Cir",
        "78526",
        "Arboleda",
        "Bob White",
        "California Rd",
        "Ceresa Ln",
        "Co Rd 142",
        "Dock 11 Rd",
        "Dock 13 Rd",
        "Florida Rd",
        "Frambuesa",
        "Fresa Ln",
        "Gavito Ranch Rd",
        "Haven Way",
        "Havenway Rd",
        "Hill Cir",
        "Hockaday St",
        "Hummingbird",
        "Kiwi Ln",
        "Little Grove St",
        "Marrs Ave",
        "Meadowlark",
        "Mockingbird",
        "N Browne Ave",
        "N Houston Rd",
        "N Oklahoma Ave",
        "Naranjal Dr",
        "Nectarin Ln",
        "Platano Ln",
        "R L Ostos Rd",
        "Saldivar Rd",
        "Scissor Tail",
        "Tamarindo Ln",
        "Toronja",
        "White Wing Cir",
        "Yolanda Rd",
        "Yolanda Rio Rd",
        "Battle of Palmito Ranch",
        "Camp Belknap",
        "Last Battle of the Civil War",
        "Co Rd 199",
        "Kingston Ave",
        "Massey Way",
        "Palmito Hill Rd",
        "Quicksilver Ave",
        "State Hwy 4",
        "Sunrise St",
        "Annette St",
        "Egido",
        "Eichorn Blvd",
        "Esperson St",
        "Joanna St",
        "L B J Blvd",
        "L B J St",
        "Remedios Ave",
        "Richardson Ave",
        "Richardson",
        "San Martin Blvd",
        "Tarpon Haven Dr",
        "Tarpon Bend Dr",
        "Tarpon Haven",
        "Weens Rd",
        "Weems St",
        "Atlantic Coastal Plain",
        "Presa Marte R. Gomez",
        "Reynosa",
        "Palmetto Pilings",
        "Port Isabel",
        "San Martin Lake",
        "78578",
        "Brownsville-Port Isabel Hwy",
        "United States of America",
        "Mexico",
        "First Chapel in Roma",
        "Guerra",
        "Manuel",
        "Store",
        "Memorial Hospital",
        "Garcia Home",
        "Our Lady of Refuge Catholic Church",
        "Ramirez Hall",
        "Roma City Hall",
        "Roma Convent Building",
        "Cox",
        "Noah",
        "Knights of Columbus Hall",
        "Commercial Center",
        "Early",
        "Heinrich Portscheller",
        "Roma",
        "Escobares",
        "Arroyo Garce\u00f1o",
        "78584",
        "A-E Ballroom Ln",
        "Adam St",
        "Aguedo Bazan Rd",
        "Alberto St",
        "Alaniz Dr",
        "Alcabuz St",
        "Alfredo Villa Regal Loop",
        "Alfredo Serna Ct",
        "Allende Ave",
        "Alpha St",
        "Anacua Ave",
        "Amy St",
        "Anacua Cir",
        "Andalusia Dr",
        "Angela Ave",
        "Athens St",
        "Aurora Ln",
        "Azalea St",
        "Azucena St",
        "Baldemar Ave",
        "Baptist Ave",
        "Barron St",
        "Barrera St",
        "Bazan Rd",
        "Bazan Ln",
        "Bethel St",
        "Bravo Ave",
        "Bravo Blvd",
        "Bronco St",
        "Cactus Ave",
        "Camelot St",
        "Canales Cir",
        "Campos St",
        "Cantaro St",
        "Cantu St",
        "Capul Dr",
        "Center St",
        "Cerralvo Ave",
        "Cindy's Ave",
        "Clarkes Ave",
        "Comal St",
        "Convent Ave",
        "Cottonwood St",
        "Cox St",
        "Daisy St",
        "David Ave",
        "Deer Run Ave",
        "Dove Ln",
        "Dr Mario E Ramirez Ave",
        "E Agualeguas St",
        "E Allende Ave",
        "E Anacua Ave",
        "E B Cir",
        "E Bravo Ave",
        "E Convent Ave",
        "E Eva Cir",
        "E Fifth St",
        "E Garfield Ave",
        "E Gonzalez Ave",
        "E Grant St",
        "E Jefferson Ave",
        "E la Fragua Ave",
        "E Lincoln Ave",
        "E Matamoros Ave",
        "E Victoria St",
        "E Washington Ave",
        "E Zaragoza Ave",
        "Eagle Ave",
        "Efren Ramirez Ave",
        "Elaine St",
        "el Rincon Rd",
        "Eliberto St",
        "Eli St",
        "Elias Ave",
        "Escobares Loop",
        "Escandon Ave",
        "Esperanza",
        "Estrada St",
        "Eusebio Ave",
        "Evita Rd",
        "F Ave",
        "Falcon Ave",
        "Felipe Aly",
        "Federico St",
        "Fifth St",
        "Flavio St",
        "Florentino St",
        "Florez Rd",
        "Francisco Sosa Ave",
        "Francesca Ave",
        "Franklin",
        "Franklin Ave",
        "Fryareia",
        "G Ave",
        "Gabriel Munoz Ave",
        "Garceno Loop",
        "Garfield Ave",
        "Geranium St",
        "Gilberto Garza Ave",
        "Gilberto St",
        "Glenda St",
        "Godorniz St",
        "Gonzalez Bros Rd",
        "Gonzalez St",
        "Guerra Ave",
        "Guerras Ave",
        "H Ave",
        "Hackberry St",
        "Harrison Ave",
        "Hayden St",
        "Hibiscus Rd",
        "Higinid Cir",
        "Hortencia St",
        "Humberto St",
        "Hummingbird St",
        "Hwy 83",
        "I Ave",
        "Iliana St",
        "Ivy St",
        "J Alfredo Serna Cir",
        "J de Los Santos Rd",
        "J M Escobar St",
        "Jardin St",
        "Jefferson Ave",
        "Jc Rami Rez Ave",
        "Jazmine St",
        "Jesus Sanchez Ave",
        "Joe Ave",
        "Josefa Pena St",
        "Jose St",
        "Juan Naranjo Rd",
        "Juan Villarreal Loop",
        "Juarez Ave",
        "Kathy Ln",
        "la Coma Cir",
        "la Colina Cir",
        "la Fragua Aly",
        "la Fragua Ave",
        "la Fralua Aly",
        "Laurel Ave",
        "Lee Ct",
        "Lee Ave",
        "Leticia St",
        "Lilac St",
        "Lincoln Ave",
        "Loma St",
        "Lopez Rd",
        "Luciano Rd",
        "Lucidio Garza Ln",
        "Luciano St",
        "Lucianos Ave",
        "Ma del C Naranjo St",
        "Madrigal St",
        "Main",
        "Manuel Perez St",
        "Mariachi Ln",
        "Mariana Ln",
        "Mark St",
        "Martinez St",
        "Matamoros Ave",
        "Matt St",
        "Mazatlan St",
        "Meadow Ave",
        "Mendez Ave",
        "Midway Ave",
        "Mockingbird St",
        "Molly St",
        "Moreno Ave",
        "Moreno St",
        "Morelos Ave",
        "Mulberry Cir",
        "Munoz Sub Aly",
        "Mustang St",
        "N Ash Ave",
        "N Athens St",
        "N Bobwhite Ave",
        "N Bethel St",
        "N Canales Cir",
        "N Center St",
        "N East Ave",
        "N Eagle Ave",
        "N Escobares Loop",
        "N Efren Ramirez Ave",
        "N Escobar Rd",
        "N Estrella St",
        "N FM 649",
        "N Francesca Ave",
        "N Garcia St",
        "N Gladiator Blvd",
        "N Grant St",
        "N Graciela St",
        "N Madrigal St",
        "N Ozaka St",
        "N Pita St",
        "N Portscheller St",
        "N Raucon St",
        "N Rancho Nuevo Ave",
        "N Robert E Lee Ave",
        "N Sosa St",
        "N Utica St",
        "N Water St",
        "N Willow Ave",
        "Neyo Ct",
        "Nix Ave",
        "Northgate Rd",
        "Oak Cir",
        "Oak Ave",
        "Oaxaca St",
        "Obregon Ave",
        "Old Escobares Hwy 83",
        "Old Hwy 83",
        "Olvera St",
        "Olvera Ave",
        "Ozaka St",
        "Pachuca St",
        "P F C Jose A Moreno St",
        "Palo Blanco Ave",
        "Pancho St",
        "Pedro Munoz Ave",
        "Penny St",
        "Penn St",
        "Pena Rd",
        "Pera Ln",
        "Peter Ave",
        "Peter St",
        "Pine St",
        "Pio Ave",
        "Ponciana St",
        "Portscheller St",
        "Portaza Ave",
        "Portaleza Ave",
        "Rachel St",
        "Ramirez Rd",
        "Ranchito St",
        "Raul Ave",
        "Rau-Con St",
        "Rene St",
        "Retonda",
        "Rev Richard T Peel St",
        "Ridge Rd",
        "Rincon Rd",
        "Rios St",
        "Rios Cove St",
        "Rita Ln",
        "Roberto St",
        "Roel Dr",
        "Ronnie St",
        "Rosa's Loop",
        "Rosa's Dr",
        "Rosales Dr",
        "Rosalez Ave",
        "Roxxana",
        "Ruben St",
        "S Ave",
        "S Ash Ave",
        "S Barrera Ave",
        "S Eagle Ave",
        "S Efren Ramirez Ave",
        "S Federico St",
        "S Oak Ave",
        "S Rancho Nuevo Ave",
        "S San Julian Rd",
        "Sacred Heart Dr",
        "Saenz Ct",
        "Saenz Ave",
        "Sage St",
        "Saint Eugene de Mazedon Ave",
        "Salinas Rd",
        "San Juan Ave",
        "San Julian Rd",
        "San Juan Dr",
        "Sebastian St",
        "Serafin St",
        "Seventh St",
        "Solimar Ave",
        "Sosa St",
        "Soring Dove St",
        "Southgate Rd",
        "Spur St",
        "St Eugene de Mazedon Ave",
        "Tacubaya",
        "Sylvia Ave",
        "Tin Cir",
        "Triangle Ave N",
        "Tulip Ln",
        "Turtle Dove",
        "Unkown",
        "Vera Ln",
        "Victor Rd",
        "Viola St",
        "Violet Ave",
        "W Allende Ave",
        "W Escobar St",
        "W Garfield Ave",
        "W Gonzalez Ave",
        "W la Fragua Ave",
        "W Main St",
        "W Matamoros Ave",
        "W Washington Ave",
        "Washington Ave",
        "Wenceslado Ct",
        "Whitewing St",
        "Willow Ave",
        "Yvonne Cir",
        "Zaragoza Ave",
        "Acacia Ave",
        "Albeza Ct",
        "Albeza Ave",
        "Alegria Cir",
        "Alps Dr",
        "Alvarez Ave",
        "Alvarez Rd",
        "Amigo St",
        "Anaqua Dr",
        "Anaqua St",
        "Apache Dr",
        "Arredondo Rd",
        "Asuncion Ct",
        "Barreta Ave",
        "Bellas Ln",
        "Bennys Ln",
        "Bermudez Ln",
        "Blackfoot Trl",
        "Blue Mountain Dr",
        "Boone Lagrange Ln",
        "Bowie St",
        "Brasos St",
        "Cenizo Cir",
        "Central Palm Dr",
        "Chapote Dr",
        "Chapote St",
        "Chema's Rd",
        "Chuparosa St",
        "Cll Rosa",
        "Comanche Ln",
        "Conrado Trevino Ln",
        "Conquistador Rd",
        "Conrado Trevino Rd",
        "Corrales Rd",
        "Country Ln",
        "Crista Ln",
        "Crocket St",
        "Dakota Dr",
        "Date Palm Dr",
        "Diamantina's Ln",
        "Ebony Cir",
        "el Mirador Rd",
        "el Siete Ln",
        "el Viejon Ln",
        "Encino Rd",
        "Flor del Rio St",
        "FM 3167",
        "Frank Ln",
        "Fresno Cir",
        "Garden Ave",
        "Garay Ln",
        "Garza Salinas Ln",
        "Guerra Garza Rd",
        "Haunschild Rd",
        "Hernandez Rd",
        "Hilltop Store Ln",
        "Hilltop St Ln",
        "Hilltop St",
        "Hope St",
        "Hospital Ct",
        "J M Alvarez St",
        "Jesus Martin",
        "Junior Ln",
        "King Rd",
        "la Mesa St",
        "la Rosita Dr",
        "la Prieta Rd",
        "la Posta St",
        "la Posta Ln",
        "la Posta Rd",
        "Leos Dr",
        "Leo Rd",
        "Los Gonzalitos Rd",
        "Lopez Ave",
        "Los Altos Ln",
        "Los Barreras Ave",
        "Los Frontones St",
        "Los Nanos Ln",
        "Los Villarreal Ln",
        "Manuelita Rd",
        "Marissa St",
        "Meadow Loop",
        "Mediterranean Palm Dr",
        "Melody Ln",
        "Mi Ranchita Dr",
        "Midway Cemetary Ln",
        "Midway Rd",
        "Minerva Rodriguez Ln",
        "Minnie's Rd",
        "Mimosa Cir",
        "Mimosa St",
        "Mississipi St",
        "Mockingbird Ct",
        "Mt Ranchito Dr",
        "Muniz Cir",
        "Muniz Cir Ln",
        "N Los Barreras Ave",
        "Nazorio Rd",
        "Oriole Ct",
        "Palm Cir",
        "Palm Circle Dr",
        "Papalote Rd",
        "Pelican Ln",
        "Perez Ln",
        "Perez Rd",
        "Pharmacy Rd",
        "Porras Bros Ln",
        "Prilexis Ln",
        "Ranch Rd 3167",
        "Rancho la Campana",
        "Remolino St",
        "Rele Ln",
        "Reseca St",
        "Rio Grande Ln",
        "Riverbend St",
        "Roble St",
        "Rufino Dr",
        "Rurori Ln",
        "S Los Barreras Rd",
        "S Midway Rd",
        "Sable Palm Dr",
        "Santa Fe Ln",
        "Sante Ln",
        "Santos Rd",
        "SE Pulvedas Cir",
        "Senna Dr",
        "Sepulveda Cir",
        "Seminole St",
        "Sendero Rd",
        "Sentry Palm Dr",
        "Shady Drove",
        "Spotted Owl Ln",
        "Suntex Camp Rd",
        "Suntex Rd",
        "Tambo St",
        "Terra del Fuego Ct",
        "Travis St",
        "Trompezon Ln",
        "Vaquero Rd",
        "Vireo Ln",
        "Wilfredo Rd",
        "Willow St",
        "Wisteria St"
    ],
    "locn_geometry": "ENVELOPE(-98.77885, -98.68284, 26.36057, 26.2948)",
    "dct_accessRights_s": "Public",
    "gbl_resourceClass_sm": "Collections",
    "id": "international-boundary-collection",
    "gbl_mdVersion_s": "Aardvark"
}