{
    "dct_title_s": "Julian Samora Collection",
    "dct_description_sm": "",
    "dct_language_sm": [
        "English"
    ],
    "schema_provider_s": "Texas",
    "dct_subject_sm": [
        "El Salvador--History--Civil War",
        "1979-1992",
        "Refugees",
        "Human rights"
    ],
    "dct_temporal_sm": [
        "20th century",
        "1983",
        "1971-1992"
    ],
    "dct_spatial_sm": [
        "El Salvador"
    ],
    "locn_geometry": "ENVELOPE(-90.132002, -87.68407, 14.450933, 13.155405)",
    "dct_accessRights_s": "Public",
    "gbl_resourceClass_sm": "Collections",
    "id": "julian-samora-collection",
    "gbl_mdVersion_s": "Aardvark"
}