{
    "dct_title_s": "Rare Maps Collection",
    "dct_description_sm": "",
    "dct_language_sm": [
        "English"
    ],
    "schema_provider_s": "Texas",
    "dct_subject_sm": [
        "Brazil--Maps",
        "Brazil--History--20th century",
        "Brazil--History",
        "Rio de Janeiro (Brazil)--Map",
        "Roads--Brazil--Maps"
    ],
    "dct_temporal_sm": [
        "20th century",
        "1928"
    ],
    "dct_spatial_sm": [
        "Rio de Janeiro",
        "Brazil"
    ],
    "locn_geometry": "ENVELOPE(-43.293887, -43.146855, -22.824996, -22.9904)",
    "dct_accessRights_s": "Public",
    "gbl_resourceClass_sm": "Collections",
    "id": "rare-maps-collection",
    "gbl_mdVersion_s": "Aardvark"
}