{
    "dct_title_s": "Sanborn Fire Insurance collection",
    "dct_description_sm": "",
    "dct_language_sm": [
        "English"
    ],
    "schema_provider_s": "Texas",
    "dct_subject_sm": [
        "Scanned maps"
    ],
    "dct_temporal_sm": [
        "1885",
        "1889",
        "1894",
        "1921",
        "1944",
        "1913",
        "1:x000",
        "1943",
        "1952",
        "1919",
        "1916",
        "1954",
        "1940",
        "1955",
        "temporalkeywords-placeholder (dct_temporal_sm)",
        "1933",
        "1947",
        "1951",
        "1965",
        "Sheet 6330 4 N",
        "Sheet 6330 4 S",
        "Sheet 6429 1 N",
        "Sheet 6429 4 N",
        "Sheet 6429 4 S",
        "Sheet 6430 1 N",
        "Sheet 6430 1 S Ed2",
        "Sheet 6430 2 N",
        "Sheet 6430 2 S",
        "Sheet 6430 3 N",
        "Sheet 6430 3 S",
        "Sheet 6430 4 N",
        "Sheet 6430 4 S",
        "Sheet 6431 3 N",
        "Sheet 6431 3 S",
        "Sheet 6530 1 N",
        "Sheet 6530 1 S",
        "Sheet 6530 2 N",
        "Sheet 6530 3 N",
        "Sheet 6530 3 S",
        "Sheet 6530 4 N",
        "Sheet 6739 4 N",
        "Sheet 6739 4 S",
        "Sheet 6836 2 S",
        "Sheet 6430 1 S Ed1"
    ],
    "locn_geometry": "ENVELOPE(-97.73856, -97.73474, 30.26735, 30.26477)",
    "dct_accessRights_s": "Public",
    "gbl_resourceClass_sm": "Collections",
    "id": "sanborn-fire-insurance-collection",
    "gbl_mdVersion_s": "Aardvark"
}