{
    "dct_title_s": "The University of Texas at Austin Campus at Austin Campus Map collection",
    "dct_description_sm": "",
    "dct_language_sm": [
        "English"
    ],
    "schema_provider_s": "Texas",
    "dct_subject_sm": [
        "Scanned maps"
    ],
    "dct_temporal_sm": [
        "1:x000"
    ],
    "dct_spatial_sm": [
        "Wooten",
        "Goodall House",
        "Austin Presbyterian Theological Seminary",
        "Austin Presbyterian Theological Seminary Campus",
        "Zeta Tau Alpha House",
        "Beriah Graham House",
        "Jacob Larmour House",
        "DeWitt Clinton Baker Home Site",
        "Kappa Kappa Gamma House",
        "Littlefield Home",
        "Brueggemann-Sandbo House",
        "All Saints' Episcopal Church",
        "Buen Retiro",
        "Rebecca Kilgore Stuart Red",
        "Gerhard-Schoch House",
        "George H. Kinsolving Crypt",
        "Austin",
        "Waller Creek",
        "78701",
        "78705",
        "78712",
        "22nd St E",
        "22nd St W",
        "Bellevue Pl",
        "Benelva Dr",
        "Brazos St",
        "Colorado St",
        "Congress Ave",
        "Duval St",
        "E 21st St",
        "E 23rd St",
        "E 27th St",
        "E 24th St",
        "E 26 1/2 St",
        "E 30th St",
        "E 31st St",
        "E Dean Keeton St",
        "E Mall Ut",
        "E Martin Luther King Jr Blvd",
        "Elmwood Pl",
        "Graham Pl",
        "Guadalupe St",
        "Hemphill Park",
        "Hume Pl",
        "Inner Campus Dr",
        "Jester Cir",
        "Lavaca St",
        "Nueces St",
        "Park Pl",
        "Rio Grande St",
        "S Mall Ut",
        "Salado St",
        "San Antonio St",
        "San Jacinto Blvd",
        "Seton Ave",
        "Speedway",
        "Tom Green St",
        "Trinity St",
        "University Ave",
        "W 17th St",
        "W 18th St",
        "W 24th 1/2 St",
        "W 25th St",
        "W 20th St",
        "W 21st St",
        "W 22 1/2 St",
        "W 22nd St",
        "W 23rd St",
        "W 24th St",
        "W 26th St",
        "W 27th St",
        "W 28th St",
        "W Dean Keeton St",
        "W Mall Ut",
        "W Martin Luther King Jr Blvd",
        "Whitis Ave",
        "Wichita St",
        "Texas",
        "Scottish Rite Temple",
        "San Pedro St",
        "John Elbridge Hines",
        "Site of Texas Wesleyan College",
        "J. Frank Dobie House",
        "Moses Austin",
        "78722",
        "24th St E",
        "23rd St E",
        "Beanna St",
        "Cedar St",
        "E 20 1/2 St",
        "E 18th St",
        "E 32nd St",
        "East Dr",
        "Fairfax Walk",
        "Fruth St",
        "Grooms St",
        "Hampton Rd",
        "Harris Ave",
        "Harris Park Ave",
        "Helms St",
        "I- 35",
        "Landon Ln",
        "Leonard St",
        "Liberty St",
        "Manor Rd",
        "Montrose St",
        "Moore Blvd",
        "N Interregional Hwy",
        "Rathervue Pl",
        "Red River St",
        "Robert Dedman Dr",
        "Sparks Ave",
        "W 29th St",
        "W 30th St",
        "W 31st St",
        "Walling Dr",
        "West Dr",
        "E 33rd St",
        "W 16th St",
        "Mauthe-Myrick Mansion",
        "Wahrenberger",
        "John",
        "House",
        "State Bar of Texas",
        "Carrington-Covert House",
        "Price Daniel",
        "Diocese of Austin",
        "Gethsemane Church",
        "Adams-Ziller House",
        "Scholz Garten",
        "Site of Swedish Evangelical Free Church",
        "78702",
        "Carolyn Ave",
        "E 15th St",
        "E 16th St",
        "E 17th St",
        "E 32nd 1/2 St",
        "East Ave",
        "Medical Arts St",
        "N I- 35 Svc Rd",
        "W 14th St",
        "W 15th St",
        "W 28th 1/2 St",
        "Woodrow St",
        "Smith-Clark-Smith House",
        "Gen. George W. Terrell",
        "George Washington Glasscock",
        "Jacob Fontaine",
        "Oakwood Cemetery",
        "Swedish Central Methodist Church",
        "Site of",
        "Comanche St",
        "E 35th St",
        "E 37th St",
        "Greenway St",
        "Keith Ln",
        "Laurel Ln",
        "Navasota St",
        "Swisher St",
        "W 13th St",
        "W 29th 1/2 St",
        "Waller St",
        "Stanley and Emily Finch House",
        "E 34th St",
        "Texas Ave",
        "W 32nd St",
        "Wheeler St",
        "Christianson-Leberman",
        "Site of Saint Martin's Evangelical Lutheran Church",
        "Olander St"
    ],
    "locn_geometry": "ENVELOPE(-97.74565, -97.73374, 30.29379, 30.28)",
    "dct_accessRights_s": "Public",
    "gbl_resourceClass_sm": "Collections",
    "id": "university-of-texas-at-austin-campus-map-collection",
    "gbl_mdVersion_s": "Aardvark"
}