{
    "dct_title_s": "Amiens-Mons, Sheet no. 5, North west Europe 1:250,000.",
    "dct_description_sm": [
        "Scale: 1:250000;  Map Type: lcgft;  Other Descriptive Notes about Map Series: Relief shown by contours, gradient tints, and spot heights.  Three classes of railways and five classes of roads are shown.  Covers area north from Lens, Belgium to Compi\u00e8gne to the south, and west from Beauvais to Chimay, Belgium to the east. Amiens roughly at center left portion of sheet. Mons roughly at upper right portion of sheet.  Sheet no. 5, Amiens-Mons from set covering most of the Low Countries and northeastern France. Set includes various issues of some sheets, some reissued by U.S. Army Map Service. Some sheets have series designation A.M.S. M503 (G.S.G.S. 4042).  Published by the War Office, 1937..  2nd. Edition 1943..  Military grid.  Nord de Guerre Zone Grid. Projection, Lambert Conical Orthomorphic. Spheroid, Du Plessis (reconstituted)..  Heights in metres..  Contour interval 50 metres..  Cataloging agency's copy overprinted with 1 dashed blue diagonal line extending south/northeast from roughly E 2\u00b036\u02b9/N 49\u00b022\u02b9 to E 2\u00b050\u02b9/N 50\u00b035\u02b9 with designation: 8\u00b030\u02b9 W (June 1943).  IXA.  Cataloging agency's copy overprinted with 1 solid blue diagonal line extending south/northeast from roughly E 3\u00b031\u02b9/N 49\u00b022\u02b9 to E 3\u00b044\u02b9/N 50\u00b035\u02b9 with designation: 8\u00b0 W (June 1943).  IXA.  Includes Conversion table, Incidence of grid letters and Index to adjoining sheets, To give a grid reference on this sheet, Nord de Guerre Zone Grid convergence diagram, and Reliability diagram.  50,000/5/44.E.."
    ],
    "dct_language_sm": [
        "English"
    ],
    "schema_provider_s": "Texas",
    "dct_isPartOf_sm": [
        "Perry-Castaneda Library Map Collection",
        "Field Maps of Colonel Roland T. Fenton"
    ],
    "dct_subject_sm": [
        "Scanned maps"
    ],
    "dct_temporal_sm": [
        "1943"
    ],
    "dct_issued_s": "",
    "dct_spatial_sm": [
        "Ardennes",
        "North European Plain",
        "Nord",
        "France",
        "Hainaut",
        "Belgium",
        "Ardennes",
        "Namur",
        "Aisne",
        "Flemish Brabant",
        "Walloon Brabant",
        "Somme",
        "Pas-de-Calais",
        "Marne",
        "Val-d'Oise",
        "Oise"
    ],
    "locn_geometry": "ENVELOPE(1.91791, 4.66405, 50.69911, 49.11005)",
    "dct_accessRights_s": "Public",
    "dct_format_s": "GeoJPEG",
    "gbl_resourceClass_sm": "Maps",
    "gbl_wxsIdentifier_s": "utlmaps__cc__fenton__250k__1042075432__amiens_mons_layer",
    "dct_references_s": "{\"http://schema.org/downloadUrl\": \"https://curio.lib.utexas.edu/geodata/raster/utlmaps__cc__fenton__250k__1042075432__amiens_mons.zip\", \"https://github.com/cogeotiff/cog-spec\": \"https://curio.lib.utexas.edu/geodata/raster/utlmaps__cc__fenton__250k__1042075432__amiens_mons.tif\", \"http://www.isotc211.org/schemas/2005/gmd/\": \"https://curio.lib.utexas.edu/geodata/iso/utlmaps__cc__fenton__250k__1042075432__amiens_mons.xml\"}",
    "id": "utaustin_121255",
    "dct_identifier_sm": [
        "121255"
    ],
    "gbl_mdModified_dt": "2019-03-15T00:00:00Z",
    "gbl_mdVersion_s": "Aardvark"
}