{
    "dct_title_s": "D\u00fcsseldorf , Sheet K 52, Germany 1:250,000.",
    "dct_description_sm": [
        "Scale: 1:250000;  Projection: Lambert conical orthomorphic projection;  Map Type: lcgft;  Other Descriptive Notes about Map Series: Relief shown by contours, gradient tints, and spot heights.  Five classes of railways and five classes of roads are shown.  Covers area west from Krefeld to Rheda-Wiederbr\u00fcck to the east, and north from M\u00fcnster to Bergneustadt to the south. Dortmund roughly at center of sheet. D\u00fcsseldorf roughly at lower left corner of sheet.  Likely reprint of Sheet K 52, D\u00fcsseldorf by Army Map Service, U.S. Army from series originally issued in various editions by Geographical Section, General Staff, No. 4346.  Military grid.  Nord de Guerre Zone Grid ... Spheroid, Du Plessis..  Heights in metres..  Certain main spot heights are indicated by a white tab to improve legibility..  Cataloging agency's copy printed on verso of unrelated map, Sheet 9-O, Gourdon from series with title: France 1:100,000, A.M.S. M661 (G.S.G.S. 4249). First edition-AMS 2. Originally published Washington, D.C. : Army Map Service, U.S. Army, 1943-. Portion of unrelated map has overprint red X crossing out entirety of mapped area, as well as portions of legend.  IXA.  Includes legend, Incidence of grid letters diagrams, Convergence for corners of this sheet diagram, To give a grid reference on this sheet, Grid data: Nord de Guerre Grid, Index to adjoining sheets, index to corresponding 1:100,000 scale sheets, Conversion table, Authorities, and Glossary.  55/10-44/H/5079.."
    ],
    "dct_language_sm": [
        "English"
    ],
    "schema_provider_s": "Texas",
    "dct_isPartOf_sm": [
        "Perry-Castaneda Library Map Collection",
        "Field Maps of Colonel Roland T. Fenton"
    ],
    "dct_subject_sm": [
        "Scanned maps"
    ],
    "dct_temporal_sm": [
        "1944"
    ],
    "dct_issued_s": "",
    "dct_spatial_sm": [
        "North European Plain",
        "Rheinland-Pfalz",
        "Germany",
        "Niedersachsen",
        "Overijssel",
        "Netherlands",
        "Nordrhein-Westfalen",
        "Gelderland",
        "Limburg",
        "Hessen"
    ],
    "locn_geometry": "ENVELOPE(6.20348, 8.86709, 52.11696, 50.67356)",
    "dct_accessRights_s": "Public",
    "dct_format_s": "GeoJPEG",
    "gbl_resourceClass_sm": "Maps",
    "gbl_wxsIdentifier_s": "utlmaps__cc__fenton__250k__1055163365__dusseldorf_layer",
    "dct_references_s": "{\"http://schema.org/downloadUrl\": \"https://curio.lib.utexas.edu/geodata/raster/utlmaps__cc__fenton__250k__1055163365__dusseldorf.zip\", \"https://github.com/cogeotiff/cog-spec\": \"https://curio.lib.utexas.edu/geodata/raster/utlmaps__cc__fenton__250k__1055163365__dusseldorf.tif\", \"http://www.isotc211.org/schemas/2005/gmd/\": \"https://curio.lib.utexas.edu/geodata/iso/utlmaps__cc__fenton__250k__1055163365__dusseldorf.xml\"}",
    "id": "utaustin_121288",
    "dct_identifier_sm": [
        "121288"
    ],
    "gbl_mdModified_dt": "2019-03-15T00:00:00Z",
    "gbl_mdVersion_s": "Aardvark"
}