{
    "dct_title_s": "Sanborn Fire Insurance Maps [Austin, Texas, 1889; Sheet 13]",
    "dct_creator_sm": "Sanborn Map Company",
    "dct_publisher_sm": "Sanborn Map Company",
    "dct_description_sm": [
        "Scale: 1:1000;"
    ],
    "dct_language_sm": [
        "English"
    ],
    "schema_provider_s": "Texas",
    "dct_isPartOf_sm": [
        "Perry-Castaneda Library Map Collection",
        "Sanborn Fire Insurance collection"
    ],
    "dct_subject_sm": [
        "Scanned maps"
    ],
    "dct_temporal_sm": [
        "1889"
    ],
    "dct_issued_s": "",
    "dct_spatial_sm": [
        "Mrs. Alfred Robinson",
        "Sr. Home",
        "Austin's Moonlight Towers",
        "Austin Public Library",
        "1933",
        "Travis County Government",
        "Third Site for",
        "Zachary Taylor Fulmore",
        "Woolridge Park",
        "Evans",
        "Ira Hobart",
        "Austin Woman's Club",
        "Catherine Robinson House",
        "Walter Bremond Home",
        "Pierre Bremond Home",
        "Eugene Bremond House",
        "Bremond",
        "John",
        "Jr.",
        "House",
        "Houston-Hale Home",
        "Goodman Building",
        "Smith",
        "B.J.",
        "Property",
        "Hirshfeld House",
        "Hirshfeld Cottage",
        "Texas and the Civil War State Military Board",
        "Norwood Tower",
        "Original Site of First Baptist Church in Austin",
        "The Walter Tips Company Building",
        "Openheimer-Montgomery Building",
        "Austin",
        "78701",
        "Colorado St",
        "Congress Ave",
        "Guadalupe St",
        "Lavaca St",
        "Nueces St",
        "San Antonio St",
        "W 10th St",
        "W 11th St",
        "W 6th St",
        "W 7th St",
        "W 8th St",
        "W 9th St",
        "Texas"
    ],
    "locn_geometry": "ENVELOPE(-97.74735, -97.74232, 30.27326, 30.26917)",
    "dct_accessRights_s": "Public",
    "dct_format_s": "GeoJPEG",
    "gbl_resourceClass_sm": "Maps",
    "gbl_wxsIdentifier_s": "utlmaps__sfi__austin_tx_1889__1k__x__13_layer",
    "dct_references_s": "{\"http://schema.org/downloadUrl\": \"https://curio.lib.utexas.edu/geodata/raster/utlmaps__sfi__austin_tx_1889__1k__x__13.zip\", \"https://github.com/cogeotiff/cog-spec\": \"https://curio.lib.utexas.edu/geodata/raster/utlmaps__sfi__austin_tx_1889__1k__x__13.tif\", \"http://www.isotc211.org/schemas/2005/gmd/\": \"https://curio.lib.utexas.edu/geodata/iso/utlmaps__sfi__austin_tx_1889__1k__x__13.xml\"}",
    "id": "utaustin_121148",
    "dct_identifier_sm": [
        "121148"
    ],
    "gbl_mdModified_dt": "2019-03-15T00:00:00Z",
    "gbl_mdVersion_s": "Aardvark"
}