{
    "dct_title_s": "Survey of the Rio Grande, Roma to the Gulf of Mexico (1:10,000), 1913, Sheet 24",
    "dct_creator_sm": "International Boundary & Water Commission, United States & Mexico.",
    "dct_publisher_sm": "United States. Department of State.",
    "dct_description_sm": [
        "Scale: 1:10000;  Other Descriptive Notes about Map Series: Cover title: Survey of the Rio Grande Roma to the Gulf of Mexico : reports and maps.  Anson Mills, Commissioner American Section. cf. t.p.  Part of text in English and Spanish."
    ],
    "dct_language_sm": [
        "English"
    ],
    "schema_provider_s": "Texas",
    "dct_isPartOf_sm": [
        "Perry-Castaneda Library Map Collection",
        "International Boundary collection"
    ],
    "dct_subject_sm": [
        "Scanned maps"
    ],
    "dct_temporal_sm": [
        "1913"
    ],
    "dct_issued_s": "",
    "dct_spatial_sm": [
        "Brownsville",
        "Matamoros",
        "Rio Grande",
        "Cameron",
        "Cameron County Jail",
        "Celaya",
        "Augustine",
        "House",
        "Bagdad-Matamoros",
        "C.S.A.",
        "Barreda House",
        "Resaca de la Palma",
        "Battle of",
        "Browne-Wagner House",
        "Brownsville City Cemetery",
        "Cameron County Courthouse of 1883-1914",
        "Cameron County",
        "Church of the Advent",
        "Cisneros House",
        "Convent of the Incarnate Word and Blessed Sacrament",
        "Cueto Building (La Nueva Libertad)",
        "Federal Court Site",
        "First Presbyterian Church of Brownsville",
        "Fort Brown",
        "Buildings 85 and 86",
        "Fort Brown Cavalry Barracks",
        "Fort Brown Commissary/Guardhouse",
        "Fort Brown Reservation",
        "Texas",
        "Grotto of Our Lady of Lourdes",
        "Hebrew Cemetery",
        "Stillman",
        "Charles",
        "Home of",
        "Immaculate Conception Cathedral",
        "Davis",
        "Jefferson - President C.S.A.",
        "Kowalski-Dennett Home",
        "La Madrilena",
        "Launching Site of First U.S. Army Warplane",
        "Manautou House",
        "Neale House",
        "Post Hospital",
        "Post Hospital Annex",
        "Public Market and Town Hall",
        "San Roman Building",
        "Grammar School",
        "Old",
        "Southern Pacific Depot",
        "Chisholm Trail",
        "Gem",
        "The",
        "Tijerina House",
        "Webb-Martinez House",
        "Yturria Bank",
        "Sacred Heart Catholic Church",
        "Alonso Complex",
        "Brownsville-Matamoros Ferries and River Boardwalk",
        "Russell-Cocke House",
        "1912 Cameron County Courthouse",
        "Hicks-Gregg House",
        "McNair House",
        "J.T. Canales",
        "Campo Santo Viejo",
        "Cavazos House",
        "Hicks-Lawrence House",
        "Pitt House",
        "Hinojosa House",
        "Kraigher House",
        "Porter Cottage",
        "Brulay House",
        "Juan H. Fernandez Store",
        "Rockwell House",
        "El Globo Nuevo",
        "Brownsville",
        "78520",
        "78521",
        "10th St",
        "14th St",
        "17th St",
        "5th Ave",
        "6th St",
        "Acacia Dr",
        "Acacia Lake Dr",
        "Aguila Dr",
        "Agua Dulce Dr",
        "Agua Clara Ct",
        "Alamo Ave",
        "Alameda Dr",
        "Alamo St",
        "Alan A Dale St",
        "Alexandra Ct",
        "Aldridge Ave",
        "Alice Cir",
        "Allende St",
        "Altas Palmas Dr",
        "Ana Laura Ct",
        "Ancira Dr",
        "Andrea Ct",
        "Anita Ct",
        "Anthony Ct",
        "Apollo Cir",
        "Apollo Ave",
        "Arthur St",
        "Ash St",
        "Augusta Rd",
        "Austin Rd",
        "Ave A",
        "Avalon Dr",
        "Ave B",
        "Ave del Palacio",
        "Ave del Oro",
        "Ave de la Plata",
        "Ave Imperial",
        "Azucena Ave",
        "Bahia Cir",
        "Barness St",
        "Barnard Rd",
        "Bates St",
        "Beaumont Rd",
        "Belinda Cir",
        "Belthair St",
        "Belvedere Dr",
        "Benden Cir",
        "Bermuda Ln",
        "Bertha St",
        "Bess Ct",
        "Betty Ct",
        "Billings Rd",
        "Billy Mitchell Blvd",
        "Blanche St",
        "Blue Sky Dr",
        "Bobbys Ln",
        "Boca Chica Blvd",
        "Bon Aire Ln",
        "Border St",
        "Bouganvillia Dr",
        "Bowie Dr",
        "Bowie Rd",
        "Bravo St",
        "Briar Ct",
        "Broadmoor Rd",
        "Brookshire Dr",
        "Brownfield Rd",
        "Browne St",
        "Burton Dr",
        "Burnett Rd",
        "Business Dr",
        "C St",
        "Calder Ln",
        "Cam Nikel",
        "Cam Bronce",
        "Cam Cobre",
        "Calvin St",
        "Camellia Dr",
        "Camwood Pl",
        "Carlton Dr",
        "Carnesi Dr",
        "Carolina St",
        "Carrizo Ln",
        "Carthage Ct",
        "Casa Blanca Dr",
        "Casa de Amigos",
        "Catherine Ln",
        "Cedar St",
        "Cela Ave",
        "Cement St",
        "Center Dr",
        "Central Cir",
        "Central Blvd",
        "Central Park Dr",
        "Chaparral St",
        "Cheers St",
        "Christian",
        "Clavel St",
        "Cleveland St",
        "Cll Fresnal",
        "Cll la Mansion",
        "Cll Princesa",
        "Cll Monarca",
        "Cll Roble",
        "Cll Chiquita",
        "Cll Condesa",
        "Cll Real",
        "Cll Reyna",
        "Cll Anacua",
        "Clover Dr",
        "Cll Amistosa",
        "Cll Cenizo",
        "Cll Duquesa",
        "Cll Jacaranda",
        "Cll Milpa Verde",
        "Cll Retama",
        "Cobblestone Cir",
        "Coconut Grove",
        "Collis Ct",
        "Colonial Dr",
        "Columbus Dr",
        "Coma St",
        "Commerce Dr",
        "Coolidge St",
        "Coral Ct",
        "Cordoba Dr",
        "Corine Cir",
        "Cottage Dr",
        "Cottonwood Dr",
        "Court St",
        "Coveway St",
        "Courage St",
        "Cowan Ter E",
        "Cowan Ter W",
        "Creekbend Dr",
        "Crestview Dr",
        "Crockett Ave",
        "Cross St",
        "Crownridge Dr",
        "Cuatro Milas St",
        "Cummings Pl",
        "Cynthia Ct",
        "Cypress Dr",
        "Cypress St",
        "Daisy Dr",
        "D St",
        "Dale Ct",
        "Dan St",
        "Dana St",
        "Dawley Ave",
        "Dee Ann Ct",
        "del Mar Ct",
        "Dei Gratia Dr",
        "del Prado Dr",
        "Delta Ct",
        "Delta Dr",
        "Deo Volente Dr",
        "Deo Juvante Dr",
        "Diamante Dr",
        "Dew St",
        "Diego Ln",
        "Donnie Dr",
        "Drake Ln",
        "Druscilla Cir",
        "Dunlap St",
        "Dukie Dr",
        "Durazno St",
        "Duranta Ln",
        "E 10th St",
        "E 11th St",
        "E 12th St",
        "E 15th St",
        "E 13th St",
        "E 14th St",
        "E 16th St",
        "E 20th St",
        "E 22nd St",
        "E 19th St",
        "E 17th St",
        "E 18th St",
        "E 1st St",
        "E 21st St",
        "E 23rd St",
        "E 27th St",
        "E 24th St",
        "E 25th St",
        "E 30th St",
        "E 29th St",
        "E 28th St",
        "E 26th St",
        "E 2nd St",
        "E 31st St",
        "E 32nd St",
        "E 3rd St",
        "E 4th St",
        "E 5th St",
        "E 6th St",
        "E 7th St",
        "E 8th St",
        "E 9th St",
        "E Adams St",
        "E Broadway",
        "E Broadway St",
        "E Cernan Ct",
        "E Elizabeth St",
        "E Filmore St",
        "E Fronton St",
        "E Harrison St",
        "E Hawthorne St",
        "E Jackson St",
        "E Jefferson St",
        "E Levee St",
        "E Los Ebanos Blvd",
        "E Lovell Ct",
        "E Madison St",
        "E Monroe St",
        "E Park Dr",
        "E Polk St",
        "E Price Rd",
        "E Ringgold St",
        "E Saint Charles St",
        "E Saint Francis St",
        "E St",
        "E Taylor St",
        "E Tyler St",
        "E Van Buren St",
        "E Washington St",
        "Eagle Dr",
        "East Ave",
        "East Dr",
        "Eastern Blvd",
        "Eastwood Dr",
        "Ebony St",
        "Ebony Ave",
        "el Matador Dr",
        "el Paso Rd",
        "Elca Ln",
        "Elda Ct",
        "el Retiro Cir",
        "Elda Dr",
        "Eliott Cir",
        "Eleanor Ct",
        "Elena St",
        "Elm St",
        "Elston Dr",
        "Elyt Dr",
        "Elma St",
        "Eloy St",
        "Elsa Ave",
        "Emerald Ln",
        "Ems Dr",
        "Encino St",
        "English St",
        "Epi St",
        "Erika Cir",
        "Estero Dr",
        "Esperanza Ln",
        "Esperanza Rd",
        "Evelina St",
        "Evergreen Ln",
        "F St",
        "Fairfax St",
        "Fairwind Dr",
        "Fannin Ave",
        "Father Mestas Dr",
        "Father Ballard Dr",
        "Fay St",
        "Fern Dr",
        "Fiesta Dr",
        "Fir St",
        "Fjrm Ave",
        "Flamingo Dr",
        "Fleetwood Ave",
        "Fonsi Dr",
        "Franklin Dr",
        "Franke Ave",
        "Franklin St",
        "French St",
        "Fresno St",
        "Fruitdale Ter",
        "Frontier Ln",
        "Fruit Dale St",
        "Fruitdale Dr",
        "Galonsky St",
        "Garcia Ln",
        "Gardenia St",
        "Garden St",
        "Garfield St",
        "Gazelle Ave",
        "German St",
        "Glenbrook Dr",
        "Glenn Ct",
        "Gloria St",
        "Golden Ln",
        "Golfo Cir",
        "Goodwin St",
        "Gorgas Dr",
        "Granada Dr",
        "Granjeno Ave",
        "Granjeno St",
        "Grant St",
        "Grapefruit St",
        "Greenfield Dr",
        "Greenbriar Ave",
        "Greenway Dr",
        "Guerrero St",
        "Hackberry Ct",
        "Hackberry Ln",
        "Haggar Dr",
        "Harding St",
        "Harvard Ave",
        "Harwell Dr",
        "Hauff Ln",
        "Hayes St",
        "Heather Ln",
        "Henrietta Ln",
        "Hibiscus Ct",
        "Hidalgo St",
        "Higgins Dr",
        "Highland Dr",
        "Highland Ter",
        "Hillcrest Dr",
        "Hipp Ave",
        "Holiday Ln",
        "Holly Ln",
        "Honey Dr",
        "Honeydale Rd",
        "Horizon Ln",
        "Hortencia Blvd",
        "Huisache St",
        "Hugo Dr",
        "I- 69E",
        "Impala Ct",
        "Impala Dr",
        "Industrial Dr",
        "International Blvd",
        "Iturbide St",
        "Ivy Ln",
        "Jagou Rd",
        "Jagua Rd",
        "Jaguar St",
        "Jade Dr",
        "Jane Ave",
        "Jason Dr",
        "Jasmine St",
        "Jenkins Ave",
        "Jennifer Ave",
        "Jenny Cir",
        "Jessica St",
        "Joey Ct",
        "Jo Ann Ln",
        "John Ave",
        "Johnson Dr",
        "Johns Ave",
        "Johnson St",
        "Juarez St",
        "Jovan Cir",
        "Junco St",
        "Keith Ln",
        "Kennedy Ave",
        "Kevin Dr",
        "King St",
        "Kings Hwy",
        "la Granja Dr",
        "la Quinta Dr",
        "la Posada Cir",
        "la Plaza Dr",
        "la Posada Dr",
        "la Silla Dr",
        "la Villita St",
        "Laguna Dr",
        "Lakeshore Dr",
        "Lakeside Blvd",
        "Lakeview Ln",
        "Lancer Lake Dr",
        "Land O Lakes Dr",
        "Lantana Ln",
        "Las Mananitas St",
        "Las Mitras Ln",
        "Las Casas St",
        "Las Palmas Cir",
        "Laura Ln",
        "Lawndale Ln",
        "Lazy Acres Rd",
        "Leece Dr",
        "Lee Dr",
        "Leisure Ln",
        "Lerdo St",
        "Leopard St",
        "Lemon St",
        "Les Mauldin Rd",
        "Levee",
        "Lewis St",
        "Lilac Ct",
        "Lima St",
        "Lincoln St",
        "Linda Ln",
        "Linda Vista Dr",
        "Lindale Ct",
        "Lindsey Ln",
        "Lindale Dr",
        "Llama St",
        "Lizka Ln",
        "Loma Alta St",
        "Loma Linda Ave",
        "Los Altos Dr",
        "Los Ebanos Blvd",
        "Lynn Dr",
        "Ma Elena St",
        "Magnetek St",
        "Magali Cir",
        "Magnetek Dr",
        "Maguey",
        "Magnolia Ct",
        "Mamie Dr",
        "Manzano St",
        "Marcia St",
        "Margarita St",
        "Marine Dr",
        "Market Square St",
        "Marsella Blvd",
        "Marquette Ave",
        "Marvis Dr",
        "Mason Ave",
        "May St",
        "Mayfield St",
        "McDavitt Blvd",
        "McKenzie Rd",
        "McKinley St",
        "McKintosh St",
        "McLelland Blvd",
        "Meadow Ln",
        "Mebec Ct",
        "Medical St",
        "Mesquital Ave",
        "Mesquite Grove",
        "Mesquite St",
        "Mexico Blvd",
        "Midway Dr",
        "Milam Ave",
        "Mildred St",
        "Military Hwy",
        "Military Rd",
        "Mirasol St",
        "Mirada",
        "Miraflores St",
        "Miramar Dr",
        "Monaco Dr",
        "Monclova Dr",
        "Monsees Rd",
        "Monterrey Dr",
        "Morelos St",
        "Morningside Rd",
        "Morton St",
        "Mulberry Ln",
        "N Cam del Rey",
        "N Central Ave",
        "N Clubhouse Rd",
        "N Coria St",
        "N Frontage Rd",
        "N Park Dr",
        "Nasa Dr",
        "Naranjo St",
        "Neal Dr",
        "Nell Palmer",
        "Neale Dr",
        "New Mexico Way",
        "Nicholas Ct",
        "Norma Ln",
        "Nopal St",
        "North St",
        "Oak St",
        "Oceano Cir",
        "Oasis Dr",
        "Old Alice Rd",
        "Old Military Rd",
        "Old Military Hwy",
        "Old Nogales Rd",
        "Old Port Isabel Rd",
        "Oliva Cir",
        "Oliveira Park Rd",
        "Olmito St",
        "Orange St",
        "Orangewood Dr",
        "Otila Dr",
        "Owens Rd",
        "Palacio Real Cir",
        "Padre Island Blvd",
        "Palacio Real Dr",
        "Palm Village",
        "Palmas Verdes Ct",
        "Palmetto Ct",
        "Palm Haven Dr",
        "Palm Blvd",
        "Palma Blanca Dr",
        "Palma Caribe Dr",
        "Palmera Dr",
        "Palo Alto Dr",
        "Palo Blanco St",
        "Palomar St",
        "Paredes Ave",
        "Paredes Line Rd",
        "Park St",
        "Parkland Dr",
        "Parkwood Pl",
        "Parral Ct",
        "Parral Ave",
        "Pearl Dr",
        "Pecan St",
        "Peninsula Ln",
        "Pierce St",
        "Pine Hearst Dr",
        "Pine Ln",
        "Pino St",
        "Pipkin Dr",
        "Poinsettia Pl",
        "Poplar Dr",
        "Poplar Cv",
        "Porter Dr",
        "Portway St",
        "Power Plant Dr",
        "Price Rd",
        "Professional Dr",
        "Pub Dr",
        "Purdue St",
        "Queta St",
        "Rainbow Dr",
        "Ramada Dr",
        "Ramirez St",
        "Ramireno Ln",
        "Ramirez Ln",
        "Ray Ave",
        "Reba St",
        "Rebecca Ln",
        "Redwood Dr",
        "Regal Row",
        "Reina Esther Dr",
        "Retama St",
        "Rentfro Blvd",
        "Resaca Blvd",
        "Resaca Dr",
        "Resaca Ln",
        "Resaca Village",
        "Rey Juan Carlos St",
        "Rey Jorge St",
        "Rey Salomon St",
        "Rey Jaime St",
        "Ridgely Rd",
        "Ridgemott Ct",
        "Ridgewood St",
        "Ripple Creek Cir",
        "Rio Vista Ave",
        "Rio Grande Ave",
        "Ringgold St",
        "Ringgold Rd",
        "River Levee",
        "River Levee Rd",
        "Riverside Blvd",
        "Roberto Vargas Dr",
        "Robindale Rd",
        "Robinhood Dr",
        "Robins Ln",
        "Rockwell Cir",
        "Rockwell Dr",
        "Rose Ct",
        "Roosevelt St",
        "Rosalee Ave",
        "Rosedal Dr",
        "Rosemond Ct",
        "Roslyn Ct",
        "Rosita St",
        "Royal Ct",
        "Ruiz St",
        "Russell Ave",
        "Russell Dr",
        "S 10th St",
        "S 9th St",
        "S Cam del Rey",
        "S Central Ave",
        "S Clubhouse Rd",
        "S Coria St",
        "S Frontage Rd",
        "S Isla de Palmas",
        "S Military Rd",
        "S Old Alice Rd",
        "S Price Rd",
        "Sahara Dr",
        "Saint John Dr",
        "Saint James Dr",
        "Saint Thomas Dr",
        "Sam Perl Blvd",
        "San Bernardo St",
        "San Antonio Rd",
        "San Cristobal St",
        "San Jose Ln",
        "San Eugenio St",
        "San Joaquin St",
        "San Rafael St",
        "San Pablo Ln",
        "San Manuel Ln",
        "San Lorenzo St",
        "San Pedro Ln",
        "Sandia St",
        "Santa Fe St",
        "Santa Elena St",
        "Santa Cruz Ct",
        "Santa Isabel St",
        "Santa Monica",
        "Sasha Cir",
        "Santiago Ln",
        "Scott St",
        "Security Dr",
        "Sequoia Dr",
        "Sevilla Dr",
        "Shary Ave",
        "Shelly Ct",
        "Shepard Cts",
        "Shidler Dr",
        "Short St",
        "Shoreline Dr",
        "Sierra Madre Dr",
        "Siesta Dr",
        "Simpson St",
        "Sir Richard Dr",
        "Skyview Dr",
        "Skyline Ln",
        "Sloss Dr",
        "Solid Dr",
        "Sonny Dr",
        "South Dr",
        "Southern Dr",
        "Southern St",
        "Southmost Rd",
        "St Joseph Dr",
        "Staples Cir",
        "Stanford Ave",
        "Stanolind Ave",
        "Starcrest Dr",
        "Staunton St",
        "Stillwell Bend Rd",
        "Stovall Rd",
        "Summit Ct",
        "Sunburst Ln",
        "Sunflower Dr",
        "Sundown Dr",
        "Sunrise Blvd",
        "Sunrise Ln",
        "Sunnyside Ln",
        "Sunset Dr",
        "SW 5th St",
        "Sycamore Dr",
        "Taft St",
        "Sylvia Ln",
        "Tan Oak Cir",
        "Tampico St",
        "Tangelo St",
        "Tanglewood Dr",
        "Taylor Ave",
        "Taxco Dr",
        "Terrace Dr",
        "Texas Ave",
        "Thomas St",
        "Thornhill Trl",
        "Timber Dr",
        "Tito Ct",
        "Tony Gonzalez",
        "Toya Ln",
        "Tropical Rd",
        "Tropical Dr",
        "Truman Dr",
        "Tulane Ave",
        "Tulipan St",
        "Turqueza Dr",
        "Tyler St",
        "University Blvd",
        "Valor St",
        "Vera Ave",
        "Velma St",
        "Veterans Blvd",
        "Victoria Dr",
        "Villa Angeles St",
        "Villa Bonita St",
        "Villa Real Ct",
        "Villa Vista Dr",
        "Victory Ave",
        "Villa de Puente",
        "Villa Madrid Ave",
        "Villa Maria Blvd",
        "Villa Verde Dr",
        "Villanova Ave",
        "Village Dr",
        "Vista Ct",
        "Vivian Dr",
        "W 10th St",
        "W 11th St",
        "W 12th St",
        "W 13th St",
        "W 14th St",
        "W 15th St",
        "W 16th St",
        "W 17th St",
        "W 18th St",
        "W 19th St",
        "W 1st St",
        "W 20th St",
        "W 2nd St",
        "W 3rd St",
        "W 4th St",
        "W 5th St",
        "W 6th St",
        "W 7th St",
        "W 8th St",
        "W 9th St",
        "W Aldrin Ct",
        "W Adams St",
        "W Armstrong Ct",
        "W Broadway St",
        "W Cernan Ct",
        "W Ebony Ave",
        "W Elizabeth St",
        "W Fronton Rear St",
        "W Fronton St",
        "W Hawthorne St",
        "W Jackson St",
        "W Jefferson St",
        "W Levee St",
        "W Lovell Ct",
        "W Los Ebanos Blvd",
        "W Madison St",
        "W Monroe St",
        "W Park Dr",
        "W Price Rd",
        "W Ringold St",
        "W Saint Charles St",
        "W Saint Francis St",
        "W Van Buren St",
        "W Washington St",
        "Waco Rd",
        "Wales Dr",
        "Walnut Cv",
        "Warren Ave",
        "Water St",
        "Waterside Dr",
        "Westchester Cir",
        "Western Blvd",
        "Westlawn Park",
        "Westminster Rd",
        "White Oak Ln",
        "Willow Ct",
        "Willow Dr",
        "Willow Ln",
        "Wilson Dr",
        "Wilson St",
        "Windcrest Dr",
        "Wood Ave",
        "Woodhaven Dr",
        "Woodruff Ave",
        "Woodway Dr",
        "Yale Ave",
        "York Dr",
        "Yolanda St",
        "Yoli Ln",
        "Young Dr",
        "Zaragoza St",
        "Zinnia St",
        "Tamaulipas"
    ],
    "locn_geometry": "ENVELOPE(-97.53623, -97.44058, 25.93793, 25.8724)",
    "dct_accessRights_s": "Public",
    "dct_format_s": "GeoJPEG",
    "gbl_resourceClass_sm": "Maps",
    "gbl_wxsIdentifier_s": "utlmaps__ib__ibc__10k__9379868__sheet24_layer",
    "dct_references_s": "{\"http://schema.org/downloadUrl\": \"https://curio.lib.utexas.edu/geodata/raster/utlmaps__ib__ibc__10k__9379868__sheet24.zip\", \"https://github.com/cogeotiff/cog-spec\": \"https://curio.lib.utexas.edu/geodata/raster/utlmaps__ib__ibc__10k__9379868__sheet24.tif\", \"http://www.isotc211.org/schemas/2005/gmd/\": \"https://curio.lib.utexas.edu/geodata/iso/utlmaps__ib__ibc__10k__9379868__sheet24.xml\"}",
    "id": "utaustin_121216",
    "dct_identifier_sm": [
        "121216"
    ],
    "gbl_mdModified_dt": "2019-03-15T00:00:00Z",
    "gbl_mdVersion_s": "Aardvark"
}