{
    "dct_title_s": "1:100,000, 1:100,000 (AMS M641), Sheet Index Map (AMS M641), Central Europe",
    "dct_publisher_sm": "United States. Army Map Service.",
    "dct_description_sm": [
        "Scale: 1:100000;  Other Descriptive Notes about Map Series:"
    ],
    "dct_language_sm": [
        "English"
    ],
    "schema_provider_s": "Texas",
    "dct_isPartOf_sm": [
        "Perry-Castaneda Library Map Collection",
        "Army Map Service collection"
    ],
    "dct_subject_sm": [
        "Scanned maps"
    ],
    "dct_issued_s": "",
    "dct_spatial_sm": [
        "Benedikt",
        "Szombathely",
        "Jezersko",
        "Bihor",
        "Bas-Rhin",
        "Velike La\u0161\u010de",
        "Tr\u017ei\u010d",
        "Haute-Sa\u00f4ne",
        "Alps",
        "Destrnik",
        "Panevezio",
        "Sachsen",
        "Kaposv\u00e1r",
        "Vercelli",
        "Trzin",
        "Novo Mesto",
        "\u00dasteck\u00fd",
        "Aisne",
        "Brest",
        "Pre\u0161ov",
        "Triesenberg",
        "Wien",
        "Is\u00e8re",
        "Borsod-Aba\u00faj-Zempl\u00e9n",
        "Kri\u017eevci",
        "Ny\u00edregyh\u00e1za",
        "Lubusz",
        "Eger",
        "Bistrica ob Sotli",
        "Vrhnika",
        "Odranci",
        "Tolmin",
        "Vaud",
        "Territoire de Belfort",
        "Ruggell",
        "Balkans",
        "Dravograd",
        "Rheinland-Pfalz",
        "Mozirje",
        "Belluno",
        "Haute-Savoie",
        "Liechtenstein",
        "Sweden",
        "Croatia",
        "Loire",
        "\u0141\u00f3d\u017a",
        "Radenci",
        "Sodra\u017eica",
        "Planken",
        "North European Plain",
        "Romania",
        "Val-d'Oise",
        "Hungary",
        "Cerkno",
        "Komen",
        "Velenje",
        "\u017delezniki",
        "Friesland",
        "Fej\u00e9r",
        "France",
        "Koprivni\u010dko-Kri\u017eeva\u010dka",
        "Ormo\u017e",
        "Vransko",
        "Borovnica",
        "Ju\u017eno-Backi",
        "Nagykanizsa",
        "Lecco",
        "Mislinja",
        "Trenciansky",
        "Steiermark",
        "Maj\u0161perk",
        "Apace",
        "Gornja Radgona",
        "Hamburg",
        "\u010cren\u0161ovci",
        "Klaipedos",
        "Divaca",
        "Sa\u00f4ne-et-Loire",
        "Masovian",
        "Th\u00fcringen",
        "Selnica ob Dravi",
        "Plze\u0148sk\u00fd",
        "Massif Central",
        "Ticino",
        "Litija",
        "Vilniaus",
        "Prague",
        "Cerklje na Gorenjskem",
        "Basel-Stadt",
        "Frisian Islands",
        "Somogy",
        "J\u00e1sz-Nagykun-Szolnok",
        "Karlovacka",
        "Bremen",
        "Solothurn",
        "Trieste",
        "Lo\u0161ki Potok",
        "Dobrepolje",
        "Aargau",
        "Fribourg",
        "Transylvanian Alps",
        "Brda",
        "Hajd\u00fa-Bihar",
        "Bloke",
        "Overijssel",
        "Ivancna Gorica",
        "Naklo",
        "Dobje",
        "\u0160entilj",
        "Z\u00fcrich",
        "Saarland",
        "Kr\u0161ko",
        "Yonne",
        "Vuzenica",
        "Switzerland",
        "Zealand",
        "Schaan",
        "\u0160martno ob Paki",
        "Marijampoles",
        "Roga\u0161ovci",
        "Lucerne",
        "Roga\u0161ka Slatina",
        "Alytaus",
        "Horjul",
        "Ni\u00e8vre",
        "Balzers",
        "\u010crna na Koro\u0161kem",
        "Tolna",
        "Salaj",
        "Jura Mountains",
        "Poland",
        "Nova Gori\u0161ka",
        "Schleswig-Holstein",
        "Berlin",
        "Neuch\u00e2tel",
        "Belgium",
        "Mauren",
        "Puy-de-D\u00f4me",
        "Veszpr\u00e9m",
        "B\u00e9k\u00e9scsaba",
        "Zasavska",
        "Netherlands",
        "Seien-et-Marne",
        "Ukraine",
        "Sveta Ana",
        "Jesenice",
        "Russia",
        "Muta",
        "Bled",
        "Rogatec",
        "Burgenland",
        "Sankt Gallen",
        "Gorenja vas-Poljane",
        "Vicenza",
        "Star\u0161e",
        "Vodice",
        "Syddanmark",
        "Bre\u017eice",
        "Novara",
        "Bovec",
        "Treviso",
        "Kobilje",
        "Transcarpathia",
        "Verbano-Cusio-Ossola",
        "Limburg",
        "Dinaric Alps",
        "\u0160en\u010dur",
        "Vosges",
        "Kungota",
        "Pordenone",
        "Moravce",
        "Logatec",
        "\u0160alovci",
        "Vojnik",
        "Ravne na Koro\u0161kem",
        "Haute-Marne",
        "Baranya",
        "Triesen",
        "Nieder\u00f6sterreich",
        "Gornji Petrovci",
        "Baltic Plains",
        "Dom\u017eale",
        "West Flanders",
        "Sz\u00e9kesfeh\u00e9rv\u00e1r",
        "Lovrenc na Pohorju",
        "Karlovarsk\u00fd",
        "Kidricevo",
        "Gori\u0161nica",
        "Severno-Banatski",
        "Baden-W\u00fcrttemberg",
        "Dolenjske Toplice",
        "Gelderland",
        "B\u00e9k\u00e9s",
        "Slovenia",
        "Zalaegerszeg",
        "St\u0159edo\u010desk\u00fd",
        "Cankova",
        "Germany",
        "Padova",
        "Covasna",
        "Somme",
        "Luce",
        "Beltinci",
        "Bozen",
        "Dobrovnik",
        "Turni\u0161\u010de",
        "Kuyavian-Pomeranian",
        "Kanal",
        "Tatab\u00e1nya",
        "Flevoland",
        "Szeksz\u00e1rd",
        "Lenart",
        "East Flanders",
        "Walloon Brabant",
        "Bjelovarsko-bilogorska",
        "Nordrhein-Westfalen",
        "Kobarid",
        "Dornava",
        "Corr\u00e8ze",
        "Kamnik",
        "Grevenmacher",
        "Meuse",
        "Ore Mountains",
        "Appenzell Innerrhoden",
        "Murska Sobota",
        "Sveti Jurij",
        "Krsko",
        "Zagrebacka",
        "Timis",
        "Braslovce",
        "Ver\u017eej",
        "Scandinavia",
        "Hovedstaden",
        "Razkri\u017eje",
        "\u0160entjur pri Celju",
        "Ternopil'",
        "Budapest",
        "Rh\u00f4ne",
        "Biella",
        "Vosges Mountains",
        "Mirna Pec",
        "\u017detale",
        "Kaliningrad",
        "Kocevje",
        "Debrecen",
        "\u017dalec",
        "Duplek",
        "Vorarlberg",
        "Thurgau",
        "Semic",
        "\u017dirovnica",
        "Moravske Toplice",
        "Sibiu",
        "Lublin",
        "Sondrio",
        "Silesian",
        "Uri",
        "Podvelka",
        "Libereck\u00fd",
        "Celje",
        "Trento",
        "\u017du\u017eemberk",
        "\u0160kofljica",
        "West Pomeranian",
        "\u0160kocjan",
        "Vitanje",
        "Harghita",
        "Menge\u0161",
        "Lower Silesian",
        "\u0160empeter-Vrtojba",
        "Valais",
        "Appenzell Ausserrhoden",
        "Medimurska",
        "Podcetrtek",
        "Sopron",
        "H\u00f3dmez\u00f4v\u00e1s\u00e1rhely",
        "Oise",
        "Duna\u00fajv\u00e1ros",
        "Varese",
        "Republic of Serbia",
        "Arad",
        "Vyso\u010dina",
        "Groningen",
        "Namur",
        "Slovenske Konjice",
        "Podlachian",
        "Zrece",
        "Srednje-Banatski",
        "Alba",
        "Postojna",
        "Meurthe-et-Moselle",
        "Ardennes",
        "Lendava",
        "Niedersachsen",
        "\u0160martno in Litiji",
        "Pivka",
        "\u0160marje pri Jel\u0161ah",
        "Jihomoravsk\u00fd",
        "Ig",
        "Liege",
        "Seine-Saint-Denis",
        "Vipava",
        "Italy",
        "Graub\u00fcnden",
        "Lithuania",
        "Csongr\u00e1d",
        "Diekirch",
        "Ljubljana",
        "Lesser Poland",
        "\u0160o\u0161tanj",
        "\u00c9rd",
        "Oplotnica",
        "Pardubick\u00fd",
        "\u0160entjernej",
        "Sisacko-Moslavacka",
        "\u015awi\u0119tokrzyskie",
        "Gorizia",
        "Allier",
        "Verona",
        "C\u00f4te-d'Or",
        "Midtjylland",
        "Gen\u00e8ve",
        "Szabolcs-Szatm\u00e1r-Bereg",
        "Velika Polana",
        "Gyor-Moson-Sopron",
        "Dol pri Ljubljani",
        "Kozje",
        "Monza e Brianza",
        "Harz",
        "Ober\u00f6sterreich",
        "Trnovska vas",
        "Me\u017eica",
        "Hajdina",
        "Zuid-Holland",
        "Luxembourg",
        "Ljubno",
        "\u0160tore",
        "Hrastnik",
        "Paris",
        "Taurages",
        "Ajdov\u0161\u010dina",
        "Mures",
        "Bohinj",
        "Ljutomer",
        "Bayern",
        "Podlehnik",
        "Cerkvenjak",
        "Polzela",
        "Hunedoara",
        "Grodno",
        "Carpathian Mountains",
        "Glarus",
        "La\u0161ko",
        "N\u00f3gr\u00e1d",
        "Greater Poland",
        "Bistrita-Nasaud",
        "Radece",
        "Zapadno-Backi",
        "Sja\u00e6lland",
        "Szolnok",
        "Brezovica",
        "Trebnje",
        "Zala",
        "Bratislavsk\u00fd",
        "Kranjska Gora",
        "Nord",
        "Chernivtsi",
        "Vas",
        "Maramures",
        "Banskobystrick\u00fd",
        "Schellenberg",
        "Olomouck\u00fd",
        "Belarus",
        "K\u00e4rnten",
        "Utenos",
        "P\u00e9cs",
        "Kecskem\u00e9t",
        "Kauno",
        "B\u00f6hmerwald",
        "Czech Republic",
        "Denmark",
        "Nazarje",
        "Great Hungarian Plain",
        "Hoce-Slivnica",
        "Pest",
        "Se\u017eana",
        "Hodo\u0161",
        "Essonne",
        "Miskolc",
        "Noord-Holland",
        "Salg\u00f3tarj\u00e1n",
        "Basel-Landschaft",
        "Ribnica na Pohorju",
        "Grosuplje",
        "Medvode",
        "Heves",
        "Ribnica",
        "Sudetes Mountains",
        "Viroviticko-Podravska",
        "Slovakia",
        "Creuse",
        "Val-de-Marne",
        "Grad Zagreb",
        "Cluj",
        "Sk\u00e5ne",
        "Dobrna",
        "Gornji Grad",
        "\u017dilinsk\u00fd",
        "Opole",
        "Komenda",
        "Jur\u0161inci",
        "Radlje ob Dravi",
        "Osjecko-Baranjska",
        "Jura",
        "Prebold",
        "Dobrova-Polhov Gradec",
        "\u017diri",
        "Hainaut",
        "Tatra Mountains",
        "Salzburg",
        "Vaduz",
        "Zeeland",
        "Miklav\u017e na Dravskem polju",
        "Satu Mare",
        "Zug",
        "Ain",
        "Gy\u00f4r",
        "Kuzma",
        "\u0160iauliai",
        "Aube",
        "Hessen",
        "Cher",
        "Ru\u0161e",
        "Radovljica",
        "Maribor",
        "Sveti Andra\u017e v Slovenskih Goricah",
        "Severno-Backi",
        "Antwerp",
        "Szeged",
        "Noord-Brabant",
        "L'viv",
        "Tel\u0161iai",
        "Aoste",
        "Idrija",
        "Kom\u00e1rom-Esztergom",
        "Doubs",
        "Schaffhausen",
        "Kr\u00e1lov\u00e9hradeck\u00fd",
        "Ko\u0161ick\u00fd",
        "Savoie",
        "Nitriansky",
        "Cerknica",
        "Loiret",
        "Udine",
        "Como",
        "Ivano-Frankivs'k",
        "Jutland",
        "Slovenj Gradec",
        "\u0160kofja Loka",
        "Bergamo",
        "Preddvor",
        "Gamprin",
        "Brescia",
        "Metlika",
        "Moravskoslezsk\u00fd",
        "Brasov",
        "Utrecht",
        "Zl\u00ednsk\u00fd",
        "Lukovica",
        "Warmian-Masurian",
        "B\u00e1cs-Kiskun",
        "Zavrc",
        "Nidwalden",
        "Videm",
        "Obwalden",
        "Pesnica",
        "Austria",
        "Solcava",
        "Suceava",
        "Miren-Kostanjevica",
        "Slovenska Bistrica",
        "Prevalje",
        "Brandenburg",
        "Krapinsko-Zagorska",
        "Trnavsk\u00fd",
        "Trbovlje",
        "Schwyz",
        "Drenthe",
        "Tabor",
        "Pomeranian",
        "Moselle",
        "Puconci",
        "Pas-de-Calais",
        "Brussels",
        "Venezia",
        "Lo\u0161ka dolina",
        "Ptuj",
        "Markovci",
        "Eschen",
        "Flemish Brabant",
        "Haute-Rhin",
        "Grad",
        "Kranj",
        "Bern",
        "Mecklenburg-Vorpommern",
        "Subcarpathian",
        "Tirol",
        "Rivne",
        "Jiho\u010desk\u00fd",
        "Sevnica",
        "Volyn",
        "Sachsen-Anhalt",
        "Race-Fram",
        "Marne",
        "Vara\u017edinska"
    ],
    "locn_geometry": "ENVELOPE(2.39186, 25.49141, 55.72143, 45.68614)",
    "dct_accessRights_s": "Public",
    "dct_format_s": "GeoJPEG",
    "gbl_resourceClass_sm": "Maps",
    "gbl_wxsIdentifier_s": "utlmaps__ams__central_europe_m641__100k__x__index_map_layer",
    "dct_references_s": "{\"http://schema.org/downloadUrl\": \"https://curio.lib.utexas.edu/geodata/raster/utlmaps__ams__central_europe_m641__100k__x__index_map.zip\", \"https://github.com/cogeotiff/cog-spec\": \"https://curio.lib.utexas.edu/geodata/raster/utlmaps__ams__central_europe_m641__100k__x__index_map.tif\", \"http://www.isotc211.org/schemas/2005/gmd/\": \"https://curio.lib.utexas.edu/geodata/iso/utlmaps__ams__central_europe_m641__100k__x__index_map.xml\"}",
    "id": "utaustin_19103",
    "dct_identifier_sm": [
        "19103"
    ],
    "gbl_mdModified_dt": "2019-03-15T00:00:00Z",
    "gbl_mdVersion_s": "Aardvark"
}