{
    "dct_title_s": "Konstanz , Sheet L 48, Germany 1:250,000.",
    "dct_description_sm": [
        "Scale: 1:250000;  Projection: Lambert conical orthomorphic projection;  Map Type: lcgft;  Other Descriptive Notes about Map Series: Relief shown by contours, spot heights, and gradient tints.  Five classes of railways and five classes of roads are shown.  Covers area west from Bonndorf, Germnay to Kempten, Germany to the east, and north from Memmingen, Germany to Bad Ragaz, Switzerland to the south. Konstanz roughly above left of center of sheet.  Sheet L.48, Konstanz from series originally issued in various editions by Great Britain, War Office, Geographical Section, General Staff, No. 4346.  For use by War and Navy Department Agencies only. Not for sale or distribution..  Military grid.  Nord de Guerre Zone Grid ... Spheroid, Du Plessis..  Cataloging agency's copy overprinted with 4 coordinate scale circles with center points located roughly at E 8\u00b037\u02b9/N 47\u00b048\u02b9 ; E 9\u00b050\u02b9/N 47\u00b047\u02b9 ; E 10\u00b04\u02b9/N 47\u00b012\u02b9 ; E 9\u00b052\u02b9/N 47\u00b018\u02b9.  IXA.  Heights in metres..  Certain main spot heights are indicated by a white tab to improve legibility..  Includes legend, Incidence of grid letters diagrams, Convergence for corners of this sheet diagram, To give a grid reference on this sheet, Grid data: Nord de Guerre Grid, Index to adjoining sheets, index to corresponding 1:100,000 scale sheets, Conversion table, Authorities, and Glossary.  6/44FD.."
    ],
    "dct_language_sm": [
        "English"
    ],
    "schema_provider_s": "Texas",
    "dct_isPartOf_sm": [
        "Perry-Castaneda Library Map Collection",
        "Field Maps of Colonel Roland T. Fenton"
    ],
    "dct_subject_sm": [
        "Scanned maps"
    ],
    "dct_temporal_sm": [
        "1944"
    ],
    "dct_issued_s": "",
    "dct_spatial_sm": null,
    "locn_geometry": "ENVELOPE(8.18718, 10.73482, 48.13299, 46.64469)",
    "dct_accessRights_s": "Public",
    "dct_format_s": "GeoJPEG",
    "gbl_resourceClass_sm": "Maps",
    "gbl_wxsIdentifier_s": "utlmaps__cc__fenton__250k__1055161422__konstanz_layer",
    "dct_references_s": "{\"http://schema.org/downloadUrl\": \"https://curio.lib.utexas.edu/geodata/raster/utlmaps__cc__fenton__250k__1055161422__konstanz.zip\", \"https://github.com/cogeotiff/cog-spec\": \"https://curio.lib.utexas.edu/geodata/raster/utlmaps__cc__fenton__250k__1055161422__konstanz.tif\", \"http://www.isotc211.org/schemas/2005/gmd/\": \"https://curio.lib.utexas.edu/geodata/iso/utlmaps__cc__fenton__250k__1055161422__konstanz.xml\"}",
    "id": "utaustin_121264",
    "dct_identifier_sm": [
        "121264"
    ],
    "gbl_mdModified_dt": "2019-03-15T00:00:00Z",
    "gbl_mdVersion_s": "Aardvark"
}