{
    "dct_title_s": "Sanborn Fire Insurance Maps [Austin, Texas, 1921; Sheet 92]",
    "dct_creator_sm": "Sanborn Map Company",
    "dct_publisher_sm": "Sanborn Map Company",
    "dct_description_sm": [
        "Scale: 1:1000;"
    ],
    "dct_language_sm": [
        "English"
    ],
    "schema_provider_s": "Texas",
    "dct_isPartOf_sm": [
        "Perry-Castaneda Library Map Collection",
        "Sanborn Fire Insurance collection"
    ],
    "dct_subject_sm": [
        "Scanned maps"
    ],
    "dct_temporal_sm": [
        "1921"
    ],
    "dct_issued_s": "",
    "dct_spatial_sm": [
        "Austin Presbyterian Theological Seminary",
        "Austin Presbyterian Theological Seminary Campus",
        "Stanley and Emily Finch House",
        "John Elbridge Hines",
        "J. Frank Dobie House",
        "Brueggemann-Sandbo House",
        "Rebecca Kilgore Stuart Red",
        "Austin",
        "Waller Creek",
        "78705",
        "78712",
        "Beanna St",
        "Bellevue Pl",
        "Benelva Dr",
        "Carolyn Ave",
        "Cedar St",
        "Duval St",
        "E 27th St",
        "E 26 1/2 St",
        "E 30th St",
        "E 31st St",
        "E 32nd St",
        "E 33rd St",
        "E 34th St",
        "E Dean Keeton St",
        "East Dr",
        "Elmwood Pl",
        "Fairfax Walk",
        "Grooms St",
        "Hampton Rd",
        "Harris Ave",
        "Harris Park Ave",
        "Helms St",
        "Hemphill Park",
        "Landon Ln",
        "Laurel Ln",
        "Leonard St",
        "Liberty St",
        "Lipscomb St",
        "Montrose St",
        "Moore Blvd",
        "Park Pl",
        "Rathervue Pl",
        "San Jacinto Blvd",
        "Sparks Ave",
        "Speedway",
        "Texas Ave",
        "Tom Green St",
        "University Ave",
        "W 27th St",
        "W 30th St",
        "W 31st St",
        "W 32nd St",
        "W Dean Keeton St",
        "Walling Dr",
        "Wheeler St",
        "Whitis Ave",
        "Wichita St",
        "Texas"
    ],
    "locn_geometry": "ENVELOPE(-97.73963, -97.72964, 30.29745, 30.28841)",
    "dct_accessRights_s": "Public",
    "dct_format_s": "GeoJPEG",
    "gbl_resourceClass_sm": "Maps",
    "gbl_wxsIdentifier_s": "utlmaps__sfi__austin_tx_1921__1k__x__92_layer",
    "dct_references_s": "{\"http://schema.org/downloadUrl\": \"https://curio.lib.utexas.edu/geodata/raster/utlmaps__sfi__austin_tx_1921__1k__x__92.zip\", \"https://github.com/cogeotiff/cog-spec\": \"https://curio.lib.utexas.edu/geodata/raster/utlmaps__sfi__austin_tx_1921__1k__x__92.tif\", \"http://www.isotc211.org/schemas/2005/gmd/\": \"https://curio.lib.utexas.edu/geodata/iso/utlmaps__sfi__austin_tx_1921__1k__x__92.xml\"}",
    "id": "utaustin_121191",
    "dct_identifier_sm": [
        "121191"
    ],
    "gbl_mdModified_dt": "2019-03-15T00:00:00Z",
    "gbl_mdVersion_s": "Aardvark"
}