{
    "dct_title_s": "Zone de Neufch\u00e2teau, Carte de France 1:50,000. ",
    "dct_description_sm": [
        "Scale: 1:50000;  Projection: Lambert conformal conic projection;  Map Type: lcgft;  Other Descriptive Notes about Map Series: Relief shown by hachures and spot heights.  Covers area north from Goussaincourt to Vr\u00e9court to the south, and west from Charmois to Bi\u00e9court to the east. Neufch\u00e2teau roughly above center of sheet.  Likely reprint with additional overprinting of sheet XXXII-17, Neufch\u00e2teau from series Carte de France au 1/50.000, originally published Institut G\u00e9ographique National, 1952.  Has red overprint grid, and red magnetic declination diagram in center right margin. Lacks legend.  La d\u00e9clination magn\u00e9tique correspond au centre de la feuille et au 1er janvier 1917..  Quadrillage kilometrique Syst\u00e8me Lambert.."
    ],
    "dct_language_sm": [
        "English"
    ],
    "schema_provider_s": "Texas",
    "dct_isPartOf_sm": [
        "Perry-Castaneda Library Map Collection",
        "Field Maps of Colonel Roland T. Fenton"
    ],
    "dct_subject_sm": [
        "Scanned maps"
    ],
    "dct_temporal_sm": [
        "1952"
    ],
    "dct_issued_s": "",
    "dct_spatial_sm": [
        "Maas",
        "Meuse",
        "Meurthe-et-Moselle",
        "Haute-Marne",
        "Vosges"
    ],
    "locn_geometry": "ENVELOPE(5.35644, 6.04942, 48.51919, 48.13735)",
    "dct_accessRights_s": "Public",
    "dct_format_s": "GeoJPEG",
    "gbl_resourceClass_sm": "Maps",
    "gbl_wxsIdentifier_s": "utlmaps__cc__fenton__50k__1050436823__neufchateau_layer",
    "dct_references_s": "{\"http://schema.org/downloadUrl\": \"https://curio.lib.utexas.edu/geodata/raster/utlmaps__cc__fenton__50k__1050436823__neufchateau.zip\", \"https://github.com/cogeotiff/cog-spec\": \"https://curio.lib.utexas.edu/geodata/raster/utlmaps__cc__fenton__50k__1050436823__neufchateau.tif\", \"http://www.isotc211.org/schemas/2005/gmd/\": \"https://curio.lib.utexas.edu/geodata/iso/utlmaps__cc__fenton__50k__1050436823__neufchateau.xml\"}",
    "id": "utaustin_121289",
    "dct_identifier_sm": [
        "121289"
    ],
    "gbl_mdModified_dt": "2019-03-15T00:00:00Z",
    "gbl_mdVersion_s": "Aardvark"
}