{
    "dct_title_s": "Sanborn Fire Insurance Maps [Austin, Texas, 1889; Sheet 7]",
    "dct_creator_sm": "Sanborn Map Company",
    "dct_publisher_sm": "Sanborn Map Company",
    "dct_description_sm": [
        "Scale: 1:1000;"
    ],
    "dct_language_sm": [
        "English"
    ],
    "schema_provider_s": "Texas",
    "dct_isPartOf_sm": [
        "Perry-Castaneda Library Map Collection",
        "Sanborn Fire Insurance collection"
    ],
    "dct_subject_sm": [
        "Scanned maps"
    ],
    "dct_temporal_sm": [
        "1889"
    ],
    "dct_issued_s": "",
    "dct_spatial_sm": [
        "Saint David's Episcopal Church",
        "Austin High School - John T. Allan Campus",
        "Central Presbyterian Church",
        "Platt-Simpson Building",
        "J. L. Buaas Building",
        "St. Charles House",
        "Paggi Carriage Shop",
        "Austin",
        "78701",
        "Brazos St",
        "E 10th St",
        "E 6th St",
        "E 7th St",
        "E 8th St",
        "E 9th St",
        "Neches St",
        "Red River St",
        "San Jacinto Blvd",
        "Trinity St",
        "Texas"
    ],
    "locn_geometry": "ENVELOPE(-97.74171, -97.7366, 30.27058, 30.26659)",
    "dct_accessRights_s": "Public",
    "dct_format_s": "GeoJPEG",
    "gbl_resourceClass_sm": "Maps",
    "gbl_wxsIdentifier_s": "utlmaps__sfi__austin_tx_1889__1k__x__7_layer",
    "dct_references_s": "{\"http://schema.org/downloadUrl\": \"https://curio.lib.utexas.edu/geodata/raster/utlmaps__sfi__austin_tx_1889__1k__x__7.zip\", \"https://github.com/cogeotiff/cog-spec\": \"https://curio.lib.utexas.edu/geodata/raster/utlmaps__sfi__austin_tx_1889__1k__x__7.tif\", \"http://www.isotc211.org/schemas/2005/gmd/\": \"https://curio.lib.utexas.edu/geodata/iso/utlmaps__sfi__austin_tx_1889__1k__x__7.xml\"}",
    "id": "utaustin_121151",
    "dct_identifier_sm": [
        "121151"
    ],
    "gbl_mdModified_dt": "2019-03-15T00:00:00Z",
    "gbl_mdVersion_s": "Aardvark"
}