{
    "dct_title_s": "Survey of the Rio Grande, Roma to the Gulf of Mexico (1:10,000), 1913, Sheet 06",
    "dct_creator_sm": "International Boundary & Water Commission, United States & Mexico.",
    "dct_publisher_sm": "United States. Department of State.",
    "dct_description_sm": [
        "Scale: 1:10000;  Other Descriptive Notes about Map Series: Cover title: Survey of the Rio Grande Roma to the Gulf of Mexico : reports and maps.  Anson Mills, Commissioner American Section. cf. t.p.  Part of text in English and Spanish."
    ],
    "dct_language_sm": [
        "English"
    ],
    "schema_provider_s": "Texas",
    "dct_isPartOf_sm": [
        "Perry-Castaneda Library Map Collection",
        "International Boundary collection"
    ],
    "dct_subject_sm": [
        "Scanned maps"
    ],
    "dct_temporal_sm": [
        "1913"
    ],
    "dct_issued_s": "",
    "dct_spatial_sm": [
        "Rio Grande",
        "Starr",
        "La Grulla",
        "Salado Creek",
        "Rio Grande",
        "Cobby Lake",
        "78548",
        "78582",
        "3rd St",
        "Aguilar St",
        "Ala Blanca St",
        "Alegria Rd",
        "Alpaca Ln",
        "Amador St",
        "Alto Bonito St",
        "Anna Lilia Rd",
        "Arnold St",
        "Arroyo Rd",
        "Aurora St",
        "Benito St",
        "Bernardo St",
        "Burro Ln",
        "Caballo Ln",
        "Chango St",
        "Chicas St",
        "Chivos Ln",
        "Conrada Guerra Ln",
        "Connecting Rd",
        "Division St",
        "Duarte St",
        "E 1st St",
        "E 2nd St",
        "E 3rd St",
        "E el Alto St",
        "E Las Palmas St",
        "E Pvt Lazaro Solis St",
        "E Second St",
        "el Gato Ln",
        "el Alto St",
        "el Cadernal",
        "el Colibri",
        "el Salado",
        "el Venadito Ln",
        "el Quiote St",
        "el Sol Dr",
        "Eliborio Solis St",
        "Eloy Jr Rd",
        "Elvia Zarate St",
        "FM 2360",
        "Frontage Rd",
        "Garcias St",
        "Gloria Ln",
        "Grulla Main St",
        "Hermiston St",
        "J St",
        "Jerry St",
        "Johnson St",
        "Kennedy St",
        "la Cabana St",
        "la Cuchilla St",
        "la Paloma Cir",
        "la Plaza St",
        "Laplaza St",
        "Las Borregas Ln",
        "Laureles St",
        "Leonor Rd",
        "Lodge St",
        "Longoria",
        "Los Laurels St",
        "Los Laureles St",
        "Los Alegrias St",
        "Medelez St",
        "Migrant St",
        "Mission St",
        "Mula Ln",
        "N la Paloma",
        "N la Paloma St",
        "N Lupe St",
        "Old Military Rd",
        "Ortiz St",
        "Palomino St",
        "Pasco St",
        "Plaza St",
        "Polo St",
        "Posada St",
        "Produce Rd",
        "Pvt Lazaro Solis St",
        "Pvt Leopoldo Longoria St",
        "R Flores St",
        "R Solis Ln",
        "Rivera St",
        "Rodriguez St",
        "Rodolfo St",
        "Romero St",
        "S Cortez St",
        "Solis St",
        "Talcoyote Ln",
        "Texas St",
        "Toppenish St",
        "Trinidad St",
        "US Hwy 83",
        "Villarreal St",
        "W 2nd St",
        "W 3rd St",
        "W 4th St",
        "W 5th St",
        "W Las Palmas St",
        "W Pvt Lazaro Solis St",
        "W Zarate St",
        "Zarate St",
        "Texas",
        "Tamaulipas"
    ],
    "locn_geometry": "ENVELOPE(-98.68913, -98.59348, 26.30948, 26.2442)",
    "dct_accessRights_s": "Public",
    "dct_format_s": "GeoJPEG",
    "gbl_resourceClass_sm": "Maps",
    "gbl_wxsIdentifier_s": "utlmaps__ib__ibc__10k__9379868__sheet06_layer",
    "dct_references_s": "{\"http://schema.org/downloadUrl\": \"https://curio.lib.utexas.edu/geodata/raster/utlmaps__ib__ibc__10k__9379868__sheet06.zip\", \"https://github.com/cogeotiff/cog-spec\": \"https://curio.lib.utexas.edu/geodata/raster/utlmaps__ib__ibc__10k__9379868__sheet06.tif\", \"http://www.isotc211.org/schemas/2005/gmd/\": \"https://curio.lib.utexas.edu/geodata/iso/utlmaps__ib__ibc__10k__9379868__sheet06.xml\"}",
    "id": "utaustin_121199",
    "dct_identifier_sm": [
        "121199"
    ],
    "gbl_mdModified_dt": "2019-03-15T00:00:00Z",
    "gbl_mdVersion_s": "Aardvark"
}