{
    "dct_title_s": "Sanborn Fire Insurance Maps [Austin, Texas, 1921; Sheet 84]",
    "dct_creator_sm": "Sanborn Map Company",
    "dct_publisher_sm": "Sanborn Map Company",
    "dct_description_sm": [
        "Scale: 1:1000;"
    ],
    "dct_language_sm": [
        "English"
    ],
    "schema_provider_s": "Texas",
    "dct_isPartOf_sm": [
        "Perry-Castaneda Library Map Collection",
        "Sanborn Fire Insurance collection"
    ],
    "dct_subject_sm": [
        "Scanned maps"
    ],
    "dct_temporal_sm": [
        "1921"
    ],
    "dct_issued_s": "",
    "dct_spatial_sm": [
        "James L. Farmer",
        "Jr.",
        "Site of Old Anderson High School_Kealing Junior High School",
        "Simpson United Methodist Church",
        "Laurine Cecil Anderson",
        "Austin",
        "Boggy Creek",
        "78702",
        "Alamo St",
        "Chestnut Ave",
        "Chicon St",
        "Coleto St",
        "E 12th St",
        "E 13th St",
        "E 14th St",
        "E 16th St",
        "Lawson Ln",
        "Leona St",
        "Maple Ave",
        "N Pleasant Valley Rd",
        "New York Ave",
        "Northwestern Ave",
        "Pennsylvania Ave",
        "Poquito St",
        "Rosewood Ave",
        "S L Davis Ave",
        "Salina St",
        "Singleton Ave",
        "Texas"
    ],
    "locn_geometry": "ENVELOPE(-97.72296, -97.71444, 30.27702, 30.26858)",
    "dct_accessRights_s": "Public",
    "dct_format_s": "GeoJPEG",
    "gbl_resourceClass_sm": "Maps",
    "gbl_wxsIdentifier_s": "utlmaps__sfi__austin_tx_1921__1k__x__84_layer",
    "dct_references_s": "{\"http://schema.org/downloadUrl\": \"https://curio.lib.utexas.edu/geodata/raster/utlmaps__sfi__austin_tx_1921__1k__x__84.zip\", \"https://github.com/cogeotiff/cog-spec\": \"https://curio.lib.utexas.edu/geodata/raster/utlmaps__sfi__austin_tx_1921__1k__x__84.tif\", \"http://www.isotc211.org/schemas/2005/gmd/\": \"https://curio.lib.utexas.edu/geodata/iso/utlmaps__sfi__austin_tx_1921__1k__x__84.xml\"}",
    "id": "utaustin_121184",
    "dct_identifier_sm": [
        "121184"
    ],
    "gbl_mdModified_dt": "2019-03-15T00:00:00Z",
    "gbl_mdVersion_s": "Aardvark"
}