{
    "dct_title_s": "Survey of the Rio Grande, Roma to the Gulf of Mexico (1:10,000), 1913, Sheet 26",
    "dct_creator_sm": "International Boundary & Water Commission, United States & Mexico.",
    "dct_publisher_sm": "United States. Department of State.",
    "dct_description_sm": [
        "Scale: 1:10000;  Other Descriptive Notes about Map Series: Cover title: Survey of the Rio Grande Roma to the Gulf of Mexico : reports and maps.  Anson Mills, Commissioner American Section. cf. t.p.  Part of text in English and Spanish."
    ],
    "dct_language_sm": [
        "English"
    ],
    "schema_provider_s": "Texas",
    "dct_isPartOf_sm": [
        "Perry-Castaneda Library Map Collection",
        "International Boundary collection"
    ],
    "dct_subject_sm": [
        "Scanned maps"
    ],
    "dct_temporal_sm": [
        "1913"
    ],
    "dct_issued_s": "",
    "dct_spatial_sm": [
        "Rio Grande",
        "Cameron",
        "Rabb Plantation",
        "Frank Rabb",
        "Brownsville",
        "Rio Grande",
        "78521",
        "Alabama Ave",
        "Alaska Rd",
        "Arkansas Ave",
        "Co Rd 118",
        "Co Rd 122",
        "Colorado Rd",
        "Dockberry Rd",
        "George Seanz Ln",
        "Gruta St",
        "Illinois Ave",
        "Indiana Ave",
        "Los Arboles",
        "Los Lobos",
        "Lynx Dr",
        "Maine St",
        "Maverick",
        "Maverick Rd",
        "Panther Dr",
        "Rincon St",
        "S Browne Ave",
        "S Indiana Ave",
        "S Oklahoma Ave",
        "Sabal Palm Grove Rd",
        "Shara Dr",
        "Solis Rd",
        "Southmost Rd",
        "Southpoint",
        "Sunny Skies Dr",
        "Tiger Dr",
        "Valle Hermoso Dr",
        "Valle Escondido Cir",
        "Villa Pancho Dr",
        "Texas",
        "Tamaulipas"
    ],
    "locn_geometry": "ENVELOPE(-97.4175, -97.33279, 25.89226, 25.82686)",
    "dct_accessRights_s": "Public",
    "dct_format_s": "GeoJPEG",
    "gbl_resourceClass_sm": "Maps",
    "gbl_wxsIdentifier_s": "utlmaps__ib__ibc__10k__9379868__sheet26_layer",
    "dct_references_s": "{\"http://schema.org/downloadUrl\": \"https://curio.lib.utexas.edu/geodata/raster/utlmaps__ib__ibc__10k__9379868__sheet26.zip\", \"https://github.com/cogeotiff/cog-spec\": \"https://curio.lib.utexas.edu/geodata/raster/utlmaps__ib__ibc__10k__9379868__sheet26.tif\", \"http://www.isotc211.org/schemas/2005/gmd/\": \"https://curio.lib.utexas.edu/geodata/iso/utlmaps__ib__ibc__10k__9379868__sheet26.xml\"}",
    "id": "utaustin_121218",
    "dct_identifier_sm": [
        "121218"
    ],
    "gbl_mdModified_dt": "2019-03-15T00:00:00Z",
    "gbl_mdVersion_s": "Aardvark"
}