{
    "dct_title_s": "1:250,000, 1:250,000 (AMS L506), Sheet Toyama (AMS L506), Japan",
    "dct_publisher_sm": "United States. Army Map Service.",
    "dct_description_sm": [
        "Scale: 1:250000;  Projection: Polyconic projection;  Map Type: lcgft;  Other Descriptive Notes about Map Series: Relief shown by contours and spot heights.  Complete in 65 sheets. Set includes various issues of sheets covering Honsh\u016b, Shikoku and Ky\u016bsh\u016b.  Military grid.  Issued in 1\u00b0 quadrangles.  Contour interval 100 meters..  Four classes of roads or trails, two types of internal boundaries, and five classes of railroads are shown.  All place names are transcribed according to the modified Hepburn (Romaji) system..  Co-ordinated for use with the following sets covering adjoining areas: Northern Japan 1:250,000 (A.M.S. L561) and Southern Japan 1:250,000 (A.M.S. L591).  Index to place names on these maps issued by Army Map Service under title: Gazetteer to maps of Japan.  Includes Glossary..  Marginal maps: Index to boundaries.--Index to adjoining sheets."
    ],
    "dct_language_sm": [
        "English"
    ],
    "schema_provider_s": "Texas",
    "dct_isPartOf_sm": [
        "Perry-Castaneda Library Map Collection",
        "Army Map Service collection"
    ],
    "dct_subject_sm": [
        "Scanned maps"
    ],
    "dct_temporal_sm": [
        "1943"
    ],
    "dct_issued_s": "",
    "dct_spatial_sm": [
        "Gifu",
        "Honshu",
        "Toyama",
        "Toyama",
        "Nagano",
        "Niigata",
        "Matsumoto",
        "Ishikawa",
        "Japan"
    ],
    "locn_geometry": "ENVELOPE(137.0, 138.0, 37.0, 36.0)",
    "dct_accessRights_s": "Public",
    "dct_format_s": "GeoJPEG",
    "gbl_resourceClass_sm": "Maps",
    "gbl_wxsIdentifier_s": "utlmaps__ams__japan_l506__250k__6613121__toyama_19_layer",
    "dct_references_s": "{\"http://schema.org/downloadUrl\": \"https://curio.lib.utexas.edu/geodata/raster/utlmaps__ams__japan_l506__250k__6613121__toyama_19.zip\", \"https://github.com/cogeotiff/cog-spec\": \"https://curio.lib.utexas.edu/geodata/raster/utlmaps__ams__japan_l506__250k__6613121__toyama_19.tif\", \"http://www.isotc211.org/schemas/2005/gmd/\": \"https://curio.lib.utexas.edu/geodata/iso/utlmaps__ams__japan_l506__250k__6613121__toyama_19.xml\"}",
    "id": "utaustin_18912",
    "dct_identifier_sm": [
        "18912"
    ],
    "gbl_mdModified_dt": "2019-03-15T00:00:00Z",
    "gbl_mdVersion_s": "Aardvark"
}