{
    "dct_title_s": "Survey of the Rio Grande, Roma to the Gulf of Mexico (1:10,000), 1913, Sheet 25",
    "dct_creator_sm": "International Boundary & Water Commission, United States & Mexico.",
    "dct_publisher_sm": "United States. Department of State.",
    "dct_description_sm": [
        "Scale: 1:10000;  Other Descriptive Notes about Map Series: Cover title: Survey of the Rio Grande Roma to the Gulf of Mexico : reports and maps.  Anson Mills, Commissioner American Section. cf. t.p.  Part of text in English and Spanish."
    ],
    "dct_language_sm": [
        "English"
    ],
    "schema_provider_s": "Texas",
    "dct_isPartOf_sm": [
        "Perry-Castaneda Library Map Collection",
        "International Boundary collection"
    ],
    "dct_subject_sm": [
        "Scanned maps"
    ],
    "dct_temporal_sm": [
        "1913"
    ],
    "dct_issued_s": "",
    "dct_spatial_sm": [
        "Rio Grande",
        "Cameron",
        "Rabb Plantation",
        "Frank Rabb",
        "Brownsville",
        "Rio Grande",
        "78520",
        "78521",
        "Ala Blanca",
        "Ala Blanca Dr",
        "Alameda Dr",
        "Ancira Dr",
        "Bismark Blvd",
        "Casa Blanca Dr",
        "Cll la Mansion",
        "Cll Milpa Verde",
        "Co Rd 118",
        "Colorado Rd",
        "Cordoba Dr",
        "Coronado Rd",
        "Date Dr",
        "del Prado Dr",
        "del Rio Rd",
        "el Campo Rd",
        "el Matador Dr",
        "Fargo Ave",
        "Fonsi Dr",
        "George Saenz Ln",
        "George Seanz Ln",
        "Granada Dr",
        "Indiana Ave",
        "Kansas Cir",
        "Kansas Rd",
        "la Posada Cir",
        "la Plaza Dr",
        "la Posada Dr",
        "Laguna Dr",
        "Levee",
        "Los Arboles Dr",
        "Los Arboles",
        "Los Lobos",
        "Los Tres Amigos Cir",
        "Lynx Dr",
        "Maverick",
        "Maverick Rd",
        "Minot Ave",
        "Mirada",
        "Miramar Dr",
        "Mitchell Ave",
        "Monaco Dr",
        "Monte Alta",
        "Monte Bonito Dr",
        "Monsees Rd",
        "Monte Bello Cir",
        "Oasis Dr",
        "Old Nogales Rd",
        "Palacio Real Cir",
        "Palacio Real Dr",
        "Palm Grove Dr",
        "Palma de Micharos Dr",
        "Paloma Blanca Dr",
        "Panther Dr",
        "Pierre Ave",
        "Rene Ave",
        "Ricky Dr",
        "Rosedal Dr",
        "Ruiz Ln",
        "S Indiana Ave",
        "S Texas Palm Cir",
        "Sabal Palm Cir",
        "Sabal Palm Grove Rd",
        "Sahara Dr",
        "Sevilla Dr",
        "Sicamoro",
        "Siesta Dr",
        "Sioux Falls",
        "South Dakota Ave",
        "Southmost Rd",
        "Taxco Dr",
        "Texas Palm Cir",
        "Tiger Dr",
        "Victoria Dr",
        "Villa Pancho Dr",
        "Texas",
        "Tamaulipas"
    ],
    "locn_geometry": "ENVELOPE(-97.49555, -97.40771, 25.88497, 25.81923)",
    "dct_accessRights_s": "Public",
    "dct_format_s": "GeoJPEG",
    "gbl_resourceClass_sm": "Maps",
    "gbl_wxsIdentifier_s": "utlmaps__ib__ibc__10k__9379868__sheet25_layer",
    "dct_references_s": "{\"http://schema.org/downloadUrl\": \"https://curio.lib.utexas.edu/geodata/raster/utlmaps__ib__ibc__10k__9379868__sheet25.zip\", \"https://github.com/cogeotiff/cog-spec\": \"https://curio.lib.utexas.edu/geodata/raster/utlmaps__ib__ibc__10k__9379868__sheet25.tif\", \"http://www.isotc211.org/schemas/2005/gmd/\": \"https://curio.lib.utexas.edu/geodata/iso/utlmaps__ib__ibc__10k__9379868__sheet25.xml\"}",
    "id": "utaustin_121217",
    "dct_identifier_sm": [
        "121217"
    ],
    "gbl_mdModified_dt": "2019-03-15T00:00:00Z",
    "gbl_mdVersion_s": "Aardvark"
}