{
    "dct_title_s": "Survey of the Rio Grande, Roma to the Gulf of Mexico (1:10,000), 1913, Sheet 09",
    "dct_creator_sm": "International Boundary & Water Commission, United States & Mexico.",
    "dct_publisher_sm": "United States. Department of State.",
    "dct_description_sm": [
        "Scale: 1:10000;  Other Descriptive Notes about Map Series: Cover title: Survey of the Rio Grande Roma to the Gulf of Mexico : reports and maps.  Anson Mills, Commissioner American Section. cf. t.p.  Part of text in English and Spanish."
    ],
    "dct_language_sm": [
        "English"
    ],
    "schema_provider_s": "Texas",
    "dct_isPartOf_sm": [
        "Perry-Castaneda Library Map Collection",
        "International Boundary collection"
    ],
    "dct_subject_sm": [
        "Scanned maps"
    ],
    "dct_temporal_sm": [
        "1913"
    ],
    "dct_issued_s": "",
    "dct_spatial_sm": [
        "Rio Grande",
        "Hidalgo",
        "Havana",
        "Los Ebanos Ferry Crossing",
        "Rio Grande",
        "78560",
        "78565",
        "6th St",
        "Antonio Villalon St",
        "Casimiro Ortega Ave",
        "Casimiro Ortega St",
        "Delia St",
        "Federico Flores St",
        "Felix Martinez Ave",
        "Flores St",
        "Frederico Flores Ave",
        "Hediberto Garza St",
        "Heriberto Garzas St",
        "Heriberto Garza St",
        "Jose Garcia Ave",
        "Jose Garcia St",
        "Julio Garza St",
        "Main St",
        "Manuel St",
        "Matias Flores St",
        "Military Rd",
        "Onesimo Mireles St",
        "Patricio Perez Rd",
        "Patricio Perez Blvd",
        "Raul Villareal St",
        "Rene Flores St",
        "Rene Flores Ave",
        "Rosendo Benavidez St",
        "US Customs Toll Brg",
        "US Hwy 83",
        "Villegas St",
        "Texas",
        "Tamaulipas"
    ],
    "locn_geometry": "ENVELOPE(-98.59941, -98.50327, 26.24793, 26.18202)",
    "dct_accessRights_s": "Public",
    "dct_format_s": "GeoJPEG",
    "gbl_resourceClass_sm": "Maps",
    "gbl_wxsIdentifier_s": "utlmaps__ib__ibc__10k__9379868__sheet09_layer",
    "dct_references_s": "{\"http://schema.org/downloadUrl\": \"https://curio.lib.utexas.edu/geodata/raster/utlmaps__ib__ibc__10k__9379868__sheet09.zip\", \"https://github.com/cogeotiff/cog-spec\": \"https://curio.lib.utexas.edu/geodata/raster/utlmaps__ib__ibc__10k__9379868__sheet09.tif\", \"http://www.isotc211.org/schemas/2005/gmd/\": \"https://curio.lib.utexas.edu/geodata/iso/utlmaps__ib__ibc__10k__9379868__sheet09.xml\"}",
    "id": "utaustin_121202",
    "dct_identifier_sm": [
        "121202"
    ],
    "gbl_mdModified_dt": "2019-03-15T00:00:00Z",
    "gbl_mdVersion_s": "Aardvark"
}