{
    "dct_title_s": "Sanborn Fire Insurance Maps [Austin, Texas, 1889; Sheet 15]",
    "dct_creator_sm": "Sanborn Map Company",
    "dct_publisher_sm": "Sanborn Map Company",
    "dct_description_sm": [
        "Scale: 1:1000;"
    ],
    "dct_language_sm": [
        "English"
    ],
    "schema_provider_s": "Texas",
    "dct_isPartOf_sm": [
        "Perry-Castaneda Library Map Collection",
        "Sanborn Fire Insurance collection"
    ],
    "dct_subject_sm": [
        "Scanned maps"
    ],
    "dct_temporal_sm": [
        "1889"
    ],
    "dct_issued_s": "",
    "dct_spatial_sm": [
        "Schneider",
        "J. P. Store",
        "Austin",
        "Shoal Creek",
        "Lady Bird Lake",
        "78701",
        "Colorado St",
        "Guadalupe St",
        "Lavaca St",
        "Nueces St",
        "Rio Grande St",
        "San Antonio St",
        "W 2nd St",
        "W 3rd St",
        "W 4th St",
        "W 5th St",
        "W Cesar Chavez St",
        "Texas"
    ],
    "locn_geometry": "ENVELOPE(-97.75069, -97.74547, 30.26805, 30.26386)",
    "dct_accessRights_s": "Public",
    "dct_format_s": "GeoJPEG",
    "gbl_resourceClass_sm": "Maps",
    "gbl_wxsIdentifier_s": "utlmaps__sfi__austin_tx_1889__1k__x__15_layer",
    "dct_references_s": "{\"http://schema.org/downloadUrl\": \"https://curio.lib.utexas.edu/geodata/raster/utlmaps__sfi__austin_tx_1889__1k__x__15.zip\", \"https://github.com/cogeotiff/cog-spec\": \"https://curio.lib.utexas.edu/geodata/raster/utlmaps__sfi__austin_tx_1889__1k__x__15.tif\", \"http://www.isotc211.org/schemas/2005/gmd/\": \"https://curio.lib.utexas.edu/geodata/iso/utlmaps__sfi__austin_tx_1889__1k__x__15.xml\"}",
    "id": "utaustin_121150",
    "dct_identifier_sm": [
        "121150"
    ],
    "gbl_mdModified_dt": "2019-03-15T00:00:00Z",
    "gbl_mdVersion_s": "Aardvark"
}