{
    "dct_title_s": "1:1,000,000, 1:1,000,000 (GSGS 2555), Sheet Hanoi (GSGS 2555), Asia",
    "dct_publisher_sm": "United States. Army Map Service.",
    "dct_description_sm": [
        "Scale: 1:1000000;  Map Type: Topographic maps;  Other Descriptive Notes about Map Series: Set includes various issues of some sheets, some reissued by U. S. Army map service.  Some sheets are compiled by the Royal geographical society, Survey of India, British Middle East forces or U. S. Army map service.  Some sheets are included in series M. D. R. 1 and HIND 5000.  Modified polyconic projection of the International 1/m map.  Elevations shown by contours and altitude tints.  Several classes of roads and railroads are shown.  Some sheets have air information and are designed as Aeronautical edition, Army/Air style or Ground/Air..  Reference (Legende) in English and French.  Set is supplemented by East Indies 1:1,000,000 (G. S. G. S. 4204) Eastern Asia 1:1,000,000 (A. M. S. 5301) and Western Asia 1:1,000,000 (A. M. S. 5302)."
    ],
    "dct_language_sm": [
        "English"
    ],
    "schema_provider_s": "Texas",
    "dct_isPartOf_sm": [
        "Perry-Castaneda Library Map Collection",
        "Army Map Service collection"
    ],
    "dct_subject_sm": [
        "Scanned maps"
    ],
    "dct_temporal_sm": [
        "1916"
    ],
    "dct_issued_s": "",
    "dct_spatial_sm": [
        "Yunnan-Guizhou Plateau",
        "Cha\u00eene Annamitique",
        "Mainland Southeast Asia",
        "Ph\u00f4ngsali",
        "Laos",
        "Yunnan",
        "China",
        "Oud\u00f4mxai",
        "\u0110i\u1ec7n Bi\u00ean",
        "Vietnam",
        "Louangphrabang",
        "Houaphan",
        "Son La",
        "Thanh H\u00f3a",
        "Xiangkhoang",
        "H\u00e0 Giang",
        "Guangxi",
        "Cao B\u1eb1ng",
        "L\u00e0o Cai",
        "Lai Chau",
        "L\u1ea1ng S\u01a1n",
        "Qu\u1ea3ng Ninh",
        "Ninh B\u00ecnh",
        "Nam \u0110\u1ecbnh",
        "Th\u00e1i B\u00ecnh",
        "H\u1ea3i Ph\u00f2ng",
        "H\u00f2a B\u00ecnh",
        "Tuy\u00ean Quang",
        "Y\u00ean B\u00e1i",
        "V\u0129nh Ph\u00fac",
        "Ph\u00fa Th\u1ecd",
        "Ha Noi",
        "\u0110\u00f4ng B\u1eafc",
        "\u0110\u1ed3ng B\u1eb1ng S\u00f4ng H\u1ed3ng",
        "B\u1eafc Ninh",
        "B\u1eafc Giang",
        "Th\u00e1i Nguy\u00ean",
        "H\u1ea3i D\u01b0\u01a1ng",
        "H\u00e0 Nam"
    ],
    "locn_geometry": "ENVELOPE(102.0, 108.0, 24.0, 20.0)",
    "dct_accessRights_s": "Public",
    "dct_format_s": "GeoJPEG",
    "gbl_resourceClass_sm": "Maps",
    "gbl_wxsIdentifier_s": "utlmaps__ams__asia__1000k__6622985__hanoi_nf_48_layer",
    "dct_references_s": "{\"http://schema.org/downloadUrl\": \"https://curio.lib.utexas.edu/geodata/raster/utlmaps__ams__asia__1000k__6622985__hanoi_nf_48.zip\", \"https://github.com/cogeotiff/cog-spec\": \"https://curio.lib.utexas.edu/geodata/raster/utlmaps__ams__asia__1000k__6622985__hanoi_nf_48.tif\", \"http://www.isotc211.org/schemas/2005/gmd/\": \"https://curio.lib.utexas.edu/geodata/iso/utlmaps__ams__asia__1000k__6622985__hanoi_nf_48.xml\"}",
    "id": "utaustin_18894",
    "dct_identifier_sm": [
        "18894"
    ],
    "gbl_mdModified_dt": "2019-03-15T00:00:00Z",
    "gbl_mdVersion_s": "Aardvark"
}