{
    "dct_title_s": "Folkestone-Boulogne, Sheet no. 1, North west Europe 1:250,000.",
    "dct_description_sm": [
        "Scale: 1:250000;  Map Type: lcgft;  Other Descriptive Notes about Map Series: Relief shown by contours, gradient tints, shading, and spot heights. Depths shown by gradient tints.  Three classes of railways and five classes of roads are shown.  Covers area north from Broadstairs, England to Rue, France to the south, and west from Brighton, England to St. Omer, France to the east.  Sheet 1, Folkestone-Boulogne from set covering most of the Low Countries and northeastern France. Set includes various issues of some sheets, some reissued by U.S. Army Map Service. Some sheets have series designation A.M.S. M503 (G.S.G.S. 4042).  Military grid.  British Modified Grid (Purple). Projection, Cassini. Spheroid, Airy. ... Nord de Guerre Zone Grid (Blue). Projection, Lambert Conical Orthomorphic. Spheroid, DuPlessis (reconstituted)..  Heights in metres..  Contour interval 50 metres..  Cataloging agency's copy overprinted with 1 dashed blue diagonal line extending south/northeast from roughly E 0\u00b041\u02b9/N 50\u00b015\u02b9 to E 1\u00b00\u02b9/N 51\u00b022\u02b9 with designation: 9\u00b030\u02b9 W (June 1943).  IXA.  Cataloging agency's copy overprinted with 1 solid blue diagonal line extending south/northeast from roughly E 1\u00b041\u02b9/N 50\u00b015\u02b9 to E 1\u00b059\u02b9/N 51\u00b022\u02b9 with designation: 9\u00b0 W (June 1943).  IXA.  Includes Conversion table, 2 convergence diagrams, Index of grid letters and indext to adjoining sheets, Reliability diagram, and To give a grid reference on this sheet.  100,000/4/43.E.."
    ],
    "dct_language_sm": [
        "English"
    ],
    "schema_provider_s": "Texas",
    "dct_isPartOf_sm": [
        "Perry-Castaneda Library Map Collection",
        "Field Maps of Colonel Roland T. Fenton"
    ],
    "dct_subject_sm": [
        "Scanned maps"
    ],
    "dct_temporal_sm": [
        "1943"
    ],
    "dct_issued_s": "",
    "dct_spatial_sm": [
        "Great Britain",
        "British Isles",
        "North European Plain",
        "Nord",
        "France",
        "West Flanders",
        "Belgium",
        "Thurrock",
        "United Kingdom",
        "Kent",
        "Medway",
        "East Sussex",
        "Brighton and Hove",
        "West Sussex",
        "Seine-Maritime",
        "Somme",
        "Pas-de-Calais",
        "Wandsworth",
        "Merton",
        "Hounslow",
        "Richmond upon Thames",
        "Bexley",
        "Sutton",
        "Lambeth",
        "Southwark",
        "Croydon",
        "Lewisham",
        "Kingston upon Thames",
        "Greenwich",
        "Bromley",
        "Surrey"
    ],
    "locn_geometry": "ENVELOPE(-0.41744, 2.76521, 51.45403, 50.01635)",
    "dct_accessRights_s": "Public",
    "dct_format_s": "GeoJPEG",
    "gbl_resourceClass_sm": "Maps",
    "gbl_wxsIdentifier_s": "utlmaps__cc__fenton__250k__1035421764__folkestone_boulogne_layer",
    "dct_references_s": "{\"http://schema.org/downloadUrl\": \"https://curio.lib.utexas.edu/geodata/raster/utlmaps__cc__fenton__250k__1035421764__folkestone_boulogne.zip\", \"https://github.com/cogeotiff/cog-spec\": \"https://curio.lib.utexas.edu/geodata/raster/utlmaps__cc__fenton__250k__1035421764__folkestone_boulogne.tif\", \"http://www.isotc211.org/schemas/2005/gmd/\": \"https://curio.lib.utexas.edu/geodata/iso/utlmaps__cc__fenton__250k__1035421764__folkestone_boulogne.xml\"}",
    "id": "utaustin_121251",
    "dct_identifier_sm": [
        "121251"
    ],
    "gbl_mdModified_dt": "2019-03-15T00:00:00Z",
    "gbl_mdVersion_s": "Aardvark"
}