{
    "dct_title_s": "Survey of the Rio Grande, Roma to the Gulf of Mexico (1:10,000), 1913, Sheet 17",
    "dct_creator_sm": "International Boundary & Water Commission, United States & Mexico.",
    "dct_publisher_sm": "United States. Department of State.",
    "dct_description_sm": [
        "Scale: 1:10000;  Other Descriptive Notes about Map Series: Cover title: Survey of the Rio Grande Roma to the Gulf of Mexico : reports and maps.  Anson Mills, Commissioner American Section. cf. t.p.  Part of text in English and Spanish."
    ],
    "dct_language_sm": [
        "English"
    ],
    "schema_provider_s": "Texas",
    "dct_isPartOf_sm": [
        "Perry-Castaneda Library Map Collection",
        "International Boundary collection"
    ],
    "dct_subject_sm": [
        "Scanned maps"
    ],
    "dct_temporal_sm": [
        "1913"
    ],
    "dct_issued_s": "",
    "dct_spatial_sm": [
        "Rio Grande",
        "Hidalgo",
        "Don Florencio Saenz Homestead",
        "Former Station Site of Spiderweb Railroad",
        "Progreso",
        "St. Joseph's Church",
        "Balli Cemetery",
        "Weslaco",
        "Progreso Lakes",
        "Rio Grande",
        "78570",
        "78579",
        "78596",
        "Alyssa St",
        "Beto Ave",
        "Calles St",
        "Cameron St",
        "China St",
        "Cll Santiago Galvan",
        "Danita Jo St",
        "Desiga Way",
        "Diaz St",
        "Dimas St",
        "Dunn St",
        "E Malone Dr",
        "E Palm Ave",
        "FM 1015",
        "Ford St",
        "Hernandez St",
        "Hidalgo St",
        "Homer Ave",
        "Industrial Dr",
        "Juarez St",
        "Levi",
        "Lindsey St",
        "Lion Lake Dr",
        "Lion Lake Dr N",
        "Lion Lake Dr S",
        "Lyons St",
        "Madero St",
        "Malone Dr",
        "Mark Ave",
        "Matamoros St",
        "Mile 2 W",
        "Mile 3 Rd W",
        "Mile 5 1/2 Rd W",
        "Mile 5 Rd W",
        "Military Hwy",
        "Mills St",
        "Moon Lake Dr S",
        "Moon Lake Dr N",
        "N Santa Maria Ave",
        "N Sky Soldier Rd",
        "Obregon St",
        "Palm Ave",
        "Pomelo Rd",
        "Quinta Ave",
        "Ranchitos",
        "Rancho Toluca Rd",
        "Reynosa St",
        "Rio Rico St",
        "Rio Bravo St",
        "S Sky Soldier Rd",
        "Santiago Galvan Rd",
        "Shelby Ave",
        "Shirel St",
        "Spc Johnny Vela St",
        "Spr 1015",
        "Star St",
        "Tamaulipas Ave",
        "Tejas Ave",
        "Teran",
        "Toluca Sugar Dr",
        "Todd Ave",
        "Todd St",
        "US Hwy 281",
        "Veronica St",
        "W Watts Ave",
        "Watts Ave",
        "Yasmin St",
        "Texas",
        "Tamaulipas"
    ],
    "locn_geometry": "ENVELOPE(-98.02126, -97.93205, 26.0972, 26.03108)",
    "dct_accessRights_s": "Public",
    "dct_format_s": "GeoJPEG",
    "gbl_resourceClass_sm": "Maps",
    "gbl_wxsIdentifier_s": "utlmaps__ib__ibc__10k__9379868__sheet17_layer",
    "dct_references_s": "{\"http://schema.org/downloadUrl\": \"https://curio.lib.utexas.edu/geodata/raster/utlmaps__ib__ibc__10k__9379868__sheet17.zip\", \"https://github.com/cogeotiff/cog-spec\": \"https://curio.lib.utexas.edu/geodata/raster/utlmaps__ib__ibc__10k__9379868__sheet17.tif\", \"http://www.isotc211.org/schemas/2005/gmd/\": \"https://curio.lib.utexas.edu/geodata/iso/utlmaps__ib__ibc__10k__9379868__sheet17.xml\"}",
    "id": "utaustin_121209",
    "dct_identifier_sm": [
        "121209"
    ],
    "gbl_mdModified_dt": "2019-03-15T00:00:00Z",
    "gbl_mdVersion_s": "Aardvark"
}