{
    "dct_title_s": "Survey of the Rio Grande, Roma to the Gulf of Mexico (1:10,000), 1913, Sheet 14",
    "dct_creator_sm": "International Boundary & Water Commission, United States & Mexico.",
    "dct_publisher_sm": "United States. Department of State.",
    "dct_description_sm": [
        "Scale: 1:10000;  Other Descriptive Notes about Map Series: Cover title: Survey of the Rio Grande Roma to the Gulf of Mexico : reports and maps.  Anson Mills, Commissioner American Section. cf. t.p.  Part of text in English and Spanish."
    ],
    "dct_language_sm": [
        "English"
    ],
    "schema_provider_s": "Texas",
    "dct_isPartOf_sm": [
        "Perry-Castaneda Library Map Collection",
        "International Boundary collection"
    ],
    "dct_subject_sm": [
        "Scanned maps"
    ],
    "dct_temporal_sm": [
        "1913"
    ],
    "dct_issued_s": "",
    "dct_spatial_sm": [
        "Rio Grande",
        "Hidalgo",
        "Hidalgo Post Office",
        "Former",
        "Hidalgo Irrigation Pump Plant",
        "Hidalgo-Reynosa Bridges",
        "Jackson Ranch Church",
        "Louisiana-Rio Grande Canal Company",
        "Hidalgo County Jail",
        "Old",
        "Hidalgo County Courthouse",
        "Old Hidalgo School",
        "Approximate Site of Mission San Joaquin",
        "Town of Hidalgo",
        "Eli Jackson Cemetery",
        "Elder B. Barton",
        "Vela Building",
        "Hidalgo City Cemetery",
        "Pharr",
        "Rio Grande",
        "Louisiana-Rio Grande Canal Company Irrigation System",
        "Carlson Lake",
        "78557",
        "78577",
        "78589",
        "11th St",
        "13th St",
        "15th St",
        "1st St",
        "3rd St",
        "4th St",
        "6th St",
        "A St",
        "Alamo St",
        "Azalea Ave",
        "Azalia",
        "Baldomero Rd",
        "Boganbilia Ave",
        "Branch Becker",
        "Brazil Ave",
        "Bridge St",
        "Bridge",
        "Bugambilia",
        "Bugambilia Ave",
        "Camelia",
        "Capote Central",
        "Capote Farm Rd",
        "Conchita Dr",
        "Dalia St",
        "Datil",
        "Dr Jose Dr",
        "E Acacia Ave",
        "E Azalea Ave",
        "E Boganbilia Ave",
        "E Bugambilia",
        "E Camelia Ave",
        "E Bugambilia Ave",
        "E Coma Ave",
        "E Coma",
        "E Dalia Ave",
        "E Flora Ave",
        "E Esperanza Ave",
        "E Fresno Ave",
        "E Gardenia Ave",
        "E Granjeno Ave",
        "E Hibiscus Ave",
        "E Highline Rd",
        "E Industrial Blvd",
        "E Ithica Ave",
        "E Pirate Dr",
        "E Saltillo St",
        "E Texano Dr",
        "E US Hwy 281",
        "Ebano",
        "el Mercado Dr",
        "Esperanza Ave",
        "Faulconer Rd",
        "Flora Ave",
        "Fresno Ave",
        "Gary St",
        "Golfo St",
        "Hackberry",
        "Hi Line Rd",
        "Hidalgo St",
        "Horseshoe Ln",
        "International Blvd",
        "Judy Ave",
        "Juniper",
        "Keystone",
        "Lakeview Dr",
        "Lariat Ln",
        "Las Palmas Ave",
        "Las Villas",
        "Levee St",
        "Lupita Dr",
        "Matador",
        "Military Hwy",
        "Monterrey Ave",
        "Monterrey St",
        "N 10th St",
        "N 17th St",
        "N 18th St",
        "N 2nd St",
        "N 33rd St",
        "N 35th St",
        "N 4th St",
        "N Lake Dr",
        "Nani St",
        "Oak St",
        "Old Mil Rd",
        "Pate Ranch Rd",
        "Patsy Ave",
        "Pharr International Brg",
        "Pirate Dr",
        "Pso del Rio",
        "Rodeo Dr",
        "Russel Ct",
        "S 11th St",
        "S 10th St",
        "S 1st",
        "S 15th St",
        "S 16th St",
        "S 18th St",
        "S 15th Loop",
        "S 17th St",
        "S 15th Cir",
        "S 15th 1/2 St",
        "S 19th St",
        "S 1st St",
        "S 20th St",
        "S 22nd St",
        "S 24 Th St",
        "S 28th St",
        "S 23rd St",
        "S 29th St",
        "S 21st St",
        "S 25 1/2 St",
        "S 25th St",
        "S 2nd St",
        "S 31st St",
        "S 32nd St",
        "S 30th St",
        "S 33rd St",
        "S 34th St",
        "S 35th St",
        "S 3rd St",
        "S 4th St",
        "S 6th St",
        "S 5th St",
        "S 8th St",
        "S 9th St",
        "S Austin Dr",
        "S Bridge St",
        "S Cage Blvd",
        "S Goliad Dr",
        "S Hibiscus Ave",
        "S Industrial Blvd",
        "S Jackson Rd",
        "S Lake Dr",
        "S McColl Rd",
        "S McColl St",
        "S Monterrey St",
        "S Seguin Dr",
        "S Veterans Blvd",
        "Sabinas St",
        "Saltillo",
        "Saltillo St",
        "Tampico St",
        "Texano Rd",
        "Texano Dr",
        "Toro",
        "Torreon St",
        "Tropical",
        "Tulipan Ave",
        "US Hwy 281",
        "US Hwy 281 Spr",
        "Valle Alto St",
        "Victoria",
        "Victoria St",
        "W Austin Dr",
        "W Dalia Ave",
        "W Doffing Rd",
        "W Esperanza Ave",
        "W Highline Rd",
        "W Joe Pate Blvd",
        "W Lakeview Dr",
        "W Zaragosa Dr",
        "Wayne St",
        "Willow",
        "Texas",
        "Tamaulipas"
    ],
    "locn_geometry": "ENVELOPE(-98.27526, -98.17965, 26.10585, 26.04011)",
    "dct_accessRights_s": "Public",
    "dct_format_s": "GeoJPEG",
    "gbl_resourceClass_sm": "Maps",
    "gbl_wxsIdentifier_s": "utlmaps__ib__ibc__10k__9379868__sheet14_layer",
    "dct_references_s": "{\"http://schema.org/downloadUrl\": \"https://curio.lib.utexas.edu/geodata/raster/utlmaps__ib__ibc__10k__9379868__sheet14.zip\", \"https://github.com/cogeotiff/cog-spec\": \"https://curio.lib.utexas.edu/geodata/raster/utlmaps__ib__ibc__10k__9379868__sheet14.tif\", \"http://www.isotc211.org/schemas/2005/gmd/\": \"https://curio.lib.utexas.edu/geodata/iso/utlmaps__ib__ibc__10k__9379868__sheet14.xml\"}",
    "id": "utaustin_121206",
    "dct_identifier_sm": [
        "121206"
    ],
    "gbl_mdModified_dt": "2019-03-15T00:00:00Z",
    "gbl_mdVersion_s": "Aardvark"
}