{
    "dct_title_s": "Sanborn Fire Insurance Maps [Austin, Texas, 1921; Sheet 86]",
    "dct_creator_sm": "Sanborn Map Company",
    "dct_publisher_sm": "Sanborn Map Company",
    "dct_description_sm": [
        "Scale: 1:1000;"
    ],
    "dct_language_sm": [
        "English"
    ],
    "schema_provider_s": "Texas",
    "dct_isPartOf_sm": [
        "Perry-Castaneda Library Map Collection",
        "Sanborn Fire Insurance collection"
    ],
    "dct_subject_sm": [
        "Scanned maps"
    ],
    "dct_temporal_sm": [
        "1921"
    ],
    "dct_issued_s": "",
    "dct_spatial_sm": [
        "Austin",
        "78701",
        "78702",
        "78705",
        "78712",
        "78722",
        "23rd St E",
        "Comal St",
        "Concho St",
        "E 20th St",
        "E 21st St",
        "E 23rd St",
        "E Dean Keeton St",
        "E Martin Luther King Jr Blvd",
        "East Ave",
        "I- 35",
        "Leona St",
        "Manor Rd",
        "N I- 35 Svc Rd",
        "N Interregional Hwy",
        "Red River St",
        "Robert Dedman Dr",
        "Texas"
    ],
    "locn_geometry": "ENVELOPE(-97.73108, -97.72387, 30.28614, 30.27799)",
    "dct_accessRights_s": "Public",
    "dct_format_s": "GeoJPEG",
    "gbl_resourceClass_sm": "Maps",
    "gbl_wxsIdentifier_s": "utlmaps__sfi__austin_tx_1921__1k__x__86_layer",
    "dct_references_s": "{\"http://schema.org/downloadUrl\": \"https://curio.lib.utexas.edu/geodata/raster/utlmaps__sfi__austin_tx_1921__1k__x__86.zip\", \"https://github.com/cogeotiff/cog-spec\": \"https://curio.lib.utexas.edu/geodata/raster/utlmaps__sfi__austin_tx_1921__1k__x__86.tif\", \"http://www.isotc211.org/schemas/2005/gmd/\": \"https://curio.lib.utexas.edu/geodata/iso/utlmaps__sfi__austin_tx_1921__1k__x__86.xml\"}",
    "id": "utaustin_121186",
    "dct_identifier_sm": [
        "121186"
    ],
    "gbl_mdModified_dt": "2019-03-15T00:00:00Z",
    "gbl_mdVersion_s": "Aardvark"
}