{
    "dct_title_s": "Survey of the Rio Grande, Roma to the Gulf of Mexico (1:10,000), 1913, Sheet 11",
    "dct_creator_sm": "International Boundary & Water Commission, United States & Mexico.",
    "dct_publisher_sm": "United States. Department of State.",
    "dct_description_sm": [
        "Scale: 1:10000;  Other Descriptive Notes about Map Series: Cover title: Survey of the Rio Grande Roma to the Gulf of Mexico : reports and maps.  Anson Mills, Commissioner American Section. cf. t.p.  Part of text in English and Spanish."
    ],
    "dct_language_sm": [
        "English"
    ],
    "schema_provider_s": "Texas",
    "dct_isPartOf_sm": [
        "Perry-Castaneda Library Map Collection",
        "International Boundary collection"
    ],
    "dct_subject_sm": [
        "Scanned maps"
    ],
    "dct_temporal_sm": [
        "1913"
    ],
    "dct_issued_s": "",
    "dct_spatial_sm": [
        "Rio Grande",
        "Hidalgo",
        "Bentsen-Rio Grande Valley State Park",
        "Penitas",
        "Mission",
        "Mission Inlet",
        "Rio Grande",
        "78572",
        "1st Blvd",
        "2nd Blvd",
        "3rd Blvd",
        "4th Blvd",
        "5th Blvd",
        "Abram Rd",
        "Adams St",
        "Agua Ln",
        "Alberto Trevino",
        "Apache St",
        "Bentsen Rio Grande Vall Sta Pk",
        "Blue Jay Dr",
        "Bunting Ln",
        "Cam Grande",
        "Cam Real",
        "Camino Real St",
        "Carioca Dr",
        "Casino Dr",
        "Cemetery Rd",
        "Circle Creek Dr",
        "Circle Lake Dr",
        "Circle Dr",
        "Comanche Dr",
        "Cooton Tail Trl",
        "Cottonwood Dr",
        "Crystal Dr",
        "Daniel Rd",
        "Debby Ln",
        "del Oro Dr",
        "Diane Dr",
        "Domingo Trevino Dr",
        "Falcon Dr",
        "Goodwin Rd",
        "Green Jay Dr",
        "Green Rd",
        "Greens Way",
        "Gregorio Garza",
        "Gregorio Villarreal",
        "Grove Ln",
        "Heron Way",
        "Humberto Garza Jr St",
        "Hummingbird Ln",
        "Industrial Blvd",
        "Inspiration Rd",
        "Jay Ave",
        "K St",
        "Kingfisher Ln",
        "Kiskadee Ln",
        "Lake Point Dr",
        "Lake Front Dr",
        "Lake View Dr",
        "Lark Dr",
        "Levy Rd",
        "Mallard Dr",
        "Mauve Dr",
        "Meadow Lark Dr",
        "Meadow View Dr",
        "Meadow Way Dr",
        "Mile 1 South Rd",
        "Military Rd",
        "Military Rd W",
        "Mina de Oro St",
        "N Abram Rd",
        "Navaho St",
        "North St",
        "Nueces St",
        "Oasis Dr",
        "Obra Dorado",
        "Ojo",
        "Oriole Dr",
        "Osprey Ln",
        "Park Rd 43",
        "Paseo de la Tranquilidad St",
        "Paseo Encantado St",
        "Pelican Way",
        "Rancho del Rey",
        "Resplandor St",
        "River Bend Dr",
        "Royal Palm St",
        "S Bentsen Palm Dr",
        "S Inspiration Rd",
        "S Mile Rd",
        "S Moorefield Rd",
        "S Scott Ln",
        "Scenic Way",
        "Seagull Ln",
        "Shuerbach Rd",
        "Sno Bird Ln",
        "Sol Dorado",
        "Sparrow Ln",
        "St Park Boundary",
        "Sunflower Dr",
        "Sunny Haven Rd",
        "Sunny Haven",
        "Sunset Strip",
        "Tahoe Dr",
        "Templo Dorado St",
        "Thrasher Dr",
        "Turtle Dr",
        "W 1st St",
        "W Military Rd",
        "Watson Rd",
        "Wescan Ln",
        "Western St",
        "Wintex Rd",
        "Texas",
        "Tamaulipas"
    ],
    "locn_geometry": "ENVELOPE(-98.44209, -98.34662, 26.20936, 26.14287)",
    "dct_accessRights_s": "Public",
    "dct_format_s": "GeoJPEG",
    "gbl_resourceClass_sm": "Maps",
    "gbl_wxsIdentifier_s": "utlmaps__ib__ibc__10k__9379868__sheet11_layer",
    "dct_references_s": "{\"http://schema.org/downloadUrl\": \"https://curio.lib.utexas.edu/geodata/raster/utlmaps__ib__ibc__10k__9379868__sheet11.zip\", \"https://github.com/cogeotiff/cog-spec\": \"https://curio.lib.utexas.edu/geodata/raster/utlmaps__ib__ibc__10k__9379868__sheet11.tif\", \"http://www.isotc211.org/schemas/2005/gmd/\": \"https://curio.lib.utexas.edu/geodata/iso/utlmaps__ib__ibc__10k__9379868__sheet11.xml\"}",
    "id": "utaustin_121204",
    "dct_identifier_sm": [
        "121204"
    ],
    "gbl_mdModified_dt": "2019-03-15T00:00:00Z",
    "gbl_mdVersion_s": "Aardvark"
}