{
    "dct_title_s": "Sanborn Fire Insurance Maps [Austin, Texas, 1921; Sheet 95]",
    "dct_creator_sm": "Sanborn Map Company",
    "dct_publisher_sm": "Sanborn Map Company",
    "dct_description_sm": [
        "Scale: 1:1000;"
    ],
    "dct_language_sm": [
        "English"
    ],
    "schema_provider_s": "Texas",
    "dct_isPartOf_sm": [
        "Perry-Castaneda Library Map Collection",
        "Sanborn Fire Insurance collection"
    ],
    "dct_subject_sm": [
        "Scanned maps"
    ],
    "dct_temporal_sm": [
        "1921"
    ],
    "dct_issued_s": "",
    "dct_spatial_sm": [
        "Austin",
        "Waller Creek",
        "Blunn Creek",
        "East Bouldin Creek",
        "Colorado River",
        "Lady Bird Lake",
        "78701",
        "78702",
        "78704",
        "Bierce St",
        "Brushy St",
        "Canterbury St",
        "Clermont Ave",
        "Cross St",
        "Cummings St",
        "Davis St",
        "Driskill St",
        "E 2nd St",
        "E Cesar Chavez St",
        "E Riverside Dr",
        "East Ave",
        "Festival Beach Rd",
        "Flores St",
        "Garden St",
        "Haskell St",
        "Holly St",
        "I- 35",
        "I- 35 Svc Rd N",
        "I- 35 Svc Rd S",
        "Lambie St",
        "Le Grande Ave",
        "Medina St",
        "N I- 35 Svc Rd",
        "Navasota St",
        "Rainey St",
        "Red River St",
        "River St",
        "S I- 35 Svc Rd",
        "San Marcos St",
        "Spence St",
        "Taylor St",
        "Waller St",
        "Willow St",
        "Texas"
    ],
    "locn_geometry": "ENVELOPE(-97.74307, -97.73256, 30.26094, 30.25178)",
    "dct_accessRights_s": "Public",
    "dct_format_s": "GeoJPEG",
    "gbl_resourceClass_sm": "Maps",
    "gbl_wxsIdentifier_s": "utlmaps__sfi__austin_tx_1921__1k__x__95_layer",
    "dct_references_s": "{\"http://schema.org/downloadUrl\": \"https://curio.lib.utexas.edu/geodata/raster/utlmaps__sfi__austin_tx_1921__1k__x__95.zip\", \"https://github.com/cogeotiff/cog-spec\": \"https://curio.lib.utexas.edu/geodata/raster/utlmaps__sfi__austin_tx_1921__1k__x__95.tif\", \"http://www.isotc211.org/schemas/2005/gmd/\": \"https://curio.lib.utexas.edu/geodata/iso/utlmaps__sfi__austin_tx_1921__1k__x__95.xml\"}",
    "id": "utaustin_121194",
    "dct_identifier_sm": [
        "121194"
    ],
    "gbl_mdModified_dt": "2019-03-15T00:00:00Z",
    "gbl_mdVersion_s": "Aardvark"
}