{
    "dct_title_s": "1:100,000, 1:100,000 (AMS M641), Sheet Paderborn (AMS M641), Central Europe",
    "dct_publisher_sm": "United States. Army Map Service.",
    "dct_description_sm": [
        "Scale: 1:100000;  Relief Symbology: contours, gradient and bathymetric tints;  Map Type: Topographic maps;  Other Descriptive Notes about Map Series:   Set includes various issues of some sheets, some reissued by U.S. Army Map Service (A. M. S. M641) and some by units of Allied Forces. This set and the set: Germany 1:100,000 (A. M. S. M641) which is separately cataloged, constitute a set complete in 134 sheets, some oversize.  Military grid.  Contour interval 25 metres above 50 meters, 10 metres below 50 metres. Some sheets also have altitude tints.  Six classes of roads and paths, three classes of railroads, and wooded, vineyard and orchard areas are shown. Vegetation is not shown on ... sheet[s of] AFHQ layered edition.  Compilation of a map of Central Europe on the scale of 1:100,000, undertaken by the British General Staff Geographical Section, was transferred to the U.S. Army Map Service, which published sheets in three series: Germany 1:100,000 (A. M. S. M641) and Poland 1:100,000 (A. M. S. M651) and Middle Danube 1:100,000 (A. M. S. M671) These all carry series note G. S. G. S. 4416, but each is cataloged separately.  Each sheet includes Glossary.  Marginal maps: Index to adjoining sheets and incidence of grid letters [and] G. S. G. S. 4346, Germany 1:250,000.--Compilation diagram.  Index map is cataloged with Germany 1:100,00 (A. M. S. M641); superseded editions are classified with this set."
    ],
    "dct_language_sm": [
        "English"
    ],
    "schema_provider_s": "Texas",
    "dct_isPartOf_sm": [
        "Perry-Castaneda Library Map Collection",
        "Army Map Service collection"
    ],
    "dct_subject_sm": [
        "Scanned maps"
    ],
    "dct_temporal_sm": [
        "1943"
    ],
    "dct_issued_s": "",
    "dct_spatial_sm": [
        "Ruhr",
        "Lippe"
    ],
    "locn_geometry": "ENVELOPE(8.33333, 9.33333, 51.75, 51.25)",
    "dct_accessRights_s": "Public",
    "dct_format_s": "GeoJPEG",
    "gbl_resourceClass_sm": "Maps",
    "gbl_wxsIdentifier_s": "utlmaps__ams__central_europe_m641__100k__6624264__paderborn_q3_layer",
    "dct_references_s": "{\"http://schema.org/downloadUrl\": \"https://curio.lib.utexas.edu/geodata/raster/utlmaps__ams__central_europe_m641__100k__6624264__paderborn_q3.zip\", \"https://github.com/cogeotiff/cog-spec\": \"https://curio.lib.utexas.edu/geodata/raster/utlmaps__ams__central_europe_m641__100k__6624264__paderborn_q3.tif\", \"http://www.isotc211.org/schemas/2005/gmd/\": \"https://curio.lib.utexas.edu/geodata/iso/utlmaps__ams__central_europe_m641__100k__6624264__paderborn_q3.xml\"}",
    "id": "utaustin_19149",
    "dct_identifier_sm": [
        "19149"
    ],
    "gbl_mdModified_dt": "2019-03-15T00:00:00Z",
    "gbl_mdVersion_s": "Aardvark"
}