{
    "dct_title_s": "1:250,000, 1:250,000 (AMS N503), Sheet Nm49 2 (AMS N503), Central Siberia",
    "dct_publisher_sm": "United States. Army Map Service.",
    "dct_description_sm": [
        "Scale: 1:250000;  Relief Symbology: contours, form lines, shading;  Map Type: Topographic maps;  Other Descriptive Notes about Map Series:   Issued in quadrangles 1\u2082 of latitude by 2-3\u2082 of longitude.  Relief indicated variously by contours, form lines, shading, and spot heights.  Coordinated with Series N502, Western Siberia, and Series N504, Eastern Siberia.  Each sheet includes Glossary and Location diagram.  Some sheets have city maps on versos.  Accompanied by index map on 2 sheets 27 x 41-51 cm."
    ],
    "dct_language_sm": [
        "English"
    ],
    "schema_provider_s": "Texas",
    "dct_isPartOf_sm": [
        "Perry-Castaneda Library Map Collection",
        "Army Map Service collection"
    ],
    "dct_subject_sm": [
        "Scanned maps"
    ],
    "dct_temporal_sm": [
        "1955"
    ],
    "dct_issued_s": "",
    "dct_spatial_sm": [
        "Buryat",
        "Khilok",
        "Siberia",
        "Ingoda",
        "Yablonovyy Range",
        "Chita",
        "Russia"
    ],
    "locn_geometry": "ENVELOPE(109.99963, 112.00014, 52.00025, 50.99977)",
    "dct_accessRights_s": "Public",
    "dct_format_s": "GeoJPEG",
    "gbl_resourceClass_sm": "Maps",
    "gbl_wxsIdentifier_s": "utlmaps__ams__central_siberia_n503__250k__6637318__nm49_2_layer",
    "dct_references_s": "{\"http://schema.org/downloadUrl\": \"https://curio.lib.utexas.edu/geodata/raster/utlmaps__ams__central_siberia_n503__250k__6637318__nm49_2.zip\", \"https://github.com/cogeotiff/cog-spec\": \"https://curio.lib.utexas.edu/geodata/raster/utlmaps__ams__central_siberia_n503__250k__6637318__nm49_2.tif\", \"http://www.isotc211.org/schemas/2005/gmd/\": \"https://curio.lib.utexas.edu/geodata/iso/utlmaps__ams__central_siberia_n503__250k__6637318__nm49_2.xml\"}",
    "id": "utaustin_19168",
    "dct_identifier_sm": [
        "19168"
    ],
    "gbl_mdModified_dt": "2019-03-15T00:00:00Z",
    "gbl_mdVersion_s": "Aardvark"
}