{
    "dct_title_s": "Survey of the Rio Grande, Roma to the Gulf of Mexico (1:10,000), 1913, Sheet 10",
    "dct_creator_sm": "International Boundary & Water Commission, United States & Mexico.",
    "dct_publisher_sm": "United States. Department of State.",
    "dct_description_sm": [
        "Scale: 1:10000;  Other Descriptive Notes about Map Series: Cover title: Survey of the Rio Grande Roma to the Gulf of Mexico : reports and maps.  Anson Mills, Commissioner American Section. cf. t.p.  Part of text in English and Spanish."
    ],
    "dct_language_sm": [
        "English"
    ],
    "schema_provider_s": "Texas",
    "dct_isPartOf_sm": [
        "Perry-Castaneda Library Map Collection",
        "International Boundary collection"
    ],
    "dct_subject_sm": [
        "Scanned maps"
    ],
    "dct_temporal_sm": [
        "1913"
    ],
    "dct_issued_s": "",
    "dct_spatial_sm": [
        "Rio Grande",
        "Hidalgo",
        "Penitas",
        "Los Ejidos de Reynosa Vieja",
        "Pe\u00f1itas Cemetery",
        "La Joya",
        "Rio Grande",
        "Penitas Lake",
        "Walker Lake",
        "78560",
        "78565",
        "78572",
        "78576",
        "10th St",
        "11th St",
        "11 1/2 St",
        "12th St",
        "13th St",
        "14 Th St",
        "18th St",
        "1st St",
        "23rd St",
        "2nd St",
        "4th St",
        "5th St",
        "6th St",
        "Alaniz Ave",
        "Alexa Dr",
        "Alma St",
        "Amanda St",
        "Apache St",
        "Arrow Point St",
        "Buena Vista Rd",
        "Cactus Dr",
        "Camelot Ct",
        "Camelot Dr",
        "Captain Hook",
        "Cedro St",
        "Chihuahua Rd",
        "Church Ln",
        "Christina Dr",
        "Cindy St",
        "Couples Cir",
        "Coyote Ave",
        "Cowboy Ln",
        "de la Garza Rd",
        "Denise Cir",
        "Diamond Ave",
        "Dusty Trail Ln",
        "Durazno St",
        "E 13th St",
        "E 3rd St",
        "E 4th St",
        "E 9 1/2 St",
        "E 9th St",
        "E Expy 83",
        "Ebano Cir",
        "Ebony St",
        "Elizabeth St",
        "Encino St",
        "Ficus St",
        "Fishermans Wharf",
        "Floyd Cir",
        "FM 2521",
        "Fresno St",
        "Frontage Rd",
        "Gardenia St",
        "Garza Ave",
        "Golf Dr",
        "Gonzalez Ave",
        "Gregorio Garza",
        "Gregorio Villarreal",
        "Harbor Ln",
        "Horse Shoe St",
        "Huisache Ave",
        "Huisache St",
        "I- 2",
        "Ida Dr",
        "Jasmin St",
        "Jessica Jane Ave",
        "Katrina Dr",
        "Kika de la Garza Blvd",
        "King Ave",
        "King St",
        "la Joya St",
        "Lake Point St",
        "Laurel St",
        "Leo Ave",
        "Liberty Blvd",
        "Loma Blanca St",
        "Los Charcos",
        "Manuelita Rios St",
        "Marco Dr",
        "Maribel St",
        "Mesquite Meadow St",
        "Mesquite Ave",
        "Mesquite St",
        "Mi Rancho",
        "Military Hwy",
        "Military Rd",
        "N 1427",
        "N Los Charcos",
        "Oja de Agua St",
        "Palm Ave",
        "Palm Dr",
        "Palm Shores Blvd",
        "Patricio Perez Rd",
        "Patricio Perez Blvd",
        "Penitas Park Ave",
        "Penitas Ave",
        "Penitas St",
        "Perez Dr",
        "Perales Martinez",
        "Pike Ave",
        "Pino St",
        "Rancho Escondido",
        "Rancho Lomita",
        "Rancho el Coyote",
        "Rancho Grande",
        "Rancho Lajoya",
        "Reyna Farias St",
        "S 11th St",
        "S Coyote Ave",
        "S Kika de la Garza Blvd",
        "Sherwood Dr",
        "Showers Rd",
        "Squire Ln",
        "Tabasco Rd",
        "Tom Gill Rd",
        "Treasure Hills",
        "Trevino Farias",
        "US Hwy 83",
        "US Hwy 83 Bus",
        "Vela Jackson Ave",
        "Villa Rama S",
        "Villa Rama N",
        "Villa Rama Cir",
        "W 10th St",
        "W 3rd St",
        "W 6th St",
        "W 9th 1/2 St",
        "W 7th St",
        "W 8th St",
        "W 9th St",
        "W Military Rd",
        "Wagon Trail Dr",
        "Walk the Plank",
        "Western View Rd",
        "Yolanda St",
        "Zamora St",
        "Texas",
        "Tamaulipas"
    ],
    "locn_geometry": "ENVELOPE(-98.51015, -98.41266, 26.24733, 26.18183)",
    "dct_accessRights_s": "Public",
    "dct_format_s": "GeoJPEG",
    "gbl_resourceClass_sm": "Maps",
    "gbl_wxsIdentifier_s": "utlmaps__ib__ibc__10k__9379868__sheet10_layer",
    "dct_references_s": "{\"http://schema.org/downloadUrl\": \"https://curio.lib.utexas.edu/geodata/raster/utlmaps__ib__ibc__10k__9379868__sheet10.zip\", \"https://github.com/cogeotiff/cog-spec\": \"https://curio.lib.utexas.edu/geodata/raster/utlmaps__ib__ibc__10k__9379868__sheet10.tif\", \"http://www.isotc211.org/schemas/2005/gmd/\": \"https://curio.lib.utexas.edu/geodata/iso/utlmaps__ib__ibc__10k__9379868__sheet10.xml\"}",
    "id": "utaustin_121203",
    "dct_identifier_sm": [
        "121203"
    ],
    "gbl_mdModified_dt": "2019-03-15T00:00:00Z",
    "gbl_mdVersion_s": "Aardvark"
}