{
    "dct_title_s": "Arlon, Sheet 17, Belgium & N.E. France 1:100,000.",
    "dct_description_sm": [
        "Scale: 1:100000;  Map Type: lcgft;  Other Descriptive Notes about Map Series: Relief shown by contours, gradient tints, and spot heights.  Waterways, eight classes of roads and tracks, four classes of railroads, and woods, orchards, and brushwood are indicated.  Covers area north from Jenneville to Velosnes to the south, and west from La Chapelle to Septfontaines to the east. Arlon is roughly below center right of sheet.  Modified reprint of Sheet 17, Arlon, from G.S.G.S. series 4336 covering Belgium and N.E. France in 21 sheets. Originally published: [London] : War Office, 1942-. Series includes various issues of some sheets, some issued by U.S. Army Map Service, A.M.S. M603.  Published by War Office, 1943..  Revised at O.S. 1943..  Contour interval 10 metres; every 100 accentuated. The system of contouring on this sheet can only be considered approximately correct..  Military grid.  The grid on this map is Nord de Guerre Zone..  Cataloging agency's copy has black overprint circle around St. Mard in lower center portion of sheet. Overprint circle connected by single black overprint line to handwritten annotation in black marker ink in center lower margin: Class III (Seminole).  IXA.  Includes legend, Reliability diagram, magnetic declination diagram, grid reference diagram, and Incidence of grid letters and index to adjoining sheets.  80,000/8/44.E.."
    ],
    "dct_language_sm": [
        "English"
    ],
    "schema_provider_s": "Texas",
    "dct_isPartOf_sm": [
        "Perry-Castaneda Library Map Collection",
        "Field Maps of Colonel Roland T. Fenton"
    ],
    "dct_subject_sm": [
        "Scanned maps"
    ],
    "dct_temporal_sm": [
        "1944"
    ],
    "dct_issued_s": "",
    "dct_spatial_sm": [
        "Diekirch",
        "Arlon",
        "Luxembourg",
        "Maas",
        "S\u00fbre",
        "Ardennes",
        "Rheinland-Pfalz",
        "Germany",
        "Diekirch",
        "France",
        "Namur",
        "Belgium",
        "Meuse",
        "Meurthe-et-Moselle",
        "Moselle"
    ],
    "locn_geometry": "ENVELOPE(4.92197, 6.16881, 50.05029, 49.45545)",
    "dct_accessRights_s": "Public",
    "dct_format_s": "GeoJPEG",
    "gbl_resourceClass_sm": "Maps",
    "gbl_wxsIdentifier_s": "utlmaps__cc__fenton__100k__1031402282__arlon_layer",
    "dct_references_s": "{\"http://schema.org/downloadUrl\": \"https://curio.lib.utexas.edu/geodata/raster/utlmaps__cc__fenton__100k__1031402282__arlon.zip\", \"https://github.com/cogeotiff/cog-spec\": \"https://curio.lib.utexas.edu/geodata/raster/utlmaps__cc__fenton__100k__1031402282__arlon.tif\", \"http://www.isotc211.org/schemas/2005/gmd/\": \"https://curio.lib.utexas.edu/geodata/iso/utlmaps__cc__fenton__100k__1031402282__arlon.xml\"}",
    "id": "utaustin_121173",
    "dct_identifier_sm": [
        "121173"
    ],
    "gbl_mdModified_dt": "2019-03-15T00:00:00Z",
    "gbl_mdVersion_s": "Aardvark"
}