{
    "dct_title_s": "Rostock , Sheet M 55, Germany 1:250,000.",
    "dct_description_sm": [
        "Scale: 1:250000;  Projection: Lambert conical orthomorphic projection;  Map Type: lcgft;  Other Descriptive Notes about Map Series: Relief shown by contours, spot heights, and gradient tints.  Five classes of railways and five classes of roads are shown.  Covers area west from Tranderup, Denmark to Stege, Denmark to the east, and north from Kalvehave, Denmark to Nebukow, Germany to the south. Rostock roughly in lower right corner of sheet.  Sheet M.55, Rostock from series originally issued in various editions by Great Britain, War Office, Geographical Section, General Staff, No. 4346.  For use by War and Navy Department Agencies only. Not for sale or distribution..  Military grid.  North European Zone III ... Spheroid, Bessel. ... Nord de Guerre Zone Grid ... Spheroid, Du Plessis..  Cataloging agency's copy overprinted with 4 coordinate scale circles with center points located roughly at E 10\u00b044\u02b9/N 54\u00b044\u02b9 ; E 11\u00b031\u02b9/N 54\u00b046\u02b9 ; E 11\u00b055\u02b9/N 54\u00b017\u02b9 ; E 11\u00b09\u02b9/N 54\u00b014\u02b9.  IXA.  Heights in metres..  Certain main spot heights are indicated by a white tab to improve legibility..  Includes legend, Incidence of grid letters diagrams, Convergence for corners of this sheet diagram, To give a grid reference on this sheet, Grid data: North European Zone III; Nord de Guerre Grid, Index to adjoining sheets, index to corresponding sheets of G.S.G.S. 4081, Germany 1/100,000, Conversion table, Authorities, and Glossary. Also includes printer's color control bar in upper margin.  C.T. 1-45.."
    ],
    "dct_language_sm": [
        "English"
    ],
    "schema_provider_s": "Texas",
    "dct_isPartOf_sm": [
        "Perry-Castaneda Library Map Collection",
        "Field Maps of Colonel Roland T. Fenton"
    ],
    "dct_subject_sm": [
        "Scanned maps"
    ],
    "dct_temporal_sm": [
        "1944"
    ],
    "dct_issued_s": "",
    "dct_spatial_sm": null,
    "locn_geometry": "ENVELOPE(10.10339, 13.05193, 55.14295, 53.65299)",
    "dct_accessRights_s": "Public",
    "dct_format_s": "GeoJPEG",
    "gbl_resourceClass_sm": "Maps",
    "gbl_wxsIdentifier_s": "utlmaps__cc__fenton__250k__1055162296__rostock_layer",
    "dct_references_s": "{\"http://schema.org/downloadUrl\": \"https://curio.lib.utexas.edu/geodata/raster/utlmaps__cc__fenton__250k__1055162296__rostock.zip\", \"https://github.com/cogeotiff/cog-spec\": \"https://curio.lib.utexas.edu/geodata/raster/utlmaps__cc__fenton__250k__1055162296__rostock.tif\", \"http://www.isotc211.org/schemas/2005/gmd/\": \"https://curio.lib.utexas.edu/geodata/iso/utlmaps__cc__fenton__250k__1055162296__rostock.xml\"}",
    "id": "utaustin_121278",
    "dct_identifier_sm": [
        "121278"
    ],
    "gbl_mdModified_dt": "2019-03-15T00:00:00Z",
    "gbl_mdVersion_s": "Aardvark"
}