{
    "dct_title_s": "Sanborn Fire Insurance Maps [Austin, Texas, 1921; Sheet 87]",
    "dct_creator_sm": "Sanborn Map Company",
    "dct_publisher_sm": "Sanborn Map Company",
    "dct_description_sm": [
        "Scale: 1:1000;"
    ],
    "dct_language_sm": [
        "English"
    ],
    "schema_provider_s": "Texas",
    "dct_isPartOf_sm": [
        "Perry-Castaneda Library Map Collection",
        "Sanborn Fire Insurance collection"
    ],
    "dct_subject_sm": [
        "Scanned maps"
    ],
    "dct_temporal_sm": [
        "1921"
    ],
    "dct_issued_s": "",
    "dct_spatial_sm": [
        "Penn and Nellie Wooldridge House",
        "Zeta Tau Alpha House",
        "DeWitt Clinton Baker Home Site",
        "Buen Retiro",
        "Austin",
        "Shoal Creek",
        "78703",
        "78705",
        "East Dr",
        "Fruth St",
        "Gaston Ave",
        "Guadalupe St",
        "Hemphill Park",
        "King St",
        "N Lamar Blvd",
        "Nueces St",
        "Pearl St",
        "Poplar St",
        "Rio Grande St",
        "Salado St",
        "San Gabriel St",
        "San Pedro St",
        "Shoal Cliff Ct",
        "Shoal Crest Ave",
        "Shoal Creek Blvd",
        "W 27th St",
        "W 31st 1/2 St",
        "W 29th 1/2 St",
        "W 30th 1/2 St",
        "W 28th 1/2 St",
        "W 28th St",
        "W 29th St",
        "W 30th St",
        "W 31st St",
        "W 32nd St",
        "Washington Sq",
        "West Ave",
        "West Dr",
        "Whitis Ave",
        "Texas"
    ],
    "locn_geometry": "ENVELOPE(-97.74828, -97.74024, 30.29892, 30.2913)",
    "dct_accessRights_s": "Public",
    "dct_format_s": "GeoJPEG",
    "gbl_resourceClass_sm": "Maps",
    "gbl_wxsIdentifier_s": "utlmaps__sfi__austin_tx_1921__1k__x__87_layer",
    "dct_references_s": "{\"http://schema.org/downloadUrl\": \"https://curio.lib.utexas.edu/geodata/raster/utlmaps__sfi__austin_tx_1921__1k__x__87.zip\", \"https://github.com/cogeotiff/cog-spec\": \"https://curio.lib.utexas.edu/geodata/raster/utlmaps__sfi__austin_tx_1921__1k__x__87.tif\", \"http://www.isotc211.org/schemas/2005/gmd/\": \"https://curio.lib.utexas.edu/geodata/iso/utlmaps__sfi__austin_tx_1921__1k__x__87.xml\"}",
    "id": "utaustin_121187",
    "dct_identifier_sm": [
        "121187"
    ],
    "gbl_mdModified_dt": "2019-03-15T00:00:00Z",
    "gbl_mdVersion_s": "Aardvark"
}