{
    "dct_title_s": "Chemnitz , Sheet N 51, Germany 1:250,000.",
    "dct_description_sm": [
        "Scale: 1:250000;  Projection: Lambert conical orthomorphic projection;  Map Type: lcgft;  Other Descriptive Notes about Map Series: Relief shown by contours, spot heights, and gradient tints.  Five classes of railways and five classes of roads are shown.  Covers area west from Legenfeld, Germany to Kralupy nad Vltavou, Czech Republic to the east, and north from Mittweida, Germany to L\u00e1zn\u011b Kyn\u017evart (K\u00f6nigswart), Czech Republic to the south. Chemnitz roughly at upper left of center portion of sheet.  Sheet N.51, Chemnitz from series originally issued in various editions by Great Britain, War Office, Geographical Section, General Staff, No. 4346.  For use by War and Navy Department Agencies only. Not for sale or distribution..  Military grid.  Nord de Guerre Zone Grid ... Spheroid, Du Plessis..  Cataloging agency's copy overprinted with 4 coordinate scale circles with center points located roughly at E 12\u00b053\u02b9/N 50\u00b044\u02b9 ; E 13\u00b053\u02b9/N 50\u00b046\u02b9 ; E 13\u00b053\u02b9/N 50\u00b016\u02b9 ; E 12\u00b053\u02b9/N 50\u00b016\u02b9.  IXA.  Heights in metres..  Certain main spot heights are indicated by a white tab to improve legibility..  Includes legend, Incidence of grid letters diagrams, Convergence for corners of this sheet diagram, To give a grid reference on this sheet, Grid data: Nord de Guerre Grid, Index to adjoining sheets, index to corresponding 1:100,000 scale sheets, Conversion table, Authorities, and Glossary. Also includes printer's color control bar in upper margin.  5/44SL.."
    ],
    "dct_language_sm": [
        "English"
    ],
    "schema_provider_s": "Texas",
    "dct_isPartOf_sm": [
        "Perry-Castaneda Library Map Collection",
        "Field Maps of Colonel Roland T. Fenton"
    ],
    "dct_subject_sm": [
        "Scanned maps"
    ],
    "dct_temporal_sm": [
        "1944"
    ],
    "dct_issued_s": "",
    "dct_spatial_sm": [
        "B\u00f6hmerwald",
        "Sudetes Mountains",
        "Ore Mountains",
        "\u00dasteck\u00fd",
        "Czech Republic",
        "Sachsen",
        "Germany",
        "Libereck\u00fd",
        "Karlovarsk\u00fd",
        "Bayern",
        "Plze\u0148sk\u00fd",
        "Lower Silesian",
        "Poland",
        "Th\u00fcringen",
        "Sachsen-Anhalt",
        "St\u0159edo\u010desk\u00fd",
        "Prague"
    ],
    "locn_geometry": "ENVELOPE(12.14942, 14.85251, 51.14797, 49.65219)",
    "dct_accessRights_s": "Public",
    "dct_format_s": "GeoJPEG",
    "gbl_resourceClass_sm": "Maps",
    "gbl_wxsIdentifier_s": "utlmaps__cc__fenton__250k__1055162620__chemnitz_layer",
    "dct_references_s": "{\"http://schema.org/downloadUrl\": \"https://curio.lib.utexas.edu/geodata/raster/utlmaps__cc__fenton__250k__1055162620__chemnitz.zip\", \"https://github.com/cogeotiff/cog-spec\": \"https://curio.lib.utexas.edu/geodata/raster/utlmaps__cc__fenton__250k__1055162620__chemnitz.tif\", \"http://www.isotc211.org/schemas/2005/gmd/\": \"https://curio.lib.utexas.edu/geodata/iso/utlmaps__cc__fenton__250k__1055162620__chemnitz.xml\"}",
    "id": "utaustin_121283",
    "dct_identifier_sm": [
        "121283"
    ],
    "gbl_mdModified_dt": "2019-03-15T00:00:00Z",
    "gbl_mdVersion_s": "Aardvark"
}