{
    "dct_title_s": "Sanborn Fire Insurance Maps [Austin, Texas, 1921; Sheet 90]",
    "dct_creator_sm": "Sanborn Map Company",
    "dct_publisher_sm": "Sanborn Map Company",
    "dct_description_sm": [
        "Scale: 1:1000;"
    ],
    "dct_language_sm": [
        "English"
    ],
    "schema_provider_s": "Texas",
    "dct_isPartOf_sm": [
        "Perry-Castaneda Library Map Collection",
        "Sanborn Fire Insurance collection"
    ],
    "dct_subject_sm": [
        "Scanned maps"
    ],
    "dct_temporal_sm": [
        "1921"
    ],
    "dct_issued_s": "",
    "dct_spatial_sm": [
        "Buddington-Benedict-Sheffield Compound",
        "Penn and Nellie Wooldridge House",
        "Jane Yelvington McCallum",
        "Jacob Leser House",
        "Austin",
        "78705",
        "78751",
        "35th",
        "Ave B",
        "Cedar St",
        "E 31st St",
        "E 32nd St",
        "E 33rd St",
        "East Dr",
        "Fruth St",
        "Grandview St",
        "Grooms St",
        "Guadalupe St",
        "Helms St",
        "Hemphill Park",
        "Home Ln",
        "King St",
        "Kings Ln",
        "Laurel Ln",
        "Lipscomb St",
        "Maiden Ln",
        "Medical Pkwy",
        "N Lamar Blvd",
        "Owen Ave",
        "Pearl St",
        "Rio Grande St",
        "Ronson St",
        "Salado St",
        "San Pedro St",
        "Speedway",
        "University Ave",
        "W 33rd St",
        "W 31st 1/2 St",
        "W 29th 1/2 St",
        "W 37th St",
        "W 35th St",
        "W 30th 1/2 St",
        "W 28th 1/2 St",
        "W 29th St",
        "W 30th St",
        "W 31st St",
        "W 32nd St",
        "W 34th St",
        "W 38th 1/2 St",
        "W 38th St",
        "W 39th St",
        "W 40th St",
        "Washington Sq",
        "West Ave",
        "West Dr",
        "Wheeler St",
        "Whitis Ave",
        "Texas"
    ],
    "locn_geometry": "ENVELOPE(-97.74573, -97.73524, 30.30458, 30.29499)",
    "dct_accessRights_s": "Public",
    "dct_format_s": "GeoJPEG",
    "gbl_resourceClass_sm": "Maps",
    "gbl_wxsIdentifier_s": "utlmaps__sfi__austin_tx_1921__1k__x__90_layer",
    "dct_references_s": "{\"http://schema.org/downloadUrl\": \"https://curio.lib.utexas.edu/geodata/raster/utlmaps__sfi__austin_tx_1921__1k__x__90.zip\", \"https://github.com/cogeotiff/cog-spec\": \"https://curio.lib.utexas.edu/geodata/raster/utlmaps__sfi__austin_tx_1921__1k__x__90.tif\", \"http://www.isotc211.org/schemas/2005/gmd/\": \"https://curio.lib.utexas.edu/geodata/iso/utlmaps__sfi__austin_tx_1921__1k__x__90.xml\"}",
    "id": "utaustin_121190",
    "dct_identifier_sm": [
        "121190"
    ],
    "gbl_mdModified_dt": "2019-03-15T00:00:00Z",
    "gbl_mdVersion_s": "Aardvark"
}