{
    "dct_title_s": "Jihlava (Iglau), Sheet O 50, Central Europe 1:250,000.",
    "dct_description_sm": [
        "Scale: 1:250000;  Projection: Lambert conical orthomorphic projection;  Map Type: lcgft;  Other Descriptive Notes about Map Series: Relief shown by contours, gradient tints, and spot heights.  Five classes of roads and four classes of railroads are shown.  Covers area north from Kuttenberg (Kutna Hora) to Neubistritz [Nov\u00e1 Byst\u0159ice] to the south, and west from M\u00fchlhausen (Milevsko) to Bystritz am Pernstein (Byst\u0159ice n. Pern\u0161t\u00fdnem [Byst\u0159ice nad Pern\u0161tejnem]) to the east. Humpoletz [Humpolec] roughly at center of sheet. Iglau (Jihlava) roughly below center right of sheet.  Sheet O 50, Jihlava (Iglau) from set that includes various issues of some sheets, some by various survey units of the Allied Forces (A.F.) some reissued by U.S. Army Map Service, some sheets, G.S.G.S. 4346; some sheets A.M.S. M508 (G.S.G.S. 4346).  For use by War and Navy Department Agencies only. Not for sale or distribution..  Heights in metres..  Certain main spot heights are indicated by a white tab to improve legibility..  Military grid.  Spheroid: Du Plessis..  Includes Convergence for corners of this sheet, To give a grid reference on this sheet, Grid data, Index to adjoining sheets, Conversion graph, Glossary, Authorities, and Incidence of grid letters. Also includes print color control bar in upper margin.  6-44.."
    ],
    "dct_language_sm": [
        "English"
    ],
    "schema_provider_s": "Texas",
    "dct_isPartOf_sm": [
        "Perry-Castaneda Library Map Collection",
        "Field Maps of Colonel Roland T. Fenton"
    ],
    "dct_subject_sm": [
        "Scanned maps"
    ],
    "dct_temporal_sm": [
        "1943"
    ],
    "dct_issued_s": "",
    "dct_spatial_sm": null,
    "locn_geometry": "ENVELOPE(14.13719, 16.86103, 50.14285, 48.67165)",
    "dct_accessRights_s": "Public",
    "dct_format_s": "GeoJPEG",
    "gbl_resourceClass_sm": "Maps",
    "gbl_wxsIdentifier_s": "utlmaps__cc__fenton__250k__1032828603__jihlava_layer",
    "dct_references_s": "{\"http://schema.org/downloadUrl\": \"https://curio.lib.utexas.edu/geodata/raster/utlmaps__cc__fenton__250k__1032828603__jihlava.zip\", \"https://github.com/cogeotiff/cog-spec\": \"https://curio.lib.utexas.edu/geodata/raster/utlmaps__cc__fenton__250k__1032828603__jihlava.tif\", \"http://www.isotc211.org/schemas/2005/gmd/\": \"https://curio.lib.utexas.edu/geodata/iso/utlmaps__cc__fenton__250k__1032828603__jihlava.xml\"}",
    "id": "utaustin_121245",
    "dct_identifier_sm": [
        "121245"
    ],
    "gbl_mdModified_dt": "2019-03-15T00:00:00Z",
    "gbl_mdVersion_s": "Aardvark"
}