{
    "dct_title_s": "Sanborn Fire Insurance Maps [Austin, Texas, 1921; Sheet 85]",
    "dct_creator_sm": "Sanborn Map Company",
    "dct_publisher_sm": "Sanborn Map Company",
    "dct_description_sm": [
        "Scale: 1:1000;"
    ],
    "dct_language_sm": [
        "English"
    ],
    "schema_provider_s": "Texas",
    "dct_isPartOf_sm": [
        "Perry-Castaneda Library Map Collection",
        "Sanborn Fire Insurance collection"
    ],
    "dct_subject_sm": [
        "Scanned maps"
    ],
    "dct_temporal_sm": [
        "1921"
    ],
    "dct_issued_s": "",
    "dct_spatial_sm": [
        "Austin",
        "Waller Creek",
        "78701",
        "78702",
        "78705",
        "78712",
        "78722",
        "22nd St E",
        "23rd St E",
        "Brazos St",
        "E 20 1/2 St",
        "E 18th St",
        "E 21st St",
        "E 23rd St",
        "E Mall Ut",
        "E Martin Luther King Jr Blvd",
        "East Ave",
        "I- 35",
        "Jester Cir",
        "Manor Rd",
        "N I- 35 Svc Rd",
        "N Interregional Hwy",
        "Red River St",
        "Robert Dedman Dr",
        "San Jacinto Blvd",
        "Speedway",
        "Trinity St",
        "Texas"
    ],
    "locn_geometry": "ENVELOPE(-97.73722, -97.72809, 30.28632, 30.27828)",
    "dct_accessRights_s": "Public",
    "dct_format_s": "GeoJPEG",
    "gbl_resourceClass_sm": "Maps",
    "gbl_wxsIdentifier_s": "utlmaps__sfi__austin_tx_1921__1k__x__85_layer",
    "dct_references_s": "{\"http://schema.org/downloadUrl\": \"https://curio.lib.utexas.edu/geodata/raster/utlmaps__sfi__austin_tx_1921__1k__x__85.zip\", \"https://github.com/cogeotiff/cog-spec\": \"https://curio.lib.utexas.edu/geodata/raster/utlmaps__sfi__austin_tx_1921__1k__x__85.tif\", \"http://www.isotc211.org/schemas/2005/gmd/\": \"https://curio.lib.utexas.edu/geodata/iso/utlmaps__sfi__austin_tx_1921__1k__x__85.xml\"}",
    "id": "utaustin_121185",
    "dct_identifier_sm": [
        "121185"
    ],
    "gbl_mdModified_dt": "2019-03-15T00:00:00Z",
    "gbl_mdVersion_s": "Aardvark"
}