{
    "dct_title_s": "Neustrelitz , Sheet N 54, Germany 1:250,000.",
    "dct_description_sm": [
        "Scale: 1:250000;  Projection: Lambert conical orthomorphic projection;  Map Type: lcgft;  Other Descriptive Notes about Map Series: Relief shown by contours, gradient tints, and spot heights.  Five classes of railways and five classes of roads are shown.  Covers area west from Laage to Bismark to the east, and north from Vorbein to Gransee to the south. Neustrelitz roughly below center left portion of sheet.  Likely reprint of Sheet N.54, Neustrelitz by Army Map Service, U.S. Army from series issued in various editions by Geographical Section, General Staff, No. 4346.  Military grid.  Nord de Guerre Grid ... Spheroid, Du Plessis..  Heights in metres..  Certain main spot heights are indicated by a white tab to improve legibility..  Cataloging agency's copy printed on verso of unrelated map, Blatt 1, River Tweed, from series with title: England 1:50 000, originally published [Berlin] : [Generalstab des Heeres], [1940]. German series consists of enlargements of the Ordnance Survey Popular Edition one-inch maps published by the German General Staff. Maps distributed by Army Map Service, U.S. Army following capture from foreign military during World War II.  IXA.  Includes legend, Incidence of grid letters diagrams, Convergence for corners of this sheet diagram, To give a grid reference on this sheet, Grid data: Nord de Guerre Grid, Index to adjoining sheets, Index to corresponding sheets of G.S.G.S. 4416, C. Europe 1/100,000 scale sheets, Conversion table, Authorities, and Glossary."
    ],
    "dct_language_sm": [
        "English"
    ],
    "schema_provider_s": "Texas",
    "dct_isPartOf_sm": [
        "Perry-Castaneda Library Map Collection",
        "Field Maps of Colonel Roland T. Fenton"
    ],
    "dct_subject_sm": [
        "Scanned maps"
    ],
    "dct_temporal_sm": [
        "1944"
    ],
    "dct_issued_s": "",
    "dct_spatial_sm": null,
    "locn_geometry": "ENVELOPE(11.85704, 15.21356, 54.25168, 52.59803)",
    "dct_accessRights_s": "Public",
    "dct_format_s": "GeoJPEG",
    "gbl_resourceClass_sm": "Maps",
    "gbl_wxsIdentifier_s": "utlmaps__cc__fenton__250k__1055162942__neustrelitz_layer",
    "dct_references_s": "{\"http://schema.org/downloadUrl\": \"https://curio.lib.utexas.edu/geodata/raster/utlmaps__cc__fenton__250k__1055162942__neustrelitz.zip\", \"https://github.com/cogeotiff/cog-spec\": \"https://curio.lib.utexas.edu/geodata/raster/utlmaps__cc__fenton__250k__1055162942__neustrelitz.tif\", \"http://www.isotc211.org/schemas/2005/gmd/\": \"https://curio.lib.utexas.edu/geodata/iso/utlmaps__cc__fenton__250k__1055162942__neustrelitz.xml\"}",
    "id": "utaustin_121286",
    "dct_identifier_sm": [
        "121286"
    ],
    "gbl_mdModified_dt": "2019-03-15T00:00:00Z",
    "gbl_mdVersion_s": "Aardvark"
}