{
    "dct_title_s": "Sanborn Fire Insurance Maps [Austin, Texas, 1894; Sheet 13]",
    "dct_creator_sm": "Sanborn Map Company",
    "dct_publisher_sm": "Sanborn Map Company",
    "dct_description_sm": [
        "Scale: 1:1000;"
    ],
    "dct_language_sm": [
        "English"
    ],
    "schema_provider_s": "Texas",
    "dct_isPartOf_sm": [
        "Perry-Castaneda Library Map Collection",
        "Sanborn Fire Insurance collection"
    ],
    "dct_subject_sm": [
        "Scanned maps"
    ],
    "dct_temporal_sm": [
        "1894"
    ],
    "dct_issued_s": "",
    "dct_spatial_sm": [
        "Robinson-Macken House",
        "Emma West Flats",
        "Texas Newspapers",
        "C.S.A.",
        "Joseph and Mary Robinson Martin House",
        "Gilfillan House",
        "West-Bremond Cottage",
        "McNeal Home",
        "Austin",
        "Shoal Creek",
        "78701",
        "78703",
        "Bowie St",
        "Henderson St",
        "Nueces St",
        "Rio Grande St",
        "San Antonio St",
        "W 3rd St",
        "W 4th St",
        "W 5th St",
        "W 6th St",
        "W 7th St",
        "W 8th St",
        "West Ave",
        "Wood St",
        "Texas"
    ],
    "locn_geometry": "ENVELOPE(-97.75313, -97.74777, 30.2717, 30.26768)",
    "dct_accessRights_s": "Public",
    "dct_format_s": "GeoJPEG",
    "gbl_resourceClass_sm": "Maps",
    "gbl_wxsIdentifier_s": "utlmaps__sfi__austin_tx_1894__1k__x__13_layer",
    "dct_references_s": "{\"http://schema.org/downloadUrl\": \"https://curio.lib.utexas.edu/geodata/raster/utlmaps__sfi__austin_tx_1894__1k__x__13.zip\", \"https://github.com/cogeotiff/cog-spec\": \"https://curio.lib.utexas.edu/geodata/raster/utlmaps__sfi__austin_tx_1894__1k__x__13.tif\", \"http://www.isotc211.org/schemas/2005/gmd/\": \"https://curio.lib.utexas.edu/geodata/iso/utlmaps__sfi__austin_tx_1894__1k__x__13.xml\"}",
    "id": "utaustin_121156",
    "dct_identifier_sm": [
        "121156"
    ],
    "gbl_mdModified_dt": "2019-03-15T00:00:00Z",
    "gbl_mdVersion_s": "Aardvark"
}