{
    "dct_title_s": "Sanborn Fire Insurance Maps [Austin, Texas, 1921; Sheet 50]",
    "dct_creator_sm": "Sanborn Map Company",
    "dct_publisher_sm": "Sanborn Map Company",
    "dct_description_sm": [
        "Scale: 1:1000;"
    ],
    "dct_language_sm": [
        "English"
    ],
    "schema_provider_s": "Texas",
    "dct_isPartOf_sm": [
        "Perry-Castaneda Library Map Collection",
        "Sanborn Fire Insurance collection"
    ],
    "dct_subject_sm": [
        "Scanned maps"
    ],
    "dct_temporal_sm": [
        "1921"
    ],
    "dct_issued_s": "",
    "dct_spatial_sm": [
        "Austin",
        "78702",
        "Adam L Chapa Sr St",
        "Anthony St",
        "Caney St",
        "Chicon St",
        "E 2nd St",
        "E 3rd St",
        "E 4th St",
        "E 5th St",
        "E Cesar Chavez St",
        "Elkhart St",
        "Lynn St",
        "Robert Martinez Jr St",
        "Salina St",
        "Willow St",
        "Texas"
    ],
    "locn_geometry": "ENVELOPE(-97.72499, -97.7201, 30.26038, 30.25568)",
    "dct_accessRights_s": "Public",
    "dct_format_s": "GeoJPEG",
    "gbl_resourceClass_sm": "Maps",
    "gbl_wxsIdentifier_s": "utlmaps__sfi__austin_tx_1921__1k__x__50_layer",
    "dct_references_s": "{\"http://schema.org/downloadUrl\": \"https://curio.lib.utexas.edu/geodata/raster/utlmaps__sfi__austin_tx_1921__1k__x__50.zip\", \"https://github.com/cogeotiff/cog-spec\": \"https://curio.lib.utexas.edu/geodata/raster/utlmaps__sfi__austin_tx_1921__1k__x__50.tif\", \"http://www.isotc211.org/schemas/2005/gmd/\": \"https://curio.lib.utexas.edu/geodata/iso/utlmaps__sfi__austin_tx_1921__1k__x__50.xml\"}",
    "id": "utaustin_121169",
    "dct_identifier_sm": [
        "121169"
    ],
    "gbl_mdModified_dt": "2019-03-15T00:00:00Z",
    "gbl_mdVersion_s": "Aardvark"
}