{
    "dct_title_s": "Innsbruck , Sheet M 48, Germany 1:250,000.",
    "dct_description_sm": [
        "Scale: 1:250000;  Projection: Lambert conical orthomorphic projection;  Map Type: lcgft;  Other Descriptive Notes about Map Series: Relief shown by contours, gradient tints, and spot heights.  Five classes of railways and five classes of roads are shown.  Covers area west from Sulzberg, Germany to Going, Austria, and north from Starnberg, Germany to Obernberg am Brenner, Austria. Innsbruck roughly below center of sheet.  Sheet M.48, Innsbruck from series issued in various editions by Geographical Section, General Staff, No. 4346.  Military grid.  Nord de Guerre Zone Grid ... Spheroid, Du Plessis. ... Northern Italy Grid ... Spheroid, Bessel..  Heights in metres..  Certain main spot heights are indicated by a white tab to improve legibility..  Includes legend, Incidence of grid letters diagrams, Convergence for corners of this sheet diagram, To give a grid reference on this sheet, Grid data: Nord de Guerre Grid; Northern Italy Grid, Index to adjoining sheets, index to corresponding 1:100,000 scale sheets, Conversion table, Authorities, and Glossary.  50,000/1/44 S.P.C.."
    ],
    "dct_language_sm": [
        "English"
    ],
    "schema_provider_s": "Texas",
    "dct_isPartOf_sm": [
        "Perry-Castaneda Library Map Collection",
        "Field Maps of Colonel Roland T. Fenton"
    ],
    "dct_subject_sm": [
        "Scanned maps"
    ],
    "dct_temporal_sm": [
        "1943"
    ],
    "dct_issued_s": "",
    "dct_spatial_sm": [
        "CHIEMSEE",
        "Starnberger See",
        "Ammersee",
        "CHIEMSEE",
        "Alps",
        "Bayern",
        "Germany",
        "Ober\u00f6sterreich",
        "Austria",
        "Graub\u00fcnden",
        "Switzerland",
        "Bozen",
        "Italy",
        "Vorarlberg",
        "Tirol",
        "Salzburg",
        "K\u00e4rnten"
    ],
    "locn_geometry": "ENVELOPE(10.16258, 12.86024, 48.11629, 46.68417)",
    "dct_accessRights_s": "Public",
    "dct_format_s": "GeoJPEG",
    "gbl_resourceClass_sm": "Maps",
    "gbl_wxsIdentifier_s": "utlmaps__cc__fenton__250k__1055161962__innbruck_layer",
    "dct_references_s": "{\"http://schema.org/downloadUrl\": \"https://curio.lib.utexas.edu/geodata/raster/utlmaps__cc__fenton__250k__1055161962__innbruck.zip\", \"https://github.com/cogeotiff/cog-spec\": \"https://curio.lib.utexas.edu/geodata/raster/utlmaps__cc__fenton__250k__1055161962__innbruck.tif\", \"http://www.isotc211.org/schemas/2005/gmd/\": \"https://curio.lib.utexas.edu/geodata/iso/utlmaps__cc__fenton__250k__1055161962__innbruck.xml\"}",
    "id": "utaustin_121272",
    "dct_identifier_sm": [
        "121272"
    ],
    "gbl_mdModified_dt": "2019-03-15T00:00:00Z",
    "gbl_mdVersion_s": "Aardvark"
}