{
    "dct_title_s": "Sanborn Fire Insurance Maps [Austin, Texas, 1921; Sheet 88]",
    "dct_creator_sm": "Sanborn Map Company",
    "dct_publisher_sm": "Sanborn Map Company",
    "dct_description_sm": [
        "Scale: 1:1000;"
    ],
    "dct_language_sm": [
        "English"
    ],
    "schema_provider_s": "Texas",
    "dct_isPartOf_sm": [
        "Perry-Castaneda Library Map Collection",
        "Sanborn Fire Insurance collection"
    ],
    "dct_subject_sm": [
        "Scanned maps"
    ],
    "dct_temporal_sm": [
        "1921"
    ],
    "dct_issued_s": "",
    "dct_spatial_sm": [
        "Texas Federation of Women's Clubs Headquarters",
        "The",
        "Driscoll",
        "Clara",
        "Miller",
        "Edmund and Emily",
        "House",
        "Beriah Graham House",
        "DeWitt Clinton Baker Home Site",
        "Neill-Cochran House",
        "Austin",
        "Shoal Creek",
        "78703",
        "78705",
        "David St",
        "Gaston Ave",
        "Graham Pl",
        "Leon St",
        "Longview St",
        "N Lamar Blvd",
        "Pearl St",
        "Poplar St",
        "Rio Grande St",
        "Robbins Pl",
        "Salado St",
        "San Gabriel St",
        "San Pedro St",
        "Shoal Cliff Ct",
        "Shoal Creek Blvd",
        "W 24th 1/2 St",
        "W 25th 1/2 St",
        "W 23rd St",
        "W 22 1/2 St",
        "W 22nd St",
        "W 24th St",
        "W 25th St",
        "W 26th St",
        "Texas"
    ],
    "locn_geometry": "ENVELOPE(-97.7516, -97.74421, 30.29318, 30.28526)",
    "dct_accessRights_s": "Public",
    "dct_format_s": "GeoJPEG",
    "gbl_resourceClass_sm": "Maps",
    "gbl_wxsIdentifier_s": "utlmaps__sfi__austin_tx_1921__1k__x__88_layer",
    "dct_references_s": "{\"http://schema.org/downloadUrl\": \"https://curio.lib.utexas.edu/geodata/raster/utlmaps__sfi__austin_tx_1921__1k__x__88.zip\", \"https://github.com/cogeotiff/cog-spec\": \"https://curio.lib.utexas.edu/geodata/raster/utlmaps__sfi__austin_tx_1921__1k__x__88.tif\", \"http://www.isotc211.org/schemas/2005/gmd/\": \"https://curio.lib.utexas.edu/geodata/iso/utlmaps__sfi__austin_tx_1921__1k__x__88.xml\"}",
    "id": "utaustin_121188",
    "dct_identifier_sm": [
        "121188"
    ],
    "gbl_mdModified_dt": "2019-03-15T00:00:00Z",
    "gbl_mdVersion_s": "Aardvark"
}