{
    "dct_title_s": "Karl Kamrath Projects",
    "dct_description_sm": [
        ""
    ],
    "dct_language_sm": [
        "English"
    ],
    "schema_provider_s": "Texas",
    "dct_isPartOf_sm": [
        "Alexander Architectural Archives",
        "Buildings of Texas collection"
    ],
    "dct_issued_s": "",
    "locn_geometry": "ENVELOPE(-98.613053, -87.626697, 41.901017, 29.03337)",
    "dct_accessRights_s": "Public",
    "dct_format_s": "Shapefile",
    "gbl_resourceClass_sm": "Datasets",
    "gbl_wxsIdentifier_s": "utlarch__kam__project__point__v1__karl_kamrath_projects_layer",
    "dct_references_s": "{\"http://schema.org/downloadUrl\": \"https://curio.lib.utexas.edu/geodata/shapefiles/utlarch__kam__project__point__v1__karl_kamrath_projects.zip\", \"https://github.com/protomaps/PMTiles\": \"https://curio.lib.utexas.edu/geodata/shapefiles/utlarch__kam__project__point__v1__karl_kamrath_projects.pmtiles\", \"http://www.isotc211.org/schemas/2005/gmd/\": \"https://curio.lib.utexas.edu/geodata/iso/utlarch__kam__project__point__v1__karl_kamrath_projects.xml\"}",
    "id": "utaustin_121139",
    "dct_identifier_sm": [
        "121139"
    ],
    "gbl_mdModified_dt": "2021-09-17T00:00:00Z",
    "gbl_mdVersion_s": "Aardvark"
}