{
    "dct_title_s": "Kolberg , Sheet O 55, Central Europe 1:250,000.",
    "dct_description_sm": [
        "Scale: 1:250000;  Projection: Lambert conical orthomorphic projection;  Map Type: lcgft;  Other Descriptive Notes about Map Series: Relief shown by contours, gradient tints, and spot heights.  Five classes of roads and four classes of railroads are shown.  Covers area north from southernmost tip of Bornholm [Denmark] to Belgard [Bialogard, Poland] to the south, and west from Heidebrink [Mi\u0119dzywodzie, Poland] to Neuwasser [Da\u0328bki, Poland] to the east. Kolberg [Ko\u0142obrzeg, Poland] roughly at lower center portion of sheet.  Sheet O.55, Kolberg from set that includes various issues of some sheets, some by various survey units of the Allied Forces (A.F.) some reissued by U.S. Army Map Service, some sheets, G.S.G.S. 4346; some sheets A.M.S. M508 (G.S.G.S. 4346).  Heights in metres..  Military grid.  North European Zone III Grid. ... Spheroid: Bessel. ... Nord de Guerre Grid. ... Spheroid: Du Plessis..  Cataloging agency's copy printed on verso of portion of unrelated German map sheet, [Blatt Nr. 113], Reading and Newbury, from series with title: England 1:50 000, originally published [Berlin] : [Generalstab des Heeres], [1940]. German series consists of enlargements of the Ordnance Survey Popular Edition one-inch maps published by the German General Staff. Maps distributed by Army Map Service following capture from foreign military during World War II.  IXA.  Includes Convergence for corners of this sheet, To give a grid reference on this sheet, Index to adjoining sheets, Grid data, Conversion table, Glossary, Authorities, and Incidence of grid letters."
    ],
    "dct_language_sm": [
        "English"
    ],
    "schema_provider_s": "Texas",
    "dct_isPartOf_sm": [
        "Perry-Castaneda Library Map Collection",
        "Field Maps of Colonel Roland T. Fenton"
    ],
    "dct_subject_sm": [
        "Scanned maps"
    ],
    "dct_temporal_sm": [
        "1943"
    ],
    "dct_issued_s": "",
    "dct_spatial_sm": [
        "Jezioro D\u0105bie",
        "Miedwie",
        "Drawsko",
        "North European Plain",
        "Lubusz",
        "Poland",
        "Brandenburg",
        "Germany",
        "West Pomeranian",
        "Mecklenburg-Vorpommern",
        "Pomeranian",
        "Greater Poland"
    ],
    "locn_geometry": "ENVELOPE(14.03082, 16.95586, 54.17114, 52.66145)",
    "dct_accessRights_s": "Public",
    "dct_format_s": "GeoJPEG",
    "gbl_resourceClass_sm": "Maps",
    "gbl_wxsIdentifier_s": "utlmaps__cc__fenton__250k__1033604761__kolberg_layer",
    "dct_references_s": "{\"http://schema.org/downloadUrl\": \"https://curio.lib.utexas.edu/geodata/raster/utlmaps__cc__fenton__250k__1033604761__kolberg.zip\", \"https://github.com/cogeotiff/cog-spec\": \"https://curio.lib.utexas.edu/geodata/raster/utlmaps__cc__fenton__250k__1033604761__kolberg.tif\", \"http://www.isotc211.org/schemas/2005/gmd/\": \"https://curio.lib.utexas.edu/geodata/iso/utlmaps__cc__fenton__250k__1033604761__kolberg.xml\"}",
    "id": "utaustin_121250",
    "dct_identifier_sm": [
        "121250"
    ],
    "gbl_mdModified_dt": "2019-03-15T00:00:00Z",
    "gbl_mdVersion_s": "Aardvark"
}