{
    "dct_title_s": "Sanborn Fire Insurance Maps [Austin, Texas, 1894; Sheet 4]",
    "dct_creator_sm": "Sanborn Map Company",
    "dct_publisher_sm": "Sanborn Map Company",
    "dct_description_sm": [
        "Scale: 1:1000;"
    ],
    "dct_language_sm": [
        "English"
    ],
    "schema_provider_s": "Texas",
    "dct_isPartOf_sm": [
        "Perry-Castaneda Library Map Collection",
        "Sanborn Fire Insurance collection"
    ],
    "dct_subject_sm": [
        "Scanned maps"
    ],
    "dct_temporal_sm": [
        "1894"
    ],
    "dct_issued_s": "",
    "dct_spatial_sm": [
        "Central Christian Church",
        "First United Methodist Church of Austin",
        "Wahrenberger",
        "John",
        "House",
        "State Bar of Texas",
        "Christianson-Leberman",
        "Confederate Texas Legislatures",
        "Price Daniel",
        "Westgate Tower",
        "Adams-Ziller House",
        "Tyler Rose",
        "Swedish Central Methodist Church",
        "Site of",
        "Site of Haynie-Cook House",
        "Austin",
        "78701",
        "12th St W",
        "Colorado St",
        "Congress Ave",
        "E 12th St",
        "Guadalupe St",
        "Lavaca St",
        "San Antonio St",
        "W 11th St",
        "W 12th St",
        "W 13th St",
        "W 14th St",
        "W 15th St",
        "Texas"
    ],
    "locn_geometry": "ENVELOPE(-97.74486, -97.73952, 30.27719, 30.27313)",
    "dct_accessRights_s": "Public",
    "dct_format_s": "GeoJPEG",
    "gbl_resourceClass_sm": "Maps",
    "gbl_wxsIdentifier_s": "utlmaps__sfi__austin_tx_1894__1k__x__4_layer",
    "dct_references_s": "{\"http://schema.org/downloadUrl\": \"https://curio.lib.utexas.edu/geodata/raster/utlmaps__sfi__austin_tx_1894__1k__x__4.zip\", \"https://github.com/cogeotiff/cog-spec\": \"https://curio.lib.utexas.edu/geodata/raster/utlmaps__sfi__austin_tx_1894__1k__x__4.tif\", \"http://www.isotc211.org/schemas/2005/gmd/\": \"https://curio.lib.utexas.edu/geodata/iso/utlmaps__sfi__austin_tx_1894__1k__x__4.xml\"}",
    "id": "utaustin_121164",
    "dct_identifier_sm": [
        "121164"
    ],
    "gbl_mdModified_dt": "2019-03-15T00:00:00Z",
    "gbl_mdVersion_s": "Aardvark"
}