{
    "dct_title_s": "Survey of the Rio Grande, Roma to the Gulf of Mexico (1:10,000), 1913, Sheet 19",
    "dct_creator_sm": "International Boundary & Water Commission, United States & Mexico.",
    "dct_publisher_sm": "United States. Department of State.",
    "dct_description_sm": [
        "Scale: 1:10000;  Other Descriptive Notes about Map Series: Cover title: Survey of the Rio Grande Roma to the Gulf of Mexico : reports and maps.  Anson Mills, Commissioner American Section. cf. t.p.  Part of text in English and Spanish."
    ],
    "dct_language_sm": [
        "English"
    ],
    "schema_provider_s": "Texas",
    "dct_isPartOf_sm": [
        "Perry-Castaneda Library Map Collection",
        "International Boundary collection"
    ],
    "dct_subject_sm": [
        "Scanned maps"
    ],
    "dct_temporal_sm": [
        "1913"
    ],
    "dct_issued_s": "",
    "dct_spatial_sm": [
        "Rio Grande",
        "Cameron",
        "Our Lady of Visitation Catholic Church",
        "Rancho de Santa Maria",
        "The Spot Where \"American Blood was Shed on American Soil\"",
        "Near Routes of Alonso de Leon Expeditions",
        "Longoria Cemetery",
        "The Old Weaver Cemetery",
        "Los Indios",
        "Adams Gardens Main Canal",
        "La Feria Main Canal",
        "La Gloria Main Canal",
        "Lewis Main Canal",
        "Rio Grande",
        "Cameron County District Number One Reservoir",
        "78559",
        "78586",
        "78592",
        "Benson Rd",
        "Blue Town Pump Station Rd",
        "Boyd Ave",
        "Canal Rd",
        "Cannon Rd",
        "Co Rd 2556",
        "Co Rd 506",
        "Cobarrubias Rd",
        "Edwards St",
        "el Rosal W",
        "el Rosal S",
        "el Rosal E",
        "el Rosal N",
        "Elias Cir E",
        "Guadalupe St",
        "Iglesia Dr",
        "J E Gerusa Dr",
        "Kern Ave",
        "Kitchen St",
        "la Avenida Iglesia",
        "Lago Viejo Dr",
        "Lee St",
        "Longoria Dr",
        "Lovelace Ave",
        "Lovelace Blvd",
        "Main St",
        "Martin Dr",
        "Military Hwy",
        "Military Rd",
        "Munoz Ave",
        "Munoz Dr",
        "Old FM 281",
        "River Dr",
        "River Rd",
        "Robertson Ave",
        "Robertson St",
        "Rosa Ave",
        "Rosa St",
        "S Main St",
        "S US Hwy 281",
        "Santa Maria Dr",
        "Santa Maria Rd",
        "Santa Maria Loop",
        "Seledina St",
        "Solis St",
        "Tutt Ave",
        "Weaver Rd",
        "Weber Rd",
        "Yoakum Rd",
        "Texas",
        "Tamaulipas"
    ],
    "locn_geometry": "ENVELOPE(-97.85881, -97.76299, 26.08125, 26.01482)",
    "dct_accessRights_s": "Public",
    "dct_format_s": "GeoJPEG",
    "gbl_resourceClass_sm": "Maps",
    "gbl_wxsIdentifier_s": "utlmaps__ib__ibc__10k__9379868__sheet19_layer",
    "dct_references_s": "{\"http://schema.org/downloadUrl\": \"https://curio.lib.utexas.edu/geodata/raster/utlmaps__ib__ibc__10k__9379868__sheet19.zip\", \"https://github.com/cogeotiff/cog-spec\": \"https://curio.lib.utexas.edu/geodata/raster/utlmaps__ib__ibc__10k__9379868__sheet19.tif\", \"http://www.isotc211.org/schemas/2005/gmd/\": \"https://curio.lib.utexas.edu/geodata/iso/utlmaps__ib__ibc__10k__9379868__sheet19.xml\"}",
    "id": "utaustin_121211",
    "dct_identifier_sm": [
        "121211"
    ],
    "gbl_mdModified_dt": "2019-03-15T00:00:00Z",
    "gbl_mdVersion_s": "Aardvark"
}