{
    "dct_title_s": "K\u00f6ln , Sheet K 51, Germany 1:250,000.",
    "dct_description_sm": [
        "Scale: 1:250000;  Projection: Lambert conical orthomorphic projection;  Map Type: lcgft;  Other Descriptive Notes about Map Series: Relief shown by contours, spot heights, and gradient tints.  Five classes of railways and five classes of roads are shown.  Covers area west from Wahlen to Weilburg to the east, and north from Bergisch Gladbach to Mainz to the south. K\u00f6ln (Cologne) roughly at upper left corner of sheet.  In English. Place names in German. Glossary in German and English.  Sheet K.51, K\u00f6ln from series originally issued in various editions by Great Britain, War Office, Geographical Section, General Staff, No. 4346.  Isogonic data revised by A.M.S., 1944..  For use by War and Navy Department Agencies only. Not for sale or distribution..  Military grid.  Nord de Guerre Zone Grid ... Spheroid, Du Plessis..  Cataloging agency's copy overprinted with 4 coordinate scale circles with center points located roughly at E 6\u00b052\u02b9/N 50\u00b048\u02b9 ; E 7\u00b050\u02b9/N 50\u00b045\u02b9 ; E 7\u00b053\u02b9/N 50\u00b017\u02b9 ; E 6\u00b05\u02b92/N 50\u00b015\u02b9.  IXA.  Heights in metres..  Includes legend, Incidence of grid letters diagrams, Convergence for corners of this sheet diagram, To give a grid reference on this sheet, Grid data: Nord de Guerre Grid and Lambert Zone II Grid, index to adjoining sheets, index to corresponding 1:100,000 scale sheets, conversion table, Authorities, and Glossary. Also includes printers color control bar in upper margin.  4/44 B.O.."
    ],
    "dct_language_sm": [
        "English"
    ],
    "schema_provider_s": "Texas",
    "dct_isPartOf_sm": [
        "Perry-Castaneda Library Map Collection",
        "Field Maps of Colonel Roland T. Fenton"
    ],
    "dct_subject_sm": [
        "Scanned maps"
    ],
    "dct_temporal_sm": [
        "1944"
    ],
    "dct_issued_s": "",
    "dct_spatial_sm": [
        "Vosges Mountains",
        "Rheinland-Pfalz",
        "Germany",
        "Grevenmacher",
        "Luxembourg",
        "Nordrhein-Westfalen",
        "Hessen"
    ],
    "locn_geometry": "ENVELOPE(6.37726, 8.7663, 51.17168, 49.67084)",
    "dct_accessRights_s": "Public",
    "dct_format_s": "GeoJPEG",
    "gbl_resourceClass_sm": "Maps",
    "gbl_wxsIdentifier_s": "utlmaps__cc__fenton__250k__1055161115__koln_layer",
    "dct_references_s": "{\"http://schema.org/downloadUrl\": \"https://curio.lib.utexas.edu/geodata/raster/utlmaps__cc__fenton__250k__1055161115__koln.zip\", \"https://github.com/cogeotiff/cog-spec\": \"https://curio.lib.utexas.edu/geodata/raster/utlmaps__cc__fenton__250k__1055161115__koln.tif\", \"http://www.isotc211.org/schemas/2005/gmd/\": \"https://curio.lib.utexas.edu/geodata/iso/utlmaps__cc__fenton__250k__1055161115__koln.xml\"}",
    "id": "utaustin_121248",
    "dct_identifier_sm": [
        "121248"
    ],
    "gbl_mdModified_dt": "2019-03-15T00:00:00Z",
    "gbl_mdVersion_s": "Aardvark"
}