{
    "dct_title_s": "Survey of the Rio Grande, Roma to the Gulf of Mexico (1:10,000), 1913, Sheet 22",
    "dct_creator_sm": "International Boundary & Water Commission, United States & Mexico.",
    "dct_publisher_sm": "United States. Department of State.",
    "dct_description_sm": [
        "Scale: 1:10000;  Other Descriptive Notes about Map Series: Cover title: Survey of the Rio Grande Roma to the Gulf of Mexico : reports and maps.  Anson Mills, Commissioner American Section. cf. t.p.  Part of text in English and Spanish."
    ],
    "dct_language_sm": [
        "English"
    ],
    "schema_provider_s": "Texas",
    "dct_isPartOf_sm": [
        "Perry-Castaneda Library Map Collection",
        "International Boundary collection"
    ],
    "dct_subject_sm": [
        "Scanned maps"
    ],
    "dct_temporal_sm": [
        "1913"
    ],
    "dct_issued_s": "",
    "dct_spatial_sm": [
        "Rio Grande",
        "Cameron",
        "Sabas Cavazos Cemetery",
        "Est\u00e9fana Goseascochea Cemetery",
        "Brownsville",
        "Rancho Viejo",
        "Rancho Viejo Floodway",
        "Rio Grande",
        "78520",
        "78575",
        "78586",
        "A Longoria St",
        "Alamosa Dr",
        "Ara Dr",
        "Arkansas River Cir",
        "Beatrice Isabel Ln",
        "Blanca Aurora Ln",
        "Brazos River Cir",
        "Buena Vista St",
        "C Luz Ave",
        "Campo Real Cir",
        "Campo Real Dr",
        "Canteros Dr",
        "Carmen Ave",
        "Cavazos-Oldmito Rd",
        "Cemetery Rd",
        "Cemetary Dr",
        "Cimarron St",
        "Co Rd 236",
        "Co Rd 60",
        "Co Rd 695",
        "Colorado River Rd",
        "Colorado North St",
        "Dahlia Cir",
        "Divisadero Rd",
        "E Luz Ave",
        "FM 1421",
        "FM 1732",
        "Francisca St",
        "Gadza Rd",
        "Garza Rd",
        "Gastin Dr",
        "Gila River Cir",
        "Grove Park Rd",
        "Halo Ave N",
        "Heavenly Gate",
        "I B C Rd",
        "Ibc Rd",
        "Kansas River Dr",
        "Kansas River Rd",
        "Lago Rd",
        "Laguna Escondida",
        "Laguna Escondida Rd",
        "Laguna Seca Rd",
        "Leal Rd",
        "Manuel Ave",
        "Mary Lee Ct",
        "Melva Ct",
        "Military Hwy",
        "Missouri River Dr",
        "Mississippi River",
        "Mississippi River Rd",
        "New Carmen Ave",
        "Nicho Esparza Dr",
        "Old Military Hwy",
        "Old Military Rd",
        "Olivia Ln",
        "P202",
        "Pagosa St",
        "Pardo Ln",
        "Paseo del Rio Dr",
        "Patricia Sofia Ln",
        "Paso Fino Ln",
        "Pelon Rd",
        "Puerta de Cielo Ave",
        "Puerta del Cielo Ave",
        "Raul Cavazos Rd",
        "Rio Bravo Rd",
        "Sabine River Dr",
        "Sacramento River Dr",
        "Salazar Rd",
        "San Bernadino Ct",
        "San Gabriel River Dr",
        "San Ysidro Ct",
        "Santander Dr",
        "Santos Gomez Dr",
        "Shenandoah River Dr",
        "Tapia Rd",
        "Tortuga Trl",
        "Trinidad St",
        "Valladolid Dr",
        "Vasquez Ranch Rd",
        "Villanueva St",
        "W Luz Ave",
        "Wabash River Dr",
        "Wild Horse Trl",
        "Yellow River Cir",
        "Yukon River Dr",
        "Texas",
        "Tamaulipas"
    ],
    "locn_geometry": "ENVELOPE(-97.65214, -97.56123, 26.01837, 25.95263)",
    "dct_accessRights_s": "Public",
    "dct_format_s": "GeoJPEG",
    "gbl_resourceClass_sm": "Maps",
    "gbl_wxsIdentifier_s": "utlmaps__ib__ibc__10k__9379868__sheet22_layer",
    "dct_references_s": "{\"http://schema.org/downloadUrl\": \"https://curio.lib.utexas.edu/geodata/raster/utlmaps__ib__ibc__10k__9379868__sheet22.zip\", \"https://github.com/cogeotiff/cog-spec\": \"https://curio.lib.utexas.edu/geodata/raster/utlmaps__ib__ibc__10k__9379868__sheet22.tif\", \"http://www.isotc211.org/schemas/2005/gmd/\": \"https://curio.lib.utexas.edu/geodata/iso/utlmaps__ib__ibc__10k__9379868__sheet22.xml\"}",
    "id": "utaustin_121214",
    "dct_identifier_sm": [
        "121214"
    ],
    "gbl_mdModified_dt": "2019-03-15T00:00:00Z",
    "gbl_mdVersion_s": "Aardvark"
}