{
    "dct_title_s": "Halle , Sheet M 52, Germany 1:250,000.",
    "dct_description_sm": [
        "Scale: 1:250000;  Projection: Lambert conical orthomorphic projection;  Map Type: lcgft;  Other Descriptive Notes about Map Series: Relief shown by contours, spot heights, and gradient tints.  Five classes of railways and five classes of roads are shown.  Covers area west from Clausthal-Zellerfeld to Bitterfeld-Wolfen to the east, and north from Hadmersleben to Apolda to the south. Halle (Saale) roughly  at center right portion of sheet.  For use by War and Navy Department Agencies only. Not for sale or distribution..  Military grid.  Nord de Guerre Zone Grid ... Spheroid, Du Plessis..  Cataloging agency's copy overprinted with 4 coordinate scale circles with center points located roughly at E 10\u00b037\u02b9/N 51\u00b044\u02b9 ; E 12\u00b03\u02b9/N 51\u00b048\u02b9 ; E 11\u00b043\u02b9/N 51\u00b016\u02b9 ; E 10\u00b053\u02b9/N 51\u00b013\u02b9.  IXA.  Heights in metres..  Certain main spot heights are indicated by a white tab to improve legibility..  Includes legend, Incidence of grid letters diagrams, Convergence for corners of this sheet diagram, To give a grid reference on this sheet, Grid data: Nord de Guerre Grid, Index to adjoining sheets, index to corresponding sheets of G.S.G.S. 4081, Germany 1/100,000, Conversion table, Authorities, and Glossary. Also includes printer's color control bar in upper margin.  C.T. 12-44.."
    ],
    "dct_language_sm": [
        "English"
    ],
    "schema_provider_s": "Texas",
    "dct_isPartOf_sm": [
        "Perry-Castaneda Library Map Collection",
        "Field Maps of Colonel Roland T. Fenton"
    ],
    "dct_subject_sm": [
        "Scanned maps"
    ],
    "dct_temporal_sm": [
        "1944"
    ],
    "dct_issued_s": "",
    "dct_spatial_sm": [
        "Harz",
        "Ore Mountains",
        "North European Plain",
        "Sachsen",
        "Germany",
        "Niedersachsen",
        "Brandenburg",
        "Hessen",
        "Th\u00fcringen",
        "Sachsen-Anhalt"
    ],
    "locn_geometry": "ENVELOPE(10.15097, 12.89421, 52.15153, 50.64128)",
    "dct_accessRights_s": "Public",
    "dct_format_s": "GeoJPEG",
    "gbl_resourceClass_sm": "Maps",
    "gbl_wxsIdentifier_s": "utlmaps__cc__fenton__250k__1055162238__halle_layer",
    "dct_references_s": "{\"http://schema.org/downloadUrl\": \"https://curio.lib.utexas.edu/geodata/raster/utlmaps__cc__fenton__250k__1055162238__halle.zip\", \"https://github.com/cogeotiff/cog-spec\": \"https://curio.lib.utexas.edu/geodata/raster/utlmaps__cc__fenton__250k__1055162238__halle.tif\", \"http://www.isotc211.org/schemas/2005/gmd/\": \"https://curio.lib.utexas.edu/geodata/iso/utlmaps__cc__fenton__250k__1055162238__halle.xml\"}",
    "id": "utaustin_121276",
    "dct_identifier_sm": [
        "121276"
    ],
    "gbl_mdModified_dt": "2019-03-15T00:00:00Z",
    "gbl_mdVersion_s": "Aardvark"
}