{
    "dct_title_s": "Survey of the Rio Grande, Roma to the Gulf of Mexico (1:10,000), 1913, Sheet 12",
    "dct_creator_sm": "International Boundary & Water Commission, United States & Mexico.",
    "dct_publisher_sm": "United States. Department of State.",
    "dct_description_sm": [
        "Scale: 1:10000;  Other Descriptive Notes about Map Series: Cover title: Survey of the Rio Grande Roma to the Gulf of Mexico : reports and maps.  Anson Mills, Commissioner American Section. cf. t.p.  Part of text in English and Spanish."
    ],
    "dct_language_sm": [
        "English"
    ],
    "schema_provider_s": "Texas",
    "dct_isPartOf_sm": [
        "Perry-Castaneda Library Map Collection",
        "International Boundary collection"
    ],
    "dct_subject_sm": [
        "Scanned maps"
    ],
    "dct_temporal_sm": [
        "1913"
    ],
    "dct_issued_s": "",
    "dct_spatial_sm": [
        "Rio Grande",
        "Hidalgo",
        "Chimney Park",
        "El Granjeno Cemetery",
        "Bradburn",
        "Juan Davis",
        "La Lomita Chapel",
        "La Lomita Farm",
        "Spiderweb Railroad",
        "Granjeno",
        "Mission",
        "McAllen",
        "Mission Inlet",
        "Hackney Lake Inlet",
        "Rio Grande",
        "78503",
        "78557",
        "78572",
        "Acacia St",
        "Acapulco Ave",
        "Aloe Vera St",
        "Alynne Ln",
        "Antigua Dr",
        "Antijua Dr",
        "Anzaldua Dr",
        "Anzalduas Dam Rd",
        "Ash St",
        "Azteca Ave",
        "Balboa Ave",
        "Beatty St",
        "Ben Hogan",
        "Ben Hogan Ave",
        "Ben Hogan Dr",
        "Blankenship Pkwy",
        "Bogamilia St",
        "Bougainvilla Blvd",
        "Bryan Rd",
        "Cando Mungia",
        "Capri Ct",
        "Chimney Shades",
        "Chimney Rd",
        "Cimarron Dr",
        "Colosio Ln",
        "Concho Ct",
        "Conway",
        "Conway Rd",
        "Cortez Ave",
        "Covina Ave",
        "Dacia St",
        "Daytona Ave",
        "Diaz Ave",
        "Dicker Rd",
        "Durango Ave",
        "E Cuevas St",
        "E el Ranchito",
        "E Lopez St",
        "E Three Mile South Rd",
        "el Jardin Ct",
        "el Camino Real St",
        "el Jardin",
        "el Sendero Ct",
        "el Ranchito",
        "el Rancho",
        "Elmira Ave",
        "Estella Ct",
        "Florencia Ct",
        "FM 1016",
        "FM 396",
        "Formosa Ave",
        "Francisca Ave",
        "Frio St",
        "Frontage Rd",
        "Garza St",
        "George McVay Dr",
        "Glasscock Rd",
        "Gloria Ave",
        "Granada",
        "Grand Canal Dr",
        "Helena Ave",
        "Hibiscus St",
        "Honduras Ave",
        "Howard Dr",
        "Ibiza Ct",
        "Idela Ave",
        "Jordan Rd",
        "Judith Ave",
        "Katrina Ave",
        "la Lomita St",
        "Las Plasitas",
        "Las Palmas St",
        "Lavista St",
        "Levee Rd",
        "Los Indios",
        "Lopez St",
        "Los Indios Pkwy",
        "Los Indios Pkwy N",
        "Los Indios Rd",
        "Los Milagros",
        "Lucille Ave",
        "Main St",
        "Mayberry St",
        "Meadow Way Dr",
        "Melba Ave",
        "Mesquite St",
        "Military Hwy",
        "Military Rd",
        "Mouchet Run",
        "Neuhaus Dr",
        "Norma Ave",
        "Old Military Hwy",
        "Oleander St",
        "Olga Ave",
        "Palazzo Cir",
        "Parker Ln",
        "Paula Ave",
        "Pecos St",
        "Pena St",
        "Petvnia St",
        "Plantation Grove Blvd",
        "Poinsetta St",
        "Pollard Walk",
        "Queta Ave",
        "Raquel Ave",
        "Rec - Hall Rd",
        "Red River St",
        "Rio Grande Ct",
        "Rio Grande Ave",
        "Rio Joven",
        "Rio Grande Dr",
        "River Bend Dr",
        "Rosalva Ave",
        "S 26th Ln",
        "S 26 1/2 St",
        "S 27th St",
        "S 28th St",
        "S 27th Ln",
        "S 23rd St",
        "S 26th St",
        "S 28th Ln",
        "S 29 1/2 St",
        "S 29th Ln",
        "S 29th St",
        "S 43rd Ln",
        "S 31st St",
        "S 30th St",
        "S 46th St",
        "S 45th St",
        "S 47th St",
        "S 42nd Ln",
        "S 33rd St",
        "S 43rd St",
        "S 41st St",
        "S 35th St",
        "S 30th Ln",
        "S 45th Ln",
        "S 39th St",
        "S 42nd St",
        "S 34th St",
        "S 30 1/2 St",
        "S 32nd St",
        "S 36th St",
        "S 40th St",
        "S 48th St",
        "S 49th Ln",
        "S 49th St",
        "S Bentsen Rd",
        "S Conway Ave",
        "S Conway Ln",
        "S Depot Rd",
        "S Glasscock Rd",
        "S International Pkiwy",
        "S International Pkwy",
        "S Mayberry St",
        "S Shary Rd",
        "S Stewart Rd",
        "S Taylor Rd",
        "S Ware Rd",
        "Sabine Ct",
        "Sabine St",
        "San Carlos",
        "San Andres",
        "San Angelo",
        "San Daniel",
        "San Andres Ct",
        "San Diego",
        "San Clemente Ct",
        "San Alejandro",
        "San Armando",
        "San Benito",
        "San Carlos Ct",
        "San Clemente",
        "San Fabian Ct",
        "San Efrain",
        "San Federico",
        "San Esteban",
        "San Esteban Ct",
        "San Jacinto St",
        "San Eduardo",
        "San Gerardo",
        "San Gabriel",
        "San Esteban St",
        "San Eugenio",
        "San Fabian St",
        "San Ricardo",
        "San Roman",
        "San Lucas",
        "San Reynaldo Ct",
        "San Rodrigo",
        "San Rafael",
        "San Lorenzo",
        "San Mateo Pkwy",
        "San Mateo Pkwy S",
        "San Mateo Rd",
        "San Miguel",
        "San Patricio",
        "San Sebastian",
        "San Saba St",
        "Santa Clara",
        "Santa Alejandra",
        "Santa Ana",
        "Santa Idalia",
        "Santa Paula",
        "Santa Maria",
        "Santa Marina",
        "Santa Susana",
        "Santa Monica",
        "Santa Lucia",
        "Santa Sofia",
        "Santa Rocio Ct",
        "Santa Lydia",
        "Santa Olivia",
        "Santa Veronica",
        "Santa Ines St",
        "Santa Iliana",
        "Santa Fagiola",
        "Santa Engracia",
        "Santa Erica",
        "Santa Esperanza",
        "Santa Fabiola",
        "Santa Fe",
        "Santa Helena",
        "Santa Inez",
        "Santa Laura",
        "Santa Lorena",
        "Santa Rita",
        "Santa Rocio",
        "Santa Teresa",
        "Sarah Ave",
        "Santo Tomas",
        "Solera Dr",
        "Sonora Ave",
        "State Hwy 115 Spr",
        "State Hwy 396",
        "Stewart Rd",
        "Tahoe Dr",
        "Tanya Ave",
        "Teresa Ave",
        "Thurman Forever",
        "Toronto Ave",
        "Tyler Ave",
        "Ursula Ave",
        "Uvalde Ave",
        "Vanessa Ave",
        "Vermont Ave",
        "Victoria Ave",
        "Viejo Ln",
        "W Augusta Ave",
        "W Military Hwy",
        "W Ursula Ave",
        "Wanda Ave",
        "Wichita Ave",
        "Woods St",
        "Worthington Ave",
        "Yuma Ave",
        "Texas",
        "Tamaulipas"
    ],
    "locn_geometry": "ENVELOPE(-98.35268, -98.25601, 26.18934, 26.12377)",
    "dct_accessRights_s": "Public",
    "dct_format_s": "GeoJPEG",
    "gbl_resourceClass_sm": "Maps",
    "gbl_wxsIdentifier_s": "utlmaps__ib__ibc__10k__9379868__sheet12_layer",
    "dct_references_s": "{\"http://schema.org/downloadUrl\": \"https://curio.lib.utexas.edu/geodata/raster/utlmaps__ib__ibc__10k__9379868__sheet12.zip\", \"https://github.com/cogeotiff/cog-spec\": \"https://curio.lib.utexas.edu/geodata/raster/utlmaps__ib__ibc__10k__9379868__sheet12.tif\", \"http://www.isotc211.org/schemas/2005/gmd/\": \"https://curio.lib.utexas.edu/geodata/iso/utlmaps__ib__ibc__10k__9379868__sheet12.xml\"}",
    "id": "utaustin_121205",
    "dct_identifier_sm": [
        "121205"
    ],
    "gbl_mdModified_dt": "2019-03-15T00:00:00Z",
    "gbl_mdVersion_s": "Aardvark"
}