{
    "dct_title_s": "Sanborn Fire Insurance Maps [Austin, Texas, 1894; Sheet 5]",
    "dct_creator_sm": "Sanborn Map Company",
    "dct_publisher_sm": "Sanborn Map Company",
    "dct_description_sm": [
        "Scale: 1:1000;"
    ],
    "dct_language_sm": [
        "English"
    ],
    "schema_provider_s": "Texas",
    "dct_isPartOf_sm": [
        "Perry-Castaneda Library Map Collection",
        "Sanborn Fire Insurance collection"
    ],
    "dct_subject_sm": [
        "Scanned maps"
    ],
    "dct_temporal_sm": [
        "1894"
    ],
    "dct_issued_s": "",
    "dct_spatial_sm": [
        "Sampson",
        "George W.",
        "Home",
        "Pease School",
        "Central Christian Church",
        "First United Methodist Church of Austin",
        "Austin's Moonlight Towers",
        "Austin Public Library",
        "1933",
        "Travis County Government",
        "Third Site for",
        "Zachary Taylor Fulmore",
        "Woolridge Park",
        "Goodman Building",
        "Hirshfeld House",
        "Hirshfeld Cottage",
        "Brizendine House",
        "Boardman-Webb House",
        "Pease School Building",
        "Edward Clark House Outbuilding",
        "Austin",
        "78701",
        "Colorado St",
        "Guadalupe St",
        "Lavaca St",
        "Nueces St",
        "Rio Grande St",
        "San Antonio St",
        "W 10th St",
        "W 11th St",
        "W 12th St",
        "W 8th St",
        "W 9th St",
        "Texas"
    ],
    "locn_geometry": "ENVELOPE(-97.7481, -97.74282, 30.27544, 30.27126)",
    "dct_accessRights_s": "Public",
    "dct_format_s": "GeoJPEG",
    "gbl_resourceClass_sm": "Maps",
    "gbl_wxsIdentifier_s": "utlmaps__sfi__austin_tx_1894__1k__x__5_layer",
    "dct_references_s": "{\"http://schema.org/downloadUrl\": \"https://curio.lib.utexas.edu/geodata/raster/utlmaps__sfi__austin_tx_1894__1k__x__5.zip\", \"https://github.com/cogeotiff/cog-spec\": \"https://curio.lib.utexas.edu/geodata/raster/utlmaps__sfi__austin_tx_1894__1k__x__5.tif\", \"http://www.isotc211.org/schemas/2005/gmd/\": \"https://curio.lib.utexas.edu/geodata/iso/utlmaps__sfi__austin_tx_1894__1k__x__5.xml\"}",
    "id": "utaustin_121165",
    "dct_identifier_sm": [
        "121165"
    ],
    "gbl_mdModified_dt": "2019-03-15T00:00:00Z",
    "gbl_mdVersion_s": "Aardvark"
}