{
    "dct_title_s": "Sanborn Fire Insurance Maps [Austin, Texas, 1921; Sheet 93]",
    "dct_creator_sm": "Sanborn Map Company",
    "dct_publisher_sm": "Sanborn Map Company",
    "dct_description_sm": [
        "Scale: 1:1000;"
    ],
    "dct_language_sm": [
        "English"
    ],
    "schema_provider_s": "Texas",
    "dct_isPartOf_sm": [
        "Perry-Castaneda Library Map Collection",
        "Sanborn Fire Insurance collection"
    ],
    "dct_subject_sm": [
        "Scanned maps"
    ],
    "dct_temporal_sm": [
        "1921"
    ],
    "dct_issued_s": "",
    "dct_spatial_sm": [
        "Williams-Weigl House",
        "Hodnette House",
        "Hyde Park",
        "Philquist-Wood House",
        "Kopperl House",
        "Elvira T. Manor Davis House",
        "Austin",
        "Waller Creek",
        "78705",
        "78751",
        "Ave A",
        "Ave B",
        "Ave C",
        "Ave D",
        "Ave F",
        "Ave G",
        "Ave H",
        "E 40th St",
        "E 41st St",
        "E 42nd St",
        "E 43rd St",
        "E 44th St",
        "E 45th St",
        "Guadalupe St",
        "Guadalupe St W",
        "Speedway",
        "W 38th 1/2 St",
        "W 39th St",
        "W 40th St",
        "W 41st St",
        "W 42nd St",
        "W 43rd St",
        "W 44th St",
        "W 45th St",
        "W 46th St",
        "Texas"
    ],
    "locn_geometry": "ENVELOPE(-97.7376, -97.72753, 30.31163, 30.3024)",
    "dct_accessRights_s": "Public",
    "dct_format_s": "GeoJPEG",
    "gbl_resourceClass_sm": "Maps",
    "gbl_wxsIdentifier_s": "utlmaps__sfi__austin_tx_1921__1k__x__93_layer",
    "dct_references_s": "{\"http://schema.org/downloadUrl\": \"https://curio.lib.utexas.edu/geodata/raster/utlmaps__sfi__austin_tx_1921__1k__x__93.zip\", \"https://github.com/cogeotiff/cog-spec\": \"https://curio.lib.utexas.edu/geodata/raster/utlmaps__sfi__austin_tx_1921__1k__x__93.tif\", \"http://www.isotc211.org/schemas/2005/gmd/\": \"https://curio.lib.utexas.edu/geodata/iso/utlmaps__sfi__austin_tx_1921__1k__x__93.xml\"}",
    "id": "utaustin_121192",
    "dct_identifier_sm": [
        "121192"
    ],
    "gbl_mdModified_dt": "2019-03-15T00:00:00Z",
    "gbl_mdVersion_s": "Aardvark"
}