{
    "dct_title_s": "1:250,000, 1:250,000 (AMS L506), Sheet Index Map (AMS L506), Japan",
    "dct_publisher_sm": "United States. Army Map Service.",
    "dct_description_sm": [
        "Scale: 1:250000;  Other Descriptive Notes about Map Series:"
    ],
    "dct_language_sm": [
        "English"
    ],
    "schema_provider_s": "Texas",
    "dct_isPartOf_sm": [
        "Perry-Castaneda Library Map Collection",
        "Army Map Service collection"
    ],
    "dct_subject_sm": [
        "Scanned maps"
    ],
    "dct_temporal_sm": [
        "temporalkeywords-placeholder (dct_temporal_sm)"
    ],
    "dct_issued_s": "",
    "dct_spatial_sm": [
        "Miyagi",
        "P'y\u014fngan-namdo",
        "Seoul",
        "North Jeolla",
        "Yamaguchi",
        "Heilongjiang",
        "South Korea",
        "Aomori",
        "Toyama",
        "Russia",
        "Hiroshima",
        "Amami",
        "Hwanghae-bukto",
        "Chagang-do",
        "Wakayama",
        "Kanagawa",
        "Gunma",
        "North Chungcheong",
        "Iwo Jima",
        "\u014cita",
        "Daejeon",
        "Nanp\u014d Islands",
        "Daegu",
        "Yamagata",
        "Ishikawa",
        "Hamgy\u014fng-bukto",
        "Hamgyong Mountains",
        "South Chungcheong",
        "Korean Peninsula",
        "Incheon",
        "Saitama",
        "Fukui",
        "Sikhote-Alin Range",
        "Honshu",
        "Primor'ye",
        "Nara",
        "Ras\u014fn",
        "Busan",
        "Kagoshima",
        "Yamanashi",
        "South Jeolla",
        "Oki Islands",
        "Miyazaki",
        "Mie",
        "Osumi Islands",
        "Chiba",
        "South Gyeongsang",
        "Kyushu",
        "Hokkaid\u014d",
        "Okinawa",
        "Izu-Shot\u00f6",
        "P'y\u014fngyang",
        "Ryukyu Islands",
        "Iwate",
        "China",
        "Tokyo",
        "Gwangju",
        "Kangw\u014fn-do",
        "Fukuoka",
        "North Gyeongsang",
        "Chuk-To",
        "Saga",
        "Ibaraki",
        "\u014csaka",
        "K\u014dchi",
        "Shikoku",
        "Jilin",
        "Tokushima",
        "Tochigi",
        "Gyeonggi",
        "Kagawa",
        "Kumamoto",
        "Aichi",
        "Sejong",
        "Ulsan",
        "North Korea",
        "Hamgy\u014fng-namdo",
        "Nagasaki",
        "Gifu",
        "Nagano",
        "Niigata",
        "Jeju",
        "Okayama",
        "Hwanghae-namdo",
        "Shizuoka",
        "Hy\u014dgo",
        "Gangwon",
        "Tottori",
        "Akita",
        "Japan",
        "Fukushima",
        "Hokkaido",
        "Ehime",
        "Ryanggang",
        "Shimane",
        "Dait\u014d Islands",
        "Ky\u014dto",
        "Shiga"
    ],
    "locn_geometry": "ENVELOPE(126.37966, 145.61217, 43.44015, 22.02294)",
    "dct_accessRights_s": "Public",
    "dct_format_s": "GeoJPEG",
    "gbl_resourceClass_sm": "Maps",
    "gbl_wxsIdentifier_s": "utlmaps__ams__japan_l506__250k__x__index_map_layer",
    "dct_references_s": "{\"http://schema.org/downloadUrl\": \"https://curio.lib.utexas.edu/geodata/raster/utlmaps__ams__japan_l506__250k__x__index_map.zip\", \"https://github.com/cogeotiff/cog-spec\": \"https://curio.lib.utexas.edu/geodata/raster/utlmaps__ams__japan_l506__250k__x__index_map.tif\", \"http://www.isotc211.org/schemas/2005/gmd/\": \"https://curio.lib.utexas.edu/geodata/iso/utlmaps__ams__japan_l506__250k__x__index_map.xml\"}",
    "id": "utaustin_19093",
    "dct_identifier_sm": [
        "19093"
    ],
    "gbl_mdModified_dt": "2019-03-15T00:00:00Z",
    "gbl_mdVersion_s": "Aardvark"
}