{
    "dct_title_s": "Sanborn Fire Insurance Maps [Austin, Texas, 1889; Sheet 11]",
    "dct_creator_sm": "Sanborn Map Company",
    "dct_publisher_sm": "Sanborn Map Company",
    "dct_description_sm": [
        "Scale: 1:1000;"
    ],
    "dct_language_sm": [
        "English"
    ],
    "schema_provider_s": "Texas",
    "dct_isPartOf_sm": [
        "Perry-Castaneda Library Map Collection",
        "Sanborn Fire Insurance collection"
    ],
    "dct_subject_sm": [
        "Scanned maps"
    ],
    "dct_temporal_sm": [
        "1889"
    ],
    "dct_issued_s": "",
    "dct_spatial_sm": [
        "Carrington-Covert House",
        "Diocese of Austin",
        "Gethsemane Church",
        "Site of Swedish Evangelical Free Church",
        "Scottish Rite Temple",
        "Moses Austin",
        "Austin",
        "78701",
        "78705",
        "78712",
        "Brazos St",
        "Colorado St",
        "Congress Ave",
        "E 16th St",
        "E 17th St",
        "E 18th St",
        "E Martin Luther King Jr Blvd",
        "Guadalupe St",
        "Lavaca St",
        "San Antonio St",
        "University Ave",
        "W 15th St",
        "W 16th St",
        "W 17th St",
        "W 18th St",
        "W Martin Luther King Jr Blvd",
        "Whitis Ave",
        "Texas"
    ],
    "locn_geometry": "ENVELOPE(-97.74287, -97.73775, 30.28167, 30.27757)",
    "dct_accessRights_s": "Public",
    "dct_format_s": "GeoJPEG",
    "gbl_resourceClass_sm": "Maps",
    "gbl_wxsIdentifier_s": "utlmaps__sfi__austin_tx_1889__1k__x__11_layer",
    "dct_references_s": "{\"http://schema.org/downloadUrl\": \"https://curio.lib.utexas.edu/geodata/raster/utlmaps__sfi__austin_tx_1889__1k__x__11.zip\", \"https://github.com/cogeotiff/cog-spec\": \"https://curio.lib.utexas.edu/geodata/raster/utlmaps__sfi__austin_tx_1889__1k__x__11.tif\", \"http://www.isotc211.org/schemas/2005/gmd/\": \"https://curio.lib.utexas.edu/geodata/iso/utlmaps__sfi__austin_tx_1889__1k__x__11.xml\"}",
    "id": "utaustin_121146",
    "dct_identifier_sm": [
        "121146"
    ],
    "gbl_mdModified_dt": "2019-03-15T00:00:00Z",
    "gbl_mdVersion_s": "Aardvark"
}