{
    "dct_title_s": "Survey of the Rio Grande, Roma to the Gulf of Mexico (1:10,000), 1913, Sheet 28",
    "dct_creator_sm": "International Boundary & Water Commission, United States & Mexico.",
    "dct_publisher_sm": "United States. Department of State.",
    "dct_description_sm": [
        "Scale: 1:10000;  Other Descriptive Notes about Map Series: Cover title: Survey of the Rio Grande Roma to the Gulf of Mexico : reports and maps.  Anson Mills, Commissioner American Section. cf. t.p.  Part of text in English and Spanish."
    ],
    "dct_language_sm": [
        "English"
    ],
    "schema_provider_s": "Texas",
    "dct_isPartOf_sm": [
        "Perry-Castaneda Library Map Collection",
        "International Boundary collection"
    ],
    "dct_subject_sm": [
        "Scanned maps"
    ],
    "dct_temporal_sm": [
        "1913"
    ],
    "dct_issued_s": "",
    "dct_spatial_sm": [
        "Rio Grande",
        "Cameron",
        "Battle of Palmito Ranch",
        "Camp Belknap",
        "Last Battle of the Civil War",
        "Rio Grande",
        "78521",
        "Boca Chica Blvd",
        "Co Rd 199",
        "Kingston Ave",
        "Massey Way",
        "Palmito Hill Rd",
        "Quicksilver Ave",
        "State Hwy 4",
        "Sunrise St",
        "Texas",
        "Tamaulipas"
    ],
    "locn_geometry": "ENVELOPE(-97.31536, -97.21802, 25.96963, 25.90293)",
    "dct_accessRights_s": "Public",
    "dct_format_s": "GeoJPEG",
    "gbl_resourceClass_sm": "Maps",
    "gbl_wxsIdentifier_s": "utlmaps__ib__ibc__10k__9379868__sheet28_layer",
    "dct_references_s": "{\"http://schema.org/downloadUrl\": \"https://curio.lib.utexas.edu/geodata/raster/utlmaps__ib__ibc__10k__9379868__sheet28.zip\", \"https://github.com/cogeotiff/cog-spec\": \"https://curio.lib.utexas.edu/geodata/raster/utlmaps__ib__ibc__10k__9379868__sheet28.tif\", \"http://www.isotc211.org/schemas/2005/gmd/\": \"https://curio.lib.utexas.edu/geodata/iso/utlmaps__ib__ibc__10k__9379868__sheet28.xml\"}",
    "id": "utaustin_121220",
    "dct_identifier_sm": [
        "121220"
    ],
    "gbl_mdModified_dt": "2019-03-15T00:00:00Z",
    "gbl_mdVersion_s": "Aardvark"
}