{
    "dct_title_s": "Sanborn Fire Insurance Maps [Austin, Texas, 1921; Sheet 80]",
    "dct_creator_sm": "Sanborn Map Company",
    "dct_publisher_sm": "Sanborn Map Company",
    "dct_description_sm": [
        "Scale: 1:1000;"
    ],
    "dct_language_sm": [
        "English"
    ],
    "schema_provider_s": "Texas",
    "dct_isPartOf_sm": [
        "Perry-Castaneda Library Map Collection",
        "Sanborn Fire Insurance collection"
    ],
    "dct_subject_sm": [
        "Scanned maps"
    ],
    "dct_temporal_sm": [
        "1921"
    ],
    "dct_issued_s": "",
    "dct_spatial_sm": [
        "Blackshear Elementary School",
        "Mount Olive Baptist Church",
        "Austin",
        "Boggy Creek",
        "78702",
        "Bryan St",
        "Chicon St",
        "College Row",
        "Cornell St",
        "Coronado St",
        "Diaz St",
        "E 10th St",
        "E 11th St",
        "E 5th St",
        "E 6th St",
        "E 7th St",
        "E 8th St",
        "E 9th St",
        "Gonzales St",
        "Gregory St",
        "Hamilton Ave",
        "Harvard St",
        "Hidalgo St",
        "Lawson Ln",
        "Leona St",
        "Lincoln St",
        "Mill St",
        "Morelos St",
        "Nile St",
        "Northwestern Ave",
        "Pedernales St",
        "Peoples St",
        "Poquito St",
        "Prospect Ave",
        "Robert Martinez Jr St",
        "Rosewood Ave",
        "Salina St",
        "San Saba St",
        "Swenson Ave",
        "Tillotson Ave",
        "Walter St",
        "Webberville Rd",
        "Yale St",
        "Texas"
    ],
    "locn_geometry": "ENVELOPE(-97.72253, -97.71221, 30.26939, 30.25968)",
    "dct_accessRights_s": "Public",
    "dct_format_s": "GeoJPEG",
    "gbl_resourceClass_sm": "Maps",
    "gbl_wxsIdentifier_s": "utlmaps__sfi__austin_tx_1921__1k__x__80_layer",
    "dct_references_s": "{\"http://schema.org/downloadUrl\": \"https://curio.lib.utexas.edu/geodata/raster/utlmaps__sfi__austin_tx_1921__1k__x__80.zip\", \"https://github.com/cogeotiff/cog-spec\": \"https://curio.lib.utexas.edu/geodata/raster/utlmaps__sfi__austin_tx_1921__1k__x__80.tif\", \"http://www.isotc211.org/schemas/2005/gmd/\": \"https://curio.lib.utexas.edu/geodata/iso/utlmaps__sfi__austin_tx_1921__1k__x__80.xml\"}",
    "id": "utaustin_121181",
    "dct_identifier_sm": [
        "121181"
    ],
    "gbl_mdModified_dt": "2019-03-15T00:00:00Z",
    "gbl_mdVersion_s": "Aardvark"
}