{
    "dct_title_s": "1:50,000, 1:50,000 (AMS M788), Sheet 1 (AMS M788), Balearic Islands",
    "dct_publisher_sm": "United States. Army Map Service.",
    "dct_description_sm": [
        "Scale: 1:50000;  Map Type: Topographic maps;  Other Descriptive Notes about Map Series: Complete in 21 sheets.  Set includes various issues of some sheets, some issued by British War Office (G. S. G. S. 4390).  Military grid.  Contour interval 50 meters..  Five classes of roads or trails are shown.  Includes Glossary..  Marginal maps: Index to adjoining sheets.--Reliability diagram."
    ],
    "dct_language_sm": [
        "English"
    ],
    "schema_provider_s": "Texas",
    "dct_isPartOf_sm": [
        "Perry-Castaneda Library Map Collection",
        "Army Map Service collection"
    ],
    "dct_subject_sm": [
        "Scanned maps"
    ],
    "dct_temporal_sm": [
        "1943"
    ],
    "dct_issued_s": "",
    "dct_spatial_sm": [
        "Baleares"
    ],
    "locn_geometry": "ENVELOPE(1.33327, 1.66669, 39.13334, 38.96667)",
    "dct_accessRights_s": "Public",
    "dct_format_s": "GeoJPEG",
    "gbl_resourceClass_sm": "Maps",
    "gbl_wxsIdentifier_s": "utlmaps__ams__balearic_islands_m788__50k__6540609__sheet_1_layer",
    "dct_references_s": "{\"http://schema.org/downloadUrl\": \"https://curio.lib.utexas.edu/geodata/raster/utlmaps__ams__balearic_islands_m788__50k__6540609__sheet_1.zip\", \"https://github.com/cogeotiff/cog-spec\": \"https://curio.lib.utexas.edu/geodata/raster/utlmaps__ams__balearic_islands_m788__50k__6540609__sheet_1.tif\", \"http://www.isotc211.org/schemas/2005/gmd/\": \"https://curio.lib.utexas.edu/geodata/iso/utlmaps__ams__balearic_islands_m788__50k__6540609__sheet_1.xml\"}",
    "id": "utaustin_19013",
    "dct_identifier_sm": [
        "19013"
    ],
    "gbl_mdModified_dt": "2019-03-15T00:00:00Z",
    "gbl_mdVersion_s": "Aardvark"
}