{
    "dct_title_s": "Stralsund , Sheet N 55, Germany 1:250,000.",
    "dct_description_sm": [
        "Scale: 1:250000;  Projection: Lambert conical orthomorphic projection;  Map Type: lcgft;  Other Descriptive Notes about Map Series: Relief shown by contours, gradient tints, and spot heights.  Five classes of railways and five classes of roads are shown.  Covers area west from Klockenhagen, Germany to \u00dcckeritz, Germany, and north from Borre, Denmark to Behrenhof, Germany to the south. Stralsund roughly below center right portion of sheet.  Sheet N.55, Stralsund from series issued in various editions by Geographical Section, General Staff, No. 4346.  Military grid.  North European Zone III ... Spheroid, Bessel. ... Nord de Guerre Grid ... Spheroid, Du Plessis..  Heights in metres..  Certain main spot heights are indicated by a white tab to improve legibility..  Includes legend, Incidence of grid letters diagrams, Convergence for corners of this sheet diagram, To give a grid reference on this sheet, Grid data: North European Zone III; Nord de Guerre Grid, Index to adjoining sheets, Index to corresponding sheets of G.S.G.S. 4081, Germany 1/100,000 scale sheets, Conversion table, Authorities, and Glossary.  50,000/12/43 S.P.C.."
    ],
    "dct_language_sm": [
        "English"
    ],
    "schema_provider_s": "Texas",
    "dct_isPartOf_sm": [
        "Perry-Castaneda Library Map Collection",
        "Field Maps of Colonel Roland T. Fenton"
    ],
    "dct_subject_sm": [
        "Scanned maps"
    ],
    "dct_temporal_sm": [
        "1943"
    ],
    "dct_issued_s": "",
    "dct_spatial_sm": null,
    "locn_geometry": "ENVELOPE(11.98426, 15.09548, 55.11256, 53.67787)",
    "dct_accessRights_s": "Public",
    "dct_format_s": "GeoJPEG",
    "gbl_resourceClass_sm": "Maps",
    "gbl_wxsIdentifier_s": "utlmaps__cc__fenton__250k__1055163219__stralsund_layer",
    "dct_references_s": "{\"http://schema.org/downloadUrl\": \"https://curio.lib.utexas.edu/geodata/raster/utlmaps__cc__fenton__250k__1055163219__stralsund.zip\", \"https://github.com/cogeotiff/cog-spec\": \"https://curio.lib.utexas.edu/geodata/raster/utlmaps__cc__fenton__250k__1055163219__stralsund.tif\", \"http://www.isotc211.org/schemas/2005/gmd/\": \"https://curio.lib.utexas.edu/geodata/iso/utlmaps__cc__fenton__250k__1055163219__stralsund.xml\"}",
    "id": "utaustin_121287",
    "dct_identifier_sm": [
        "121287"
    ],
    "gbl_mdModified_dt": "2019-03-15T00:00:00Z",
    "gbl_mdVersion_s": "Aardvark"
}