{
    "dct_title_s": "The The University of Texas at Austin Campus at Austin Campus 1925",
    "dct_description_sm": [
        "Scale: 1:x000;"
    ],
    "dct_language_sm": [
        "English"
    ],
    "schema_provider_s": "Texas",
    "dct_isPartOf_sm": [
        "Perry-Castaneda Library Map Collection",
        "University of Texas at Austin Campus Map collection"
    ],
    "dct_subject_sm": [
        "Scanned maps"
    ],
    "dct_temporal_sm": [
        "[]"
    ],
    "dct_issued_s": "",
    "dct_spatial_sm": [
        "Austin Presbyterian Theological Seminary",
        "Austin Presbyterian Theological Seminary Campus",
        "John Elbridge Hines",
        "Zeta Tau Alpha House",
        "Site of Texas Wesleyan College",
        "J. Frank Dobie House",
        "Kappa Kappa Gamma House",
        "Littlefield Home",
        "Brueggemann-Sandbo House",
        "All Saints' Episcopal Church",
        "Buen Retiro",
        "Rebecca Kilgore Stuart Red",
        "Scottish Rite Temple",
        "Moses Austin",
        "George H. Kinsolving Crypt",
        "Austin",
        "Waller Creek",
        "78701",
        "78705",
        "78712",
        "78722",
        "22nd St E",
        "22nd St W",
        "24th St E",
        "23rd St E",
        "Beanna St",
        "Bellevue Pl",
        "Benelva Dr",
        "Brazos St",
        "Cedar St",
        "Colorado St",
        "Congress Ave",
        "Duval St",
        "E 20 1/2 St",
        "E 18th St",
        "E 21st St",
        "E 23rd St",
        "E 27th St",
        "E 24th St",
        "E 26 1/2 St",
        "E 30th St",
        "E 31st St",
        "E 32nd St",
        "E Dean Keeton St",
        "E Mall Ut",
        "E Martin Luther King Jr Blvd",
        "East Dr",
        "Elmwood Pl",
        "Fairfax Walk",
        "Fruth St",
        "Grooms St",
        "Guadalupe St",
        "Hampton Rd",
        "Harris Ave",
        "Harris Park Ave",
        "Helms St",
        "Hemphill Park",
        "Hume Pl",
        "I- 35",
        "Inner Campus Dr",
        "Jester Cir",
        "Landon Ln",
        "Lavaca St",
        "Leonard St",
        "Liberty St",
        "Manor Rd",
        "Montrose St",
        "Moore Blvd",
        "N Interregional Hwy",
        "Nueces St",
        "Park Pl",
        "Rathervue Pl",
        "Red River St",
        "Robert Dedman Dr",
        "S Mall Ut",
        "San Antonio St",
        "San Jacinto Blvd",
        "Seton Ave",
        "Sparks Ave",
        "Speedway",
        "Tom Green St",
        "Trinity St",
        "University Ave",
        "W 17th St",
        "W 18th St",
        "W 25th St",
        "W 20th St",
        "W 21st St",
        "W 22nd St",
        "W 23rd St",
        "W 24th St",
        "W 26th St",
        "W 27th St",
        "W 28th St",
        "W 29th St",
        "W 30th St",
        "W 31st St",
        "W Dean Keeton St",
        "W Mall Ut",
        "W Martin Luther King Jr Blvd",
        "Walling Dr",
        "West Dr",
        "Whitis Ave",
        "Wichita St",
        "Texas"
    ],
    "locn_geometry": "ENVELOPE(-97.74385, -97.72952, 30.29546, 30.27915)",
    "dct_accessRights_s": "Public",
    "dct_format_s": "GeoJPEG",
    "gbl_resourceClass_sm": "Maps",
    "gbl_wxsIdentifier_s": "utlmaps__ut__campus__x__x__university_of_texas_1925_layer",
    "dct_references_s": "{\"http://schema.org/downloadUrl\": \"https://curio.lib.utexas.edu/geodata/raster/utlmaps__ut__campus__x__x__university_of_texas_1925.zip\", \"https://github.com/cogeotiff/cog-spec\": \"https://curio.lib.utexas.edu/geodata/raster/utlmaps__ut__campus__x__x__university_of_texas_1925.tif\", \"http://www.isotc211.org/schemas/2005/gmd/\": \"https://curio.lib.utexas.edu/geodata/iso/utlmaps__ut__campus__x__x__university_of_texas_1925.xml\"}",
    "id": "utaustin_121227",
    "dct_identifier_sm": [
        "121227"
    ],
    "gbl_mdModified_dt": "2019-03-15T00:00:00Z",
    "gbl_mdVersion_s": "Aardvark"
}