{
    "dct_title_s": "1:250,000, 1:250,000 (AMS U542), Sheet Nd47 6 (AMS U542), Burma",
    "dct_publisher_sm": "United States. Army Map Service.",
    "dct_description_sm": [
        "Scale: 1:250000;  Map Type: Topographic maps;  Other Descriptive Notes about Map Series: Issued in quadrangles 1\u2082 of latitude by 1\u208230' of longitude.  Relief shown variously by contours, form lines, shading, and spot elevations.  Classes of roads, railroads, towns by size, types of vegetation, etc., indicated by symbols.  Each sheet includes Glossary, Reliability diagram, and Location diagram..  Accompanied by index map on sheet 27 x 41 cm."
    ],
    "dct_language_sm": [
        "English"
    ],
    "schema_provider_s": "Texas",
    "dct_isPartOf_sm": [
        "Perry-Castaneda Library Map Collection",
        "Army Map Service collection"
    ],
    "dct_subject_sm": [
        "Scanned maps"
    ],
    "dct_temporal_sm": [
        "1955"
    ],
    "dct_issued_s": "",
    "dct_spatial_sm": [
        "Dawei",
        "Chao Nen Dam",
        "Mainland Southeast Asia",
        "Kanchanaburi",
        "Thailand",
        "Mon",
        "Myanmar",
        "Tanintharyi"
    ],
    "locn_geometry": "ENVELOPE(97.49981, 99.00021, 15.00012, 13.99974)",
    "dct_accessRights_s": "Public",
    "dct_format_s": "GeoJPEG",
    "gbl_resourceClass_sm": "Maps",
    "gbl_wxsIdentifier_s": "utlmaps__ams__burma_u542__250k__6924198__nd47_6_layer",
    "dct_references_s": "{\"http://schema.org/downloadUrl\": \"https://curio.lib.utexas.edu/geodata/raster/utlmaps__ams__burma_u542__250k__6924198__nd47_6.zip\", \"https://github.com/cogeotiff/cog-spec\": \"https://curio.lib.utexas.edu/geodata/raster/utlmaps__ams__burma_u542__250k__6924198__nd47_6.tif\", \"http://www.isotc211.org/schemas/2005/gmd/\": \"https://curio.lib.utexas.edu/geodata/iso/utlmaps__ams__burma_u542__250k__6924198__nd47_6.xml\"}",
    "id": "utaustin_19030",
    "dct_identifier_sm": [
        "19030"
    ],
    "gbl_mdModified_dt": "2019-03-15T00:00:00Z",
    "gbl_mdVersion_s": "Aardvark"
}