{
    "dct_title_s": "1:200,000, 1:200,000 (GSGS 4149), Sheet D28 12 (GSGS 4149), French West Africa",
    "dct_publisher_sm": "United States. Army Map Service.",
    "dct_description_sm": [
        "Scale: 1:200000;  Relief Symbology: contours;  Map Type: Topographic maps;  Other Descriptive Notes about Map Series:   Set includes various issues of some sheets, some reissued by the U.S. Army Map Service.  Sheets issued in 1\u2082 quadrangles, longitude based on Greenwich meridian; longitude from Paris meridian also indicated in graduated border.  Contour interval 50 metres.  Military grid.  Emphasizes hydrography and types of vegetation; three classes of roads and tracks are indicated.  Based on maps by the Service g\u00e9ographique de l'Afrique occidentale fran\u00e7aise \u00e0 Dakar."
    ],
    "dct_language_sm": [
        "English"
    ],
    "schema_provider_s": "Texas",
    "dct_isPartOf_sm": [
        "Perry-Castaneda Library Map Collection",
        "Army Map Service collection"
    ],
    "dct_subject_sm": [
        "Scanned maps"
    ],
    "dct_temporal_sm": [
        "1940"
    ],
    "dct_issued_s": "",
    "dct_spatial_sm": [
        "Tambacounda",
        "Kayes",
        "K\u00e9dougou",
        "Mali",
        "Senegal"
    ],
    "locn_geometry": "ENVELOPE(-13.0, -12.0, 14.0, 13.0)",
    "dct_accessRights_s": "Public",
    "dct_format_s": "GeoJPEG",
    "gbl_resourceClass_sm": "Maps",
    "gbl_wxsIdentifier_s": "utlmaps__ams__french_west_africa__200k__6559093__d28_12_layer",
    "dct_references_s": "{\"http://schema.org/downloadUrl\": \"https://curio.lib.utexas.edu/geodata/raster/utlmaps__ams__french_west_africa__200k__6559093__d28_12.zip\", \"https://github.com/cogeotiff/cog-spec\": \"https://curio.lib.utexas.edu/geodata/raster/utlmaps__ams__french_west_africa__200k__6559093__d28_12.tif\", \"http://www.isotc211.org/schemas/2005/gmd/\": \"https://curio.lib.utexas.edu/geodata/iso/utlmaps__ams__french_west_africa__200k__6559093__d28_12.xml\"}",
    "id": "utaustin_19238",
    "dct_identifier_sm": [
        "19238"
    ],
    "gbl_mdModified_dt": "2019-03-15T00:00:00Z",
    "gbl_mdVersion_s": "Aardvark"
}