{
    "dct_title_s": "Salzburg , Sheet N 48, Germany 1:250,000.",
    "dct_description_sm": [
        "Scale: 1:250000;  Projection: Lambert conical orthomorphic projection;  Map Type: lcgft;  Other Descriptive Notes about Map Series: Relief shown by contours, spot heights, and gradient tints.  Five classes of railways and five classes of roads are shown.  Covers area west from Kitzb\u00fchel, Austria to Windischgarsten, Austria, and north from Stra\u00dfwalchen, Austria to Matrei in Osttirol, Austria.  Sheet N.48, Salzburg from series originally issued in various editions by Great Britain, War Office, Geographical Section, General Staff, No. 4346.  For use by War and Navy Department Agencies only. Not for sale or distribution..  Military grid.  Nord de Guerre Zone Grid ... Spheroid, Du Plessis. ... Northern Italy Grid ... Spheroid, Bessel..  Cataloging agency's copy overprinted with 4 coordinate scale circles with center points located roughly at E 12\u00b048\u02b9/N 47\u00b047\u02b9 ; E 13\u00b048\u02b9/N 47\u00b043\u02b9 ; E 13\u00b049\u02b9/N 47\u00b017\u02b9 ; E 12\u00b049\u02b9/N 47\u00b016\u02b9.  IXA.  Heights in metres..  Certain main spot heights are indicated by a white tab to improve legibility..  Includes legend, Incidence of grid letters diagrams, Convergence for corners of this sheet diagram, To give a grid reference on this sheet, Grid data: Nord de Guerre Grid; Northern Italy Grid, Index to adjoining sheets, Index to corresponding sheets of G.S.G.S. 4081, Germany 1/100,000, Conversion table, Authorities, and Glossary. Also includes printer's color control bar in upper margin.  5/44SL.."
    ],
    "dct_language_sm": [
        "English"
    ],
    "schema_provider_s": "Texas",
    "dct_isPartOf_sm": [
        "Perry-Castaneda Library Map Collection",
        "Field Maps of Colonel Roland T. Fenton"
    ],
    "dct_subject_sm": [
        "Scanned maps"
    ],
    "dct_temporal_sm": [
        "1944"
    ],
    "dct_issued_s": "",
    "dct_spatial_sm": [
        "CHIEMSEE",
        "Attersee",
        "Traunsee",
        "CHIEMSEE",
        "Alps",
        "Bayern",
        "Germany",
        "Nieder\u00f6sterreich",
        "Austria",
        "Ober\u00f6sterreich",
        "Bozen",
        "Italy",
        "Tirol",
        "Salzburg",
        "Belluno",
        "K\u00e4rnten",
        "Steiermark"
    ],
    "locn_geometry": "ENVELOPE(12.20563, 14.77843, 48.14357, 46.65111)",
    "dct_accessRights_s": "Public",
    "dct_format_s": "GeoJPEG",
    "gbl_resourceClass_sm": "Maps",
    "gbl_wxsIdentifier_s": "utlmaps__cc__fenton__250k__1055162439__salzburg_layer",
    "dct_references_s": "{\"http://schema.org/downloadUrl\": \"https://curio.lib.utexas.edu/geodata/raster/utlmaps__cc__fenton__250k__1055162439__salzburg.zip\", \"https://github.com/cogeotiff/cog-spec\": \"https://curio.lib.utexas.edu/geodata/raster/utlmaps__cc__fenton__250k__1055162439__salzburg.tif\", \"http://www.isotc211.org/schemas/2005/gmd/\": \"https://curio.lib.utexas.edu/geodata/iso/utlmaps__cc__fenton__250k__1055162439__salzburg.xml\"}",
    "id": "utaustin_121280",
    "dct_identifier_sm": [
        "121280"
    ],
    "gbl_mdModified_dt": "2019-03-15T00:00:00Z",
    "gbl_mdVersion_s": "Aardvark"
}