{
    "dct_title_s": "The The University of Texas at Austin Campus at Austin Campus 1921",
    "dct_description_sm": [
        "Scale: 1:x000;"
    ],
    "dct_language_sm": [
        "English"
    ],
    "schema_provider_s": "Texas",
    "dct_isPartOf_sm": [
        "Perry-Castaneda Library Map Collection",
        "University of Texas at Austin Campus Map collection"
    ],
    "dct_subject_sm": [
        "Scanned maps"
    ],
    "dct_temporal_sm": [
        "[]"
    ],
    "dct_issued_s": "",
    "dct_spatial_sm": [
        "Wooten",
        "Goodall House",
        "Austin Presbyterian Theological Seminary",
        "Austin Presbyterian Theological Seminary Campus",
        "Zeta Tau Alpha House",
        "Beriah Graham House",
        "Jacob Larmour House",
        "DeWitt Clinton Baker Home Site",
        "Kappa Kappa Gamma House",
        "Littlefield Home",
        "All Saints' Episcopal Church",
        "Buen Retiro",
        "Rebecca Kilgore Stuart Red",
        "Gerhard-Schoch House",
        "Scottish Rite Temple",
        "George H. Kinsolving Crypt",
        "Austin",
        "Waller Creek",
        "78701",
        "78705",
        "78712",
        "22nd St E",
        "22nd St W",
        "Bellevue Pl",
        "Benelva Dr",
        "Brazos St",
        "Colorado St",
        "Congress Ave",
        "Duval St",
        "E 21st St",
        "E 23rd St",
        "E 27th St",
        "E 24th St",
        "E 26 1/2 St",
        "E 30th St",
        "E 31st St",
        "E Dean Keeton St",
        "E Mall Ut",
        "E Martin Luther King Jr Blvd",
        "Elmwood Pl",
        "Graham Pl",
        "Guadalupe St",
        "Hemphill Park",
        "Hume Pl",
        "Inner Campus Dr",
        "Jester Cir",
        "Lavaca St",
        "Nueces St",
        "Park Pl",
        "Rio Grande St",
        "S Mall Ut",
        "Salado St",
        "San Antonio St",
        "San Jacinto Blvd",
        "San Pedro St",
        "Seton Ave",
        "Speedway",
        "Tom Green St",
        "Trinity St",
        "University Ave",
        "W 17th St",
        "W 18th St",
        "W 24th 1/2 St",
        "W 25th St",
        "W 20th St",
        "W 21st St",
        "W 22 1/2 St",
        "W 22nd St",
        "W 23rd St",
        "W 24th St",
        "W 26th St",
        "W 27th St",
        "W 28th St",
        "W Dean Keeton St",
        "W Mall Ut",
        "W Martin Luther King Jr Blvd",
        "Whitis Ave",
        "Wichita St",
        "Texas"
    ],
    "locn_geometry": "ENVELOPE(-97.74588, -97.7338, 30.29365, 30.27984)",
    "dct_accessRights_s": "Public",
    "dct_format_s": "GeoJPEG",
    "gbl_resourceClass_sm": "Maps",
    "gbl_wxsIdentifier_s": "utlmaps__ut__campus__x__x__university_of_texas_1921_layer",
    "dct_references_s": "{\"http://schema.org/downloadUrl\": \"https://curio.lib.utexas.edu/geodata/raster/utlmaps__ut__campus__x__x__university_of_texas_1921.zip\", \"https://github.com/cogeotiff/cog-spec\": \"https://curio.lib.utexas.edu/geodata/raster/utlmaps__ut__campus__x__x__university_of_texas_1921.tif\", \"http://www.isotc211.org/schemas/2005/gmd/\": \"https://curio.lib.utexas.edu/geodata/iso/utlmaps__ut__campus__x__x__university_of_texas_1921.xml\"}",
    "id": "utaustin_121224",
    "dct_identifier_sm": [
        "121224"
    ],
    "gbl_mdModified_dt": "2019-03-15T00:00:00Z",
    "gbl_mdVersion_s": "Aardvark"
}