{
    "dct_title_s": "Survey of the Rio Grande, Roma to the Gulf of Mexico (1:10,000), 1913, Sheet 08",
    "dct_creator_sm": "International Boundary & Water Commission, United States & Mexico.",
    "dct_publisher_sm": "United States. Department of State.",
    "dct_description_sm": [
        "Scale: 1:10000;  Other Descriptive Notes about Map Series: Cover title: Survey of the Rio Grande Roma to the Gulf of Mexico : reports and maps.  Anson Mills, Commissioner American Section. cf. t.p.  Part of text in English and Spanish."
    ],
    "dct_language_sm": [
        "English"
    ],
    "schema_provider_s": "Texas",
    "dct_isPartOf_sm": [
        "Perry-Castaneda Library Map Collection",
        "International Boundary collection"
    ],
    "dct_subject_sm": [
        "Scanned maps"
    ],
    "dct_temporal_sm": [
        "1913"
    ],
    "dct_issued_s": "",
    "dct_spatial_sm": [
        "Rio Grande",
        "Hidalgo",
        "Starr",
        "Havana",
        "Hidalgo County's First Oil Well",
        "Los Ebanos Ferry Crossing",
        "Sullivan City",
        "Salado Creek",
        "Rio Grande",
        "La Joya Lake",
        "78560",
        "78565",
        "78576",
        "78582",
        "78595",
        "16 Mile Rd",
        "1st St",
        "2nd St",
        "3rd St",
        "4th St",
        "5th St",
        "6th St",
        "7th St",
        "8th St",
        "Alamo St",
        "Anaquito St",
        "Antonio Villalon St",
        "Bluebird St",
        "Bouganivilla St",
        "Canelon St",
        "Cardinal St",
        "Casimiro Ortega Ave",
        "Casimiro Ortega St",
        "Cedro St",
        "Cenizo St",
        "Chayos St",
        "Cll Cerda",
        "Colorado St",
        "Connecting Rd",
        "Crisantema St",
        "Cuevitas Dr",
        "Cypress St",
        "Delio Salinas St",
        "Delia St",
        "Dove St",
        "Eagle St",
        "Ebano St",
        "el Faro Rd",
        "el Pato Rd",
        "el Pinto Rd",
        "Falcon St",
        "Felix Martinez St",
        "Federico Flores St",
        "Felix Martinez Ave",
        "Flores St",
        "Flores Rd",
        "Francisco Garza Ave",
        "Frederico Flores Ave",
        "Fresno St",
        "Gardenia St",
        "Garza St",
        "Geranio St",
        "Godorniz Ln",
        "Guadalupe Flores Rd",
        "Hawk St",
        "Hediberto Garza St",
        "Heriberto Garzas St",
        "Heriberto Garza St",
        "Jim Leo St",
        "Jose Garcia Ave",
        "Jose Garcia St",
        "Julio Garza St",
        "Laurel St",
        "Lomas St",
        "Los Garzas St",
        "Main St",
        "Manuel St",
        "Maro St",
        "Matias Flores St",
        "Mesquite St",
        "Military Rd",
        "Mirasol St",
        "N la Paloma St",
        "Nogal St",
        "Obregan St",
        "Obregon St",
        "Old Military Rd",
        "Olga St",
        "Olmo St",
        "Onesimo Mireles St",
        "P J Garza Rd",
        "Paisano St",
        "Palo Blanco St",
        "Patricio Perez Rd",
        "Patricio Perez Blvd",
        "Pino St",
        "Pita St",
        "Quail St",
        "Quesada Ln",
        "Rafael St",
        "Raven St",
        "Raul Villareal St",
        "Red Bird",
        "Reginaldo Villalon St",
        "Rene Flores St",
        "Rene Flores Ave",
        "Robin St",
        "Rosendo Benavidez St",
        "S Valle St",
        "San Fordyce Rd",
        "Sparrow St",
        "Sullivan City Dr",
        "US Customs Toll Brg",
        "US Hwy 83",
        "Valles St",
        "Villa St",
        "Villegas St",
        "Villalon St",
        "W 10th St",
        "W 6th St",
        "W Expy 83",
        "Yucca St",
        "Texas",
        "Tamaulipas"
    ],
    "locn_geometry": "ENVELOPE(-98.60067, -98.50012, 26.29188, 26.22642)",
    "dct_accessRights_s": "Public",
    "dct_format_s": "GeoJPEG",
    "gbl_resourceClass_sm": "Maps",
    "gbl_wxsIdentifier_s": "utlmaps__ib__ibc__10k__9379868__sheet08_layer",
    "dct_references_s": "{\"http://schema.org/downloadUrl\": \"https://curio.lib.utexas.edu/geodata/raster/utlmaps__ib__ibc__10k__9379868__sheet08.zip\", \"https://github.com/cogeotiff/cog-spec\": \"https://curio.lib.utexas.edu/geodata/raster/utlmaps__ib__ibc__10k__9379868__sheet08.tif\", \"http://www.isotc211.org/schemas/2005/gmd/\": \"https://curio.lib.utexas.edu/geodata/iso/utlmaps__ib__ibc__10k__9379868__sheet08.xml\"}",
    "id": "utaustin_121201",
    "dct_identifier_sm": [
        "121201"
    ],
    "gbl_mdModified_dt": "2019-03-15T00:00:00Z",
    "gbl_mdVersion_s": "Aardvark"
}