{
    "dct_title_s": "Sanborn Fire Insurance Maps [Austin, Texas, 1921; Sheet 82]",
    "dct_creator_sm": "Sanborn Map Company",
    "dct_publisher_sm": "Sanborn Map Company",
    "dct_description_sm": [
        "Scale: 1:1000;"
    ],
    "dct_language_sm": [
        "English"
    ],
    "schema_provider_s": "Texas",
    "dct_isPartOf_sm": [
        "Perry-Castaneda Library Map Collection",
        "Sanborn Fire Insurance collection"
    ],
    "dct_subject_sm": [
        "Scanned maps"
    ],
    "dct_temporal_sm": [
        "1921"
    ],
    "dct_issued_s": "",
    "dct_spatial_sm": [
        "King-Tears Mortuary",
        "James L. Farmer",
        "Jr.",
        "Desegregation of Texas Public Schools",
        "Abner Hugh Cook",
        "Andrew Jackson Hamilton",
        "Texas Land Commissioner",
        "Johann Jacob Groos",
        "John Crittenden Duval",
        "Joseph Baker",
        "Major William Martin \"Buck\" Walton",
        "Peter Henry Oberwetter",
        "Susanna W. Dickinson",
        "Swante Palm",
        "Site of Old Anderson High School_Kealing Junior High School",
        "Colored Teachers State Association of Texas Building",
        "G. W. Carver Branch Library",
        "Wesley United Methodist Church",
        "Simpson United Methodist Church",
        "Thompson Home",
        "Southgate-Lewis House",
        "Victory Grill",
        "Laurine Cecil Anderson",
        "Austin",
        "78702",
        "Amber St",
        "Angelina St",
        "Bob Harrison Ave",
        "Catalpa St",
        "Comal St",
        "Concho St",
        "Cotton St",
        "E 10th St",
        "E 11th St",
        "E 12th St",
        "E 13th St",
        "E 14th St",
        "E 15th St",
        "Gregory St",
        "Hackberry St",
        "Juniper St",
        "Lawson Ln",
        "Leona St",
        "Lydia St",
        "Myrtle St",
        "Navasota St",
        "New York Ave",
        "Olive St",
        "Pennsylvania Ave",
        "Rosewood Ave",
        "Salina St",
        "San Bernard St",
        "Short Hackberry St",
        "Waller St",
        "Wheeless St",
        "Texas"
    ],
    "locn_geometry": "ENVELOPE(-97.72871, -97.72051, 30.27612, 30.26769)",
    "dct_accessRights_s": "Public",
    "dct_format_s": "GeoJPEG",
    "gbl_resourceClass_sm": "Maps",
    "gbl_wxsIdentifier_s": "utlmaps__sfi__austin_tx_1921__1k__x__82_layer",
    "dct_references_s": "{\"http://schema.org/downloadUrl\": \"https://curio.lib.utexas.edu/geodata/raster/utlmaps__sfi__austin_tx_1921__1k__x__82.zip\", \"https://github.com/cogeotiff/cog-spec\": \"https://curio.lib.utexas.edu/geodata/raster/utlmaps__sfi__austin_tx_1921__1k__x__82.tif\", \"http://www.isotc211.org/schemas/2005/gmd/\": \"https://curio.lib.utexas.edu/geodata/iso/utlmaps__sfi__austin_tx_1921__1k__x__82.xml\"}",
    "id": "utaustin_121182",
    "dct_identifier_sm": [
        "121182"
    ],
    "gbl_mdModified_dt": "2019-03-15T00:00:00Z",
    "gbl_mdVersion_s": "Aardvark"
}