{
    "dct_title_s": "Sanborn Fire Insurance Maps [Austin, Texas, 1894; Sheet 21]",
    "dct_creator_sm": "Sanborn Map Company",
    "dct_publisher_sm": "Sanborn Map Company",
    "dct_description_sm": [
        "Scale: 1:1000;"
    ],
    "dct_language_sm": [
        "English"
    ],
    "schema_provider_s": "Texas",
    "dct_isPartOf_sm": [
        "Perry-Castaneda Library Map Collection",
        "Sanborn Fire Insurance collection"
    ],
    "dct_subject_sm": [
        "Scanned maps"
    ],
    "dct_temporal_sm": [
        "1894"
    ],
    "dct_issued_s": "",
    "dct_spatial_sm": [
        "Austin",
        "78702",
        "Attayac St",
        "E 2nd St",
        "E 3rd St",
        "E 4th St",
        "E 5th St",
        "E 6th St",
        "E 7th St",
        "Lydia St",
        "Medina St",
        "Navasota St",
        "Onion St",
        "San Marcos St",
        "Waller St",
        "Texas"
    ],
    "locn_geometry": "ENVELOPE(-97.73318, -97.72827, 30.2651, 30.26058)",
    "dct_accessRights_s": "Public",
    "dct_format_s": "GeoJPEG",
    "gbl_resourceClass_sm": "Maps",
    "gbl_wxsIdentifier_s": "utlmaps__sfi__austin_tx_1894__1k__x__21_layer",
    "dct_references_s": "{\"http://schema.org/downloadUrl\": \"https://curio.lib.utexas.edu/geodata/raster/utlmaps__sfi__austin_tx_1894__1k__x__21.zip\", \"https://github.com/cogeotiff/cog-spec\": \"https://curio.lib.utexas.edu/geodata/raster/utlmaps__sfi__austin_tx_1894__1k__x__21.tif\", \"http://www.isotc211.org/schemas/2005/gmd/\": \"https://curio.lib.utexas.edu/geodata/iso/utlmaps__sfi__austin_tx_1894__1k__x__21.xml\"}",
    "id": "utaustin_121161",
    "dct_identifier_sm": [
        "121161"
    ],
    "gbl_mdModified_dt": "2019-03-15T00:00:00Z",
    "gbl_mdVersion_s": "Aardvark"
}