{
    "dct_title_s": "The The University of Texas at Austin Campus at Austin Campus 1933",
    "dct_description_sm": [
        "Scale: 1:x000;"
    ],
    "dct_language_sm": [
        "English"
    ],
    "schema_provider_s": "Texas",
    "dct_isPartOf_sm": [
        "Perry-Castaneda Library Map Collection",
        "University of Texas at Austin Campus Map collection"
    ],
    "dct_subject_sm": [
        "Scanned maps"
    ],
    "dct_temporal_sm": [
        "[]"
    ],
    "dct_issued_s": "",
    "dct_spatial_sm": [
        "Mauthe-Myrick Mansion",
        "Wahrenberger",
        "John",
        "House",
        "State Bar of Texas",
        "Carrington-Covert House",
        "Austin Presbyterian Theological Seminary",
        "Austin Presbyterian Theological Seminary Campus",
        "Price Daniel",
        "Diocese of Austin",
        "John Elbridge Hines",
        "Zeta Tau Alpha House",
        "Gethsemane Church",
        "Adams-Ziller House",
        "Site of Texas Wesleyan College",
        "Scholz Garten",
        "J. Frank Dobie House",
        "Kappa Kappa Gamma House",
        "Littlefield Home",
        "Site of Swedish Evangelical Free Church",
        "Brueggemann-Sandbo House",
        "All Saints' Episcopal Church",
        "Buen Retiro",
        "Rebecca Kilgore Stuart Red",
        "Gerhard-Schoch House",
        "Scottish Rite Temple",
        "Moses Austin",
        "George H. Kinsolving Crypt",
        "Austin",
        "Waller Creek",
        "78701",
        "78702",
        "78705",
        "78712",
        "78722",
        "22nd St E",
        "22nd St W",
        "24th St E",
        "23rd St E",
        "Beanna St",
        "Bellevue Pl",
        "Benelva Dr",
        "Brazos St",
        "Carolyn Ave",
        "Cedar St",
        "Colorado St",
        "Congress Ave",
        "Duval St",
        "E 15th St",
        "E 16th St",
        "E 20 1/2 St",
        "E 17th St",
        "E 18th St",
        "E 21st St",
        "E 23rd St",
        "E 31st St",
        "E 27th St",
        "E 32nd 1/2 St",
        "E 24th St",
        "E 26 1/2 St",
        "E 30th St",
        "E 32nd St",
        "E 33rd St",
        "E Dean Keeton St",
        "E Mall Ut",
        "E Martin Luther King Jr Blvd",
        "East Ave",
        "East Dr",
        "Elmwood Pl",
        "Fairfax Walk",
        "Fruth St",
        "Grooms St",
        "Guadalupe St",
        "Hampton Rd",
        "Harris Ave",
        "Harris Park Ave",
        "Helms St",
        "Hemphill Park",
        "Hume Pl",
        "I- 35",
        "Inner Campus Dr",
        "Jester Cir",
        "Landon Ln",
        "Lavaca St",
        "Leonard St",
        "Liberty St",
        "Manor Rd",
        "Medical Arts St",
        "Montrose St",
        "Moore Blvd",
        "N I- 35 Svc Rd",
        "N Interregional Hwy",
        "Nueces St",
        "Park Pl",
        "Rathervue Pl",
        "Red River St",
        "Rio Grande St",
        "Robert Dedman Dr",
        "S Mall Ut",
        "San Antonio St",
        "San Jacinto Blvd",
        "Seton Ave",
        "Sparks Ave",
        "Speedway",
        "Tom Green St",
        "Trinity St",
        "University Ave",
        "W 14th St",
        "W 15th St",
        "W 16th St",
        "W 17th St",
        "W 18th St",
        "W 24th 1/2 St",
        "W 25th St",
        "W 20th St",
        "W 21st St",
        "W 22nd St",
        "W 23rd St",
        "W 24th St",
        "W 26th St",
        "W 27th St",
        "W 28th 1/2 St",
        "W 28th St",
        "W 29th St",
        "W 30th St",
        "W 31st St",
        "W Dean Keeton St",
        "W Mall Ut",
        "W Martin Luther King Jr Blvd",
        "Walling Dr",
        "West Dr",
        "Whitis Ave",
        "Wichita St",
        "Woodrow St",
        "Texas"
    ],
    "locn_geometry": "ENVELOPE(-97.74422, -97.72762, 30.29578, 30.27644)",
    "dct_accessRights_s": "Public",
    "dct_format_s": "GeoJPEG",
    "gbl_resourceClass_sm": "Maps",
    "gbl_wxsIdentifier_s": "utlmaps__ut__campus__x__x__university_of_texas_1933_layer",
    "dct_references_s": "{\"http://schema.org/downloadUrl\": \"https://curio.lib.utexas.edu/geodata/raster/utlmaps__ut__campus__x__x__university_of_texas_1933.zip\", \"https://github.com/cogeotiff/cog-spec\": \"https://curio.lib.utexas.edu/geodata/raster/utlmaps__ut__campus__x__x__university_of_texas_1933.tif\", \"http://www.isotc211.org/schemas/2005/gmd/\": \"https://curio.lib.utexas.edu/geodata/iso/utlmaps__ut__campus__x__x__university_of_texas_1933.xml\"}",
    "id": "utaustin_121231",
    "dct_identifier_sm": [
        "121231"
    ],
    "gbl_mdModified_dt": "2019-03-15T00:00:00Z",
    "gbl_mdVersion_s": "Aardvark"
}