{
    "dct_title_s": "Sanborn Fire Insurance Maps [Austin, Texas, 1894; Sheet 19]",
    "dct_creator_sm": "Sanborn Map Company",
    "dct_publisher_sm": "Sanborn Map Company",
    "dct_description_sm": [
        "Scale: 1:1000;"
    ],
    "dct_language_sm": [
        "English"
    ],
    "schema_provider_s": "Texas",
    "dct_isPartOf_sm": [
        "Perry-Castaneda Library Map Collection",
        "Sanborn Fire Insurance collection"
    ],
    "dct_subject_sm": [
        "Scanned maps"
    ],
    "dct_temporal_sm": [
        "1894"
    ],
    "dct_issued_s": "",
    "dct_spatial_sm": [
        "Randerson-Lundell Building",
        "E. H. Carrington Grocery Store and Lyons Hall",
        "J. L. Buaas Building",
        "Hofheintz-Reissig Store",
        "O. Henry",
        "Old Depot Hotel",
        "Paggi Carriage Shop",
        "Austin",
        "Waller Creek",
        "78701",
        "78702",
        "E 3rd St",
        "E 4th St",
        "E 5th St",
        "E 6th St",
        "E 7th St",
        "I- 35",
        "I- 35 Svc Rd N",
        "N I- 35 Svc Rd",
        "Neches St",
        "Red River St",
        "Sabine St",
        "Trinity St",
        "Texas"
    ],
    "locn_geometry": "ENVELOPE(-97.73952, -97.73493, 30.26715, 30.26261)",
    "dct_accessRights_s": "Public",
    "dct_format_s": "GeoJPEG",
    "gbl_resourceClass_sm": "Maps",
    "gbl_wxsIdentifier_s": "utlmaps__sfi__austin_tx_1894__1k__x__19_layer",
    "dct_references_s": "{\"http://schema.org/downloadUrl\": \"https://curio.lib.utexas.edu/geodata/raster/utlmaps__sfi__austin_tx_1894__1k__x__19.zip\", \"https://github.com/cogeotiff/cog-spec\": \"https://curio.lib.utexas.edu/geodata/raster/utlmaps__sfi__austin_tx_1894__1k__x__19.tif\", \"http://www.isotc211.org/schemas/2005/gmd/\": \"https://curio.lib.utexas.edu/geodata/iso/utlmaps__sfi__austin_tx_1894__1k__x__19.xml\"}",
    "id": "utaustin_121159",
    "dct_identifier_sm": [
        "121159"
    ],
    "gbl_mdModified_dt": "2019-03-15T00:00:00Z",
    "gbl_mdVersion_s": "Aardvark"
}