{
    "dct_title_s": "Sanborn Fire Insurance Maps [Austin, Texas, 1889; Sheet 9]",
    "dct_creator_sm": "Sanborn Map Company",
    "dct_publisher_sm": "Sanborn Map Company",
    "dct_description_sm": [
        "Scale: 1:1000;"
    ],
    "dct_language_sm": [
        "English"
    ],
    "schema_provider_s": "Texas",
    "dct_isPartOf_sm": [
        "Perry-Castaneda Library Map Collection",
        "Sanborn Fire Insurance collection"
    ],
    "dct_subject_sm": [
        "Scanned maps"
    ],
    "dct_temporal_sm": [
        "1889"
    ],
    "dct_issued_s": "",
    "dct_spatial_sm": [
        "German Free School",
        "Austin High School - John T. Allan Campus",
        "Austin",
        "Waller Creek",
        "78701",
        "E 10th St",
        "E 11th St",
        "E 12th St",
        "E 8th St",
        "E 9th St",
        "Neches St",
        "Red River St",
        "Sabine St",
        "San Jacinto Blvd",
        "Trinity St",
        "Texas"
    ],
    "locn_geometry": "ENVELOPE(-97.73946, -97.73433, 30.27307, 30.26904)",
    "dct_accessRights_s": "Public",
    "dct_format_s": "GeoJPEG",
    "gbl_resourceClass_sm": "Maps",
    "gbl_wxsIdentifier_s": "utlmaps__sfi__austin_tx_1889__1k__x__9_layer",
    "dct_references_s": "{\"http://schema.org/downloadUrl\": \"https://curio.lib.utexas.edu/geodata/raster/utlmaps__sfi__austin_tx_1889__1k__x__9.zip\", \"https://github.com/cogeotiff/cog-spec\": \"https://curio.lib.utexas.edu/geodata/raster/utlmaps__sfi__austin_tx_1889__1k__x__9.tif\", \"http://www.isotc211.org/schemas/2005/gmd/\": \"https://curio.lib.utexas.edu/geodata/iso/utlmaps__sfi__austin_tx_1889__1k__x__9.xml\"}",
    "id": "utaustin_121153",
    "dct_identifier_sm": [
        "121153"
    ],
    "gbl_mdModified_dt": "2019-03-15T00:00:00Z",
    "gbl_mdVersion_s": "Aardvark"
}