{
    "dct_title_s": "Sanborn Fire Insurance Maps [Austin, Texas, 1885; Sheet 8]",
    "dct_creator_sm": "Sanborn Map Company",
    "dct_publisher_sm": "Sanborn Map Company",
    "dct_description_sm": [
        "Scale: 1:1000;"
    ],
    "dct_language_sm": [
        "English"
    ],
    "schema_provider_s": "Texas",
    "dct_isPartOf_sm": [
        "Perry-Castaneda Library Map Collection",
        "Sanborn Fire Insurance collection"
    ],
    "dct_subject_sm": [
        "Scanned maps"
    ],
    "dct_temporal_sm": [
        "1885"
    ],
    "dct_issued_s": "",
    "dct_spatial_sm": [
        "Wahrenberger",
        "John",
        "House",
        "State Bar of Texas",
        "Carrington-Covert House",
        "Christianson-Leberman",
        "Price Daniel",
        "Diocese of Austin",
        "Gethsemane Church",
        "Adams-Ziller House",
        "Tyler Rose",
        "Site of Swedish Evangelical Free Church",
        "Swedish Central Methodist Church",
        "Site of",
        "Austin",
        "78701",
        "Colorado St",
        "Congress Ave",
        "E 15th St",
        "Guadalupe St",
        "Lavaca St",
        "San Antonio St",
        "W 13th St",
        "W 14th St",
        "W 15th St",
        "W 16th St",
        "W 17th St",
        "Texas"
    ],
    "locn_geometry": "ENVELOPE(-97.74396, -97.73918, 30.27947, 30.27488)",
    "dct_accessRights_s": "Public",
    "dct_format_s": "GeoJPEG",
    "gbl_resourceClass_sm": "Maps",
    "gbl_wxsIdentifier_s": "utlmaps__sfi__austin_tx_1885__1k__x__8_layer",
    "dct_references_s": "{\"http://schema.org/downloadUrl\": \"https://curio.lib.utexas.edu/geodata/raster/utlmaps__sfi__austin_tx_1885__1k__x__8.zip\", \"https://github.com/cogeotiff/cog-spec\": \"https://curio.lib.utexas.edu/geodata/raster/utlmaps__sfi__austin_tx_1885__1k__x__8.tif\", \"http://www.isotc211.org/schemas/2005/gmd/\": \"https://curio.lib.utexas.edu/geodata/iso/utlmaps__sfi__austin_tx_1885__1k__x__8.xml\"}",
    "id": "utaustin_121144",
    "dct_identifier_sm": [
        "121144"
    ],
    "gbl_mdModified_dt": "2019-03-15T00:00:00Z",
    "gbl_mdVersion_s": "Aardvark"
}