{
    "dct_title_s": "1:200,000, 1:200,000 (GSGS 4149), Sheet C28 16 (GSGS 4149), French West Africa",
    "dct_publisher_sm": "United States. Army Map Service.",
    "dct_description_sm": [
        "Scale: 1:200000;  Relief Symbology: contours;  Map Type: Topographic maps;  Other Descriptive Notes about Map Series:   Set includes various issues of some sheets, some reissued by the U.S. Army Map Service.  Sheets issued in 1\u2082 quadrangles, longitude based on Greenwich meridian; longitude from Paris meridian also indicated in graduated border.  Contour interval 50 metres.  Military grid.  Emphasizes hydrography and types of vegetation; three classes of roads and tracks are indicated.  Based on maps by the Service g\u00e9ographique de l'Afrique occidentale fran\u00e7aise \u00e0 Dakar."
    ],
    "dct_language_sm": [
        "English"
    ],
    "schema_provider_s": "Texas",
    "dct_isPartOf_sm": [
        "Perry-Castaneda Library Map Collection",
        "Army Map Service collection"
    ],
    "dct_subject_sm": [
        "Scanned maps"
    ],
    "dct_temporal_sm": [
        "1940"
    ],
    "dct_issued_s": "",
    "dct_spatial_sm": [
        "Kamsar",
        "Fouta Djallon",
        "Guinea",
        "T\u00e9lim\u00e9l\u00e9",
        "Boke",
        "Guinea Bissau",
        "Boffa",
        "Bok\u00e9",
        "Boffa",
        "Tombali"
    ],
    "locn_geometry": "ENVELOPE(-15.00603, -13.9998, 11.00005, 9.99992)",
    "dct_accessRights_s": "Public",
    "dct_format_s": "GeoJPEG",
    "gbl_resourceClass_sm": "Maps",
    "gbl_wxsIdentifier_s": "utlmaps__ams__french_west_africa__200k__6559093__c28_16_layer",
    "dct_references_s": "{\"http://schema.org/downloadUrl\": \"https://curio.lib.utexas.edu/geodata/raster/utlmaps__ams__french_west_africa__200k__6559093__c28_16.zip\", \"https://github.com/cogeotiff/cog-spec\": \"https://curio.lib.utexas.edu/geodata/raster/utlmaps__ams__french_west_africa__200k__6559093__c28_16.tif\", \"http://www.isotc211.org/schemas/2005/gmd/\": \"https://curio.lib.utexas.edu/geodata/iso/utlmaps__ams__french_west_africa__200k__6559093__c28_16.xml\"}",
    "id": "utaustin_19224",
    "dct_identifier_sm": [
        "19224"
    ],
    "gbl_mdModified_dt": "2019-03-15T00:00:00Z",
    "gbl_mdVersion_s": "Aardvark"
}