{
    "dct_title_s": "Sanborn Fire Insurance Maps [Austin, Texas, 1894; Sheet 2]",
    "dct_creator_sm": "Sanborn Map Company",
    "dct_publisher_sm": "Sanborn Map Company",
    "dct_description_sm": [
        "Scale: 1:1000;"
    ],
    "dct_language_sm": [
        "English"
    ],
    "schema_provider_s": "Texas",
    "dct_isPartOf_sm": [
        "Perry-Castaneda Library Map Collection",
        "Sanborn Fire Insurance collection"
    ],
    "dct_subject_sm": [
        "Scanned maps"
    ],
    "dct_temporal_sm": [
        "1894"
    ],
    "dct_issued_s": "",
    "dct_spatial_sm": [
        "Kappa Kappa Gamma House",
        "Site of Swedish Evangelical Free Church",
        "Scottish Rite Temple",
        "Moses Austin",
        "Austin",
        "78701",
        "78705",
        "Colorado St",
        "Congress Ave",
        "E 17th St",
        "E 18th St",
        "Guadalupe St",
        "Lavaca St",
        "San Antonio St",
        "University Ave",
        "W 16th St",
        "W 17th St",
        "W 18th St",
        "W 20th St",
        "W Martin Luther King Jr Blvd",
        "Whitis Ave",
        "Texas"
    ],
    "locn_geometry": "ENVELOPE(-97.74293, -97.73822, 30.28315, 30.27864)",
    "dct_accessRights_s": "Public",
    "dct_format_s": "GeoJPEG",
    "gbl_resourceClass_sm": "Maps",
    "gbl_wxsIdentifier_s": "utlmaps__sfi__austin_tx_1894__1k__x__2_layer",
    "dct_references_s": "{\"http://schema.org/downloadUrl\": \"https://curio.lib.utexas.edu/geodata/raster/utlmaps__sfi__austin_tx_1894__1k__x__2.zip\", \"https://github.com/cogeotiff/cog-spec\": \"https://curio.lib.utexas.edu/geodata/raster/utlmaps__sfi__austin_tx_1894__1k__x__2.tif\", \"http://www.isotc211.org/schemas/2005/gmd/\": \"https://curio.lib.utexas.edu/geodata/iso/utlmaps__sfi__austin_tx_1894__1k__x__2.xml\"}",
    "id": "utaustin_121162",
    "dct_identifier_sm": [
        "121162"
    ],
    "gbl_mdModified_dt": "2019-03-15T00:00:00Z",
    "gbl_mdVersion_s": "Aardvark"
}