{
    "dct_title_s": "Rouen-Paris, Sheet no. 7, North west Europe 1:250,000.",
    "dct_description_sm": [
        "Scale: 1:250000;  Map Type: lcgft;  Other Descriptive Notes about Map Series: Relief shown by contours, gradient tints, and spot heights.  Three classes of railways and five classes of roads are shown.  Covers area north from Rouen to Chartres to the south, and west from Chambois to Paris to the east. Rouen roughly at upper center portion of sheet. Paris roughly at center right portion of sheet. \u00c9vreux roughly at center of sheet.  Sheet no. 7, Rouen-Paris from set covering most of the Low Countries and northeastern France. Set includes various issues of some sheets, some reissued by U.S. Army Map Service. Some sheets have series designation A.M.S. M503 (G.S.G.S. 4042).  Published by the War Office, 1938..  2nd. Edition 1943..  Military grid.  Nord de Guerre Zone Grid. Projection, Lambert Conical Orthomorphic. Spheroid, Du Plessis (reconstituted)..  Heights in metres..  Contour interval 50 metres..  Cataloging agency's copy overprinted with 1 dashed blue diagonal line extending south/northeast from roughly E 0\u00b014\u02b9/N 48\u00b021\u02b9 to E 0\u00b029\u02b9/N 49\u00b030\u02b9 with designation: 9\u00b030\u02b9 W (June 1943).  IXA.  Cataloging agency's copy overprinted with 1 solid blue diagonal line extending south/northeast from roughly E 1\u00b017\u02b9/N 48\u00b021\u02b9 to E 1\u00b031\u02b9/N 49\u00b030\u02b9 with designation: 9\u00b0 W (June 1943).  IXA.  Cataloging agency's copy overprinted with 1 dashed blue diagonal line extending south/northeast from roughly E 2\u00b024\u02b9/N 48\u00b021\u02b9 to E 2\u00b031\u02b9/N 48\u00b053\u02b9 with designation: 8\u00b030\u02b9 W (June 1943).  IXA.  Includes Conversion table, Incidence of grid letters and Index to adjoining sheets, To give a grid reference on this sheet, Nord de Guerre Zone Grid convergence diagram, and Reliability diagram.  50,000/6/44 E.."
    ],
    "dct_language_sm": [
        "English"
    ],
    "schema_provider_s": "Texas",
    "dct_isPartOf_sm": [
        "Perry-Castaneda Library Map Collection",
        "Field Maps of Colonel Roland T. Fenton"
    ],
    "dct_subject_sm": [
        "Scanned maps"
    ],
    "dct_temporal_sm": [
        "1943"
    ],
    "dct_issued_s": "",
    "dct_spatial_sm": [
        "Melun",
        "Rouen",
        "Versailles",
        "Le Havre",
        "Paris",
        "Marne",
        "Seine",
        "Aire",
        "Eure",
        "Ouanne",
        "Petit Gland",
        "Sarthe",
        "Normandy",
        "North European Plain",
        "Calvados",
        "France",
        "Seine-Maritime",
        "Somme",
        "Loir-et-Cher",
        "Mayenne",
        "Loiret",
        "Hauts-de-Seine",
        "Seine-Saint-Denis",
        "Val-d'Oise",
        "Yvelines",
        "Eure-et-Loir",
        "Oise",
        "Orne",
        "Essonne",
        "Seien-et-Marne",
        "Val-de-Marne"
    ],
    "locn_geometry": "ENVELOPE(-0.29433, 2.86336, 49.60292, 48.12715)",
    "dct_accessRights_s": "Public",
    "dct_format_s": "GeoJPEG",
    "gbl_resourceClass_sm": "Maps",
    "gbl_wxsIdentifier_s": "utlmaps__cc__fenton__250k__1042075580__rouen_paris_layer",
    "dct_references_s": "{\"http://schema.org/downloadUrl\": \"https://curio.lib.utexas.edu/geodata/raster/utlmaps__cc__fenton__250k__1042075580__rouen_paris.zip\", \"https://github.com/cogeotiff/cog-spec\": \"https://curio.lib.utexas.edu/geodata/raster/utlmaps__cc__fenton__250k__1042075580__rouen_paris.tif\", \"http://www.isotc211.org/schemas/2005/gmd/\": \"https://curio.lib.utexas.edu/geodata/iso/utlmaps__cc__fenton__250k__1042075580__rouen_paris.xml\"}",
    "id": "utaustin_121256",
    "dct_identifier_sm": [
        "121256"
    ],
    "gbl_mdModified_dt": "2019-03-15T00:00:00Z",
    "gbl_mdVersion_s": "Aardvark"
}