{
    "dct_title_s": "Survey of the Rio Grande, Roma to the Gulf of Mexico (1:10,000), 1913, Sheet 23",
    "dct_creator_sm": "International Boundary & Water Commission, United States & Mexico.",
    "dct_publisher_sm": "United States. Department of State.",
    "dct_description_sm": [
        "Scale: 1:10000;  Other Descriptive Notes about Map Series: Cover title: Survey of the Rio Grande Roma to the Gulf of Mexico : reports and maps.  Anson Mills, Commissioner American Section. cf. t.p.  Part of text in English and Spanish."
    ],
    "dct_language_sm": [
        "English"
    ],
    "schema_provider_s": "Texas",
    "dct_isPartOf_sm": [
        "Perry-Castaneda Library Map Collection",
        "International Boundary collection"
    ],
    "dct_subject_sm": [
        "Scanned maps"
    ],
    "dct_temporal_sm": [
        "1913"
    ],
    "dct_issued_s": "",
    "dct_spatial_sm": [
        "Rio Grande",
        "Cameron",
        "Santa Rita",
        "Brownsville",
        "Los Fresnos Canal",
        "Rio Grande",
        "78520",
        "Alex Ln",
        "Altamira St",
        "Alton Gloor Blvd",
        "Avy Ln",
        "Basque Dr",
        "Capt Basler Ave",
        "Capri St",
        "Captain Basler Ave",
        "Cela Ave",
        "Center Dr",
        "Cll Terrestre St",
        "Cll Chachalaca",
        "Cll Cielo",
        "Cll Cometa",
        "Cll Cosmos",
        "Cll Espacio",
        "Cll Galaxia",
        "Cll Planeta",
        "Cll Pluton",
        "Co Rd 3248",
        "Coffee Port Rd",
        "Colorado River Rd",
        "Conquistador Dr",
        "Costa Brava Dr",
        "Costa del Sol Dr",
        "Cross St",
        "Dario Vasquez Sr Dr",
        "Deer Haven Ct",
        "del Mar Blvd",
        "del Sol St",
        "del Valle Blvd",
        "Delia Ln",
        "el Arca Dr",
        "el Camino St",
        "el Dorado St",
        "el Gusto St",
        "el Aire St",
        "el Arco St",
        "el Parque St",
        "el Fruto Ct",
        "el Agua",
        "el Arbol Dr",
        "el Arroyo St",
        "el Astro St",
        "el Brillo St",
        "el Cauce St",
        "el Cielo St",
        "el Encanto St",
        "el Granero St",
        "el Litro",
        "el Mar St",
        "el Metro",
        "el Paraiso Dr",
        "el Sol St",
        "el Puente St",
        "el Pinal St",
        "el Toro St",
        "el Portal St",
        "el Rio St",
        "Father Mestas Dr",
        "Florence Ln",
        "Fox Run",
        "Frankfurt St",
        "Garden St",
        "George Wilson St",
        "Grey Fox Cir",
        "Hamburg St",
        "Hunters Quest Cir",
        "Jo Ann Ln",
        "Kansas River Dr",
        "Kansas River Rd",
        "Katy Ln",
        "Kennedy Ave",
        "la Pesca St",
        "Laredo Dr",
        "Laredo Rd",
        "Las Nubes",
        "Las Brisas Blvd",
        "Los Pinos",
        "Malta St",
        "Maple St",
        "Midway Dr",
        "Military Hwy",
        "Missouri River Dr",
        "Miramar Ave",
        "Mississippi River",
        "Mississippi River Rd",
        "Missouri River Rd",
        "Munich St",
        "Nell Palmer",
        "Niki Ln",
        "Normandy St",
        "North Dr",
        "Old Oak Trl",
        "Old Spanish Trl",
        "Oviedo Dr",
        "P202",
        "Paris St",
        "Park St",
        "Pompeii St",
        "Quail Hollow Dr",
        "Raquel Ct",
        "Red Fox St",
        "Rio Bravo Rd",
        "Ruben M Torres Sr Blvd",
        "Rusteberg",
        "Sacramento River Dr",
        "Sage Valley Trl",
        "San Gabriel River Dr",
        "San Jacinto Dr",
        "San Felipe Dr",
        "Schaefer Ln",
        "Serenity Cir",
        "Shenandoah River Dr",
        "Silver Oak Dr",
        "Silverado Cir",
        "South Dr",
        "Sorrento Dr",
        "Torres Rd",
        "Torrez Rd",
        "Vasquez Ranch Rd",
        "Vienna St",
        "Villanueva St",
        "W Alton Gloor Blvd",
        "Water St",
        "Western Blvd",
        "Texas",
        "Tamaulipas"
    ],
    "locn_geometry": "ENVELOPE(-97.61764, -97.52889, 25.95769, 25.89314)",
    "dct_accessRights_s": "Public",
    "dct_format_s": "GeoJPEG",
    "gbl_resourceClass_sm": "Maps",
    "gbl_wxsIdentifier_s": "utlmaps__ib__ibc__10k__9379868__sheet23_layer",
    "dct_references_s": "{\"http://schema.org/downloadUrl\": \"https://curio.lib.utexas.edu/geodata/raster/utlmaps__ib__ibc__10k__9379868__sheet23.zip\", \"https://github.com/cogeotiff/cog-spec\": \"https://curio.lib.utexas.edu/geodata/raster/utlmaps__ib__ibc__10k__9379868__sheet23.tif\", \"http://www.isotc211.org/schemas/2005/gmd/\": \"https://curio.lib.utexas.edu/geodata/iso/utlmaps__ib__ibc__10k__9379868__sheet23.xml\"}",
    "id": "utaustin_121215",
    "dct_identifier_sm": [
        "121215"
    ],
    "gbl_mdModified_dt": "2019-03-15T00:00:00Z",
    "gbl_mdVersion_s": "Aardvark"
}