{
    "dct_title_s": "Gorlitz , Sheet O 52, Central Europe 1:250,000.",
    "dct_description_sm": [
        "Scale: 1:250000;  Projection: Lambert conical orthomorphic projection;  Map Type: lcgft;  Other Descriptive Notes about Map Series: Relief shown by contours, gradient tints, and spot heights.  Five classes of roads and four classes of railroads are shown.  Covers area north from Gr\u00fcnberg [Zielona G\u00f3ra, Poland] to Greiffenberg [Gryf\u00f3w \u015ala\u0328ski, Poland], and west from Spremberg to Raudten [Rudna, Poland] to the east. G\u00f6rlitz roughly at lower center left portion of sheet.  Sheet O.52, Gorlitz from set that includes various issues of some sheets, some by various survey units of the Allied Forces (A.F.) some reissued by U.S. Army Map Service, some sheets, G.S.G.S. 4346; some sheets A.M.S. M508 (G.S.G.S. 4346).  Heights in metres..  Certain main spot heights are indicated by a white tab to improve legibility..  Military grid.  Spheroid: Du Plessis..  Cataloging agency's copy printed on verso of portion of unrelated German map sheet, [Blatt Nr. 6], Hexham, from series with title: England 1:50 000, originally published [Berlin] : [Generalstab des Heeres], [1940]. German series consists of enlargements of the Ordnance Survey Popular Edition one-inch maps published by the German General Staff. Maps distributed by Army Map Service following capture from foreign military during World War II.  IXA.  Includes Convergence for corners of this sheet, To give a grid reference on this sheet, Index to adjoining sheets, Grid data, Conversion table, Glossary, Authorities, and Incidence of grid letters."
    ],
    "dct_language_sm": [
        "English"
    ],
    "schema_provider_s": "Texas",
    "dct_isPartOf_sm": [
        "Perry-Castaneda Library Map Collection",
        "Field Maps of Colonel Roland T. Fenton"
    ],
    "dct_subject_sm": [
        "Scanned maps"
    ],
    "dct_temporal_sm": [
        "1943"
    ],
    "dct_issued_s": "",
    "dct_spatial_sm": null,
    "locn_geometry": "ENVELOPE(14.03014, 16.93031, 52.19242, 50.64452)",
    "dct_accessRights_s": "Public",
    "dct_format_s": "GeoJPEG",
    "gbl_resourceClass_sm": "Maps",
    "gbl_wxsIdentifier_s": "utlmaps__cc__fenton__250k__1032828565__gorlitz_layer",
    "dct_references_s": "{\"http://schema.org/downloadUrl\": \"https://curio.lib.utexas.edu/geodata/raster/utlmaps__cc__fenton__250k__1032828565__gorlitz.zip\", \"https://github.com/cogeotiff/cog-spec\": \"https://curio.lib.utexas.edu/geodata/raster/utlmaps__cc__fenton__250k__1032828565__gorlitz.tif\", \"http://www.isotc211.org/schemas/2005/gmd/\": \"https://curio.lib.utexas.edu/geodata/iso/utlmaps__cc__fenton__250k__1032828565__gorlitz.xml\"}",
    "id": "utaustin_121243",
    "dct_identifier_sm": [
        "121243"
    ],
    "gbl_mdModified_dt": "2019-03-15T00:00:00Z",
    "gbl_mdVersion_s": "Aardvark"
}