{
    "dct_title_s": "Kiel , Sheet L 55, Germany 1:250,000.",
    "dct_description_sm": [
        "Scale: 1:250000;  Projection: Lambert conical orthomorphic projection;  Map Type: lcgft;  Other Descriptive Notes about Map Series: Relief shown by contours, gradient tints, and spot heights.  Five classes of railways and five classes of roads are shown.  Covers area west from Sylt, Germany to Preetz, Germany, and north from T\u00f8nder, Denmark to Fitzbek, Germany to the south. Kiel, Germany roughly below center right portion of sheet.  Sheet L.55, Kiel from series issued in various editions by Geographical Section, General Staff, No. 4346.  Military grid.  North European Zone III ... Spheroid, Bessel. ... Nord de Guerre Grid ... Spheroid, Du Plessis..  Heights in metres..  Includes legend, Incidence of grid letters diagrams, Convergence for corners of this sheet diagram, To give a grid reference on this sheet, Grid data: North European Zone III ; Nord de Guerre Grid, Index to adjoining sheets, index to corresponding 1:100,000 scale sheets, Conversion table, Authorities, Glossary, and 1 continuation inset.  Continuation inset: Helgoland. E 7\u00b050\u02b9--E7\u00b057\u02b9/N 54\u00b014\u02b9--N 54\u00b09\u02b9."
    ],
    "dct_language_sm": [
        "English"
    ],
    "schema_provider_s": "Texas",
    "dct_isPartOf_sm": [
        "Perry-Castaneda Library Map Collection",
        "Field Maps of Colonel Roland T. Fenton"
    ],
    "dct_subject_sm": [
        "Scanned maps"
    ],
    "dct_temporal_sm": [
        "1943"
    ],
    "dct_issued_s": "",
    "dct_spatial_sm": null,
    "locn_geometry": "ENVELOPE(7.92516, 11.05914, 55.10829, 53.68038)",
    "dct_accessRights_s": "Public",
    "dct_format_s": "GeoJPEG",
    "gbl_resourceClass_sm": "Maps",
    "gbl_wxsIdentifier_s": "utlmaps__cc__fenton__250k__1055161752__kiel_layer",
    "dct_references_s": "{\"http://schema.org/downloadUrl\": \"https://curio.lib.utexas.edu/geodata/raster/utlmaps__cc__fenton__250k__1055161752__kiel.zip\", \"https://github.com/cogeotiff/cog-spec\": \"https://curio.lib.utexas.edu/geodata/raster/utlmaps__cc__fenton__250k__1055161752__kiel.tif\", \"http://www.isotc211.org/schemas/2005/gmd/\": \"https://curio.lib.utexas.edu/geodata/iso/utlmaps__cc__fenton__250k__1055161752__kiel.xml\"}",
    "id": "utaustin_121271",
    "dct_identifier_sm": [
        "121271"
    ],
    "gbl_mdModified_dt": "2019-03-15T00:00:00Z",
    "gbl_mdVersion_s": "Aardvark"
}