{
    "dct_title_s": "Survey of the Rio Grande, Roma to the Gulf of Mexico (1:10,000), 1913, Sheet 27",
    "dct_creator_sm": "International Boundary & Water Commission, United States & Mexico.",
    "dct_publisher_sm": "United States. Department of State.",
    "dct_description_sm": [
        "Scale: 1:10000;  Other Descriptive Notes about Map Series: Cover title: Survey of the Rio Grande Roma to the Gulf of Mexico : reports and maps.  Anson Mills, Commissioner American Section. cf. t.p.  Part of text in English and Spanish."
    ],
    "dct_language_sm": [
        "English"
    ],
    "schema_provider_s": "Texas",
    "dct_isPartOf_sm": [
        "Perry-Castaneda Library Map Collection",
        "International Boundary collection"
    ],
    "dct_subject_sm": [
        "Scanned maps"
    ],
    "dct_temporal_sm": [
        "1913"
    ],
    "dct_issued_s": "",
    "dct_spatial_sm": [
        "Rio Grande",
        "Cameron",
        "Brownsville",
        "Rio Grande",
        "78521",
        "78526",
        "Arboleda",
        "Bob White",
        "Boca Chica Blvd",
        "California Rd",
        "Ceresa Ln",
        "Co Rd 142",
        "Coffee Port Rd",
        "Dock 11 Rd",
        "Dock 13 Rd",
        "Dockberry Rd",
        "Florida Rd",
        "Frambuesa",
        "Fresa Ln",
        "Gavito Ranch Rd",
        "Haven Way",
        "Havenway Rd",
        "Hill Cir",
        "Hockaday St",
        "Hummingbird",
        "Kiwi Ln",
        "Little Grove St",
        "Marrs Ave",
        "Meadowlark",
        "Mockingbird",
        "N Browne Ave",
        "N Houston Rd",
        "N Oklahoma Ave",
        "Naranjal Dr",
        "Nectarin Ln",
        "Platano Ln",
        "R L Ostos Rd",
        "S Browne Ave",
        "S Oklahoma Ave",
        "Saldivar Rd",
        "Scissor Tail",
        "Tamarindo Ln",
        "Toronja",
        "White Wing Cir",
        "Yolanda Rd",
        "Yolanda Rio Rd",
        "Texas",
        "Tamaulipas"
    ],
    "locn_geometry": "ENVELOPE(-97.39751, -97.30811, 25.95177, 25.88684)",
    "dct_accessRights_s": "Public",
    "dct_format_s": "GeoJPEG",
    "gbl_resourceClass_sm": "Maps",
    "gbl_wxsIdentifier_s": "utlmaps__ib__ibc__10k__9379868__sheet27_layer",
    "dct_references_s": "{\"http://schema.org/downloadUrl\": \"https://curio.lib.utexas.edu/geodata/raster/utlmaps__ib__ibc__10k__9379868__sheet27.zip\", \"https://github.com/cogeotiff/cog-spec\": \"https://curio.lib.utexas.edu/geodata/raster/utlmaps__ib__ibc__10k__9379868__sheet27.tif\", \"http://www.isotc211.org/schemas/2005/gmd/\": \"https://curio.lib.utexas.edu/geodata/iso/utlmaps__ib__ibc__10k__9379868__sheet27.xml\"}",
    "id": "utaustin_121219",
    "dct_identifier_sm": [
        "121219"
    ],
    "gbl_mdModified_dt": "2019-03-15T00:00:00Z",
    "gbl_mdVersion_s": "Aardvark"
}