{
    "dct_title_s": "Villa Correspondence",
    "dct_description_sm": [
        "Data scraped and set created from the item-level descriptions provided in the finding aid for Part I: Villa Correspondence, 1913-1919, L\u00e1zaro de la Garza Archive, available through the Texas Archival Resources Online portal. The bulk of this correspondence dates October 1913-June 1915. Names of individuals have been normalized and formatted in Last Name, First order. Locations listed for communication creators and recipients have been georeferenced. Unidentified locations have been identified as such and geolocated in Austin, Texas as a default so that records can appear in mapping exercises. GIS approximations for some unidentified locations have been determined by referencing contemporaneous (+/- 2 days) communication that did indicate location."
    ],
    "dct_language_sm": [
        "English"
    ],
    "schema_provider_s": "Texas",
    "dct_isPartOf_sm": [
        "Benson Latin American Collection",
        "L\u00e1zaro de la Garza Archive"
    ],
    "dct_subject_sm": [
        "History",
        "Garza",
        "L\u00e1zaro de la--Archives.",
        "Villa",
        "Pancho",
        "1878-1923",
        "Mexico--Politics and government--1910-1946",
        "Mexico--History--1910-1946",
        "Government",
        "Resistance to--Mexico."
    ],
    "dct_temporal_sm": [
        "20th century",
        "1913-1919"
    ],
    "dct_issued_s": "",
    "dct_spatial_sm": [
        "Mexico"
    ],
    "locn_geometry": "ENVELOPE(-122.417623, -74.006057, 40.712866, 19.432857)",
    "dct_accessRights_s": "Public",
    "dct_format_s": "Shapefile",
    "gbl_resourceClass_sm": "Datasets",
    "gbl_wxsIdentifier_s": "utblac__gg__garzal__point__v1__villa_correspondence_layer",
    "dct_references_s": "{\"http://schema.org/downloadUrl\": \"https://curio.lib.utexas.edu/geodata/shapefiles/utblac__gg__garzal__point__v1__villa_correspondence.zip\", \"https://github.com/protomaps/PMTiles\": \"https://curio.lib.utexas.edu/geodata/shapefiles/utblac__gg__garzal__point__v1__villa_correspondence.pmtiles\", \"http://www.isotc211.org/schemas/2005/gmd/\": \"https://curio.lib.utexas.edu/geodata/iso/utblac__gg__garzal__point__v1__villa_correspondence.xml\"}",
    "id": "utaustin_18872",
    "dct_identifier_sm": [
        "18872"
    ],
    "gbl_mdModified_dt": "2021-09-17T00:00:00Z",
    "gbl_mdVersion_s": "Aardvark"
}