{
    "dct_title_s": "Sanborn Fire Insurance Maps [Austin, Texas, 1921; Sheet 76]",
    "dct_creator_sm": "Sanborn Map Company",
    "dct_publisher_sm": "Sanborn Map Company",
    "dct_description_sm": [
        "Scale: 1:1000;"
    ],
    "dct_language_sm": [
        "English"
    ],
    "schema_provider_s": "Texas",
    "dct_isPartOf_sm": [
        "Perry-Castaneda Library Map Collection",
        "Sanborn Fire Insurance collection"
    ],
    "dct_subject_sm": [
        "Scanned maps"
    ],
    "dct_temporal_sm": [
        "1921"
    ],
    "dct_issued_s": "",
    "dct_spatial_sm": [
        "Tillotson College",
        "John A. Wharton",
        "General Xavier Blanchard Debray",
        "Gen. Alexander Watkins Terrell",
        "William P. Hardeman",
        "John Ireland",
        "The Sing Family in Austin",
        "Austin",
        "78702",
        "Adam L Chapa Sr St",
        "Anthony St",
        "Attayac St",
        "Caney St",
        "Canterbury St",
        "Chalmers Ave",
        "Chicon St",
        "Comal St",
        "Concho St",
        "E 2nd St",
        "E 3rd St",
        "E 4th St",
        "E 5th St",
        "E 6th St",
        "E 7th St",
        "E 8th St",
        "E 9th St",
        "E Cesar Chavez St",
        "Elkhart St",
        "Garden St",
        "Lydia St",
        "Lynn St",
        "Navasota St",
        "Onion St",
        "Salina St",
        "State Hwy 165",
        "Waller St",
        "Willow St",
        "Texas"
    ],
    "locn_geometry": "ENVELOPE(-97.73099, -97.72113, 30.26521, 30.2561)",
    "dct_accessRights_s": "Public",
    "dct_format_s": "GeoJPEG",
    "gbl_resourceClass_sm": "Maps",
    "gbl_wxsIdentifier_s": "utlmaps__sfi__austin_tx_1921__1k__x__76_layer",
    "dct_references_s": "{\"http://schema.org/downloadUrl\": \"https://curio.lib.utexas.edu/geodata/raster/utlmaps__sfi__austin_tx_1921__1k__x__76.zip\", \"https://github.com/cogeotiff/cog-spec\": \"https://curio.lib.utexas.edu/geodata/raster/utlmaps__sfi__austin_tx_1921__1k__x__76.tif\", \"http://www.isotc211.org/schemas/2005/gmd/\": \"https://curio.lib.utexas.edu/geodata/iso/utlmaps__sfi__austin_tx_1921__1k__x__76.xml\"}",
    "id": "utaustin_121178",
    "dct_identifier_sm": [
        "121178"
    ],
    "gbl_mdModified_dt": "2019-03-15T00:00:00Z",
    "gbl_mdVersion_s": "Aardvark"
}