{
    "dct_title_s": "1:250,000, 1:250,000 (AMS E501), Sheet Huehuetenango D 15 N (AMS E501), Central America",
    "dct_publisher_sm": "United States. Army Map Service.",
    "dct_description_sm": [
        "Scale: 1:250000;  Map Type: Topographic maps;  Other Descriptive Notes about Map Series: E501..  Transverse Mercator projection.  Compiled from various sources by Military Intelligence Division, General Staff, U.S. Army..  Cities are symbolized for size and importance.  Index map on separate sheet 24 x 36 cm."
    ],
    "dct_language_sm": [
        "English"
    ],
    "schema_provider_s": "Texas",
    "dct_isPartOf_sm": [
        "Perry-Castaneda Library Map Collection",
        "Army Map Service collection"
    ],
    "dct_subject_sm": [
        "Scanned maps"
    ],
    "dct_temporal_sm": [
        "1940"
    ],
    "dct_issued_s": "",
    "dct_spatial_sm": [
        "Totonicap\u00e1n",
        "Mexico",
        "Huehuetenango",
        "Chiapas",
        "San Marcos",
        "El Progreso",
        "Sierra Madre De Chiapas",
        "Alta Verapaz",
        "Pet\u00e9n",
        "Guatemala",
        "Yucat\u00e1n Peninsula",
        "Quezaltenango",
        "Central America",
        "Presa de la Angostura",
        "Quich\u00e9",
        "Baja Verapaz"
    ],
    "locn_geometry": "ENVELOPE(-92.24972, -90.00046, 16.00001, 14.99925)",
    "dct_accessRights_s": "Public",
    "dct_format_s": "GeoJPEG",
    "gbl_resourceClass_sm": "Maps",
    "gbl_wxsIdentifier_s": "utlmaps__ams__central_america_e501__250k__9914485__huehuetenango_d_15_n_iii_layer",
    "dct_references_s": "{\"http://schema.org/downloadUrl\": \"https://curio.lib.utexas.edu/geodata/raster/utlmaps__ams__central_america_e501__250k__9914485__huehuetenango_d_15_n_iii.zip\", \"https://github.com/cogeotiff/cog-spec\": \"https://curio.lib.utexas.edu/geodata/raster/utlmaps__ams__central_america_e501__250k__9914485__huehuetenango_d_15_n_iii.tif\", \"http://www.isotc211.org/schemas/2005/gmd/\": \"https://curio.lib.utexas.edu/geodata/iso/utlmaps__ams__central_america_e501__250k__9914485__huehuetenango_d_15_n_iii.xml\"}",
    "id": "utaustin_19081",
    "dct_identifier_sm": [
        "19081"
    ],
    "gbl_mdModified_dt": "2019-03-15T00:00:00Z",
    "gbl_mdVersion_s": "Aardvark"
}