{
    "dct_title_s": "Survey of the Rio Grande, Roma to the Gulf of Mexico (1:10,000), 1913, Sheet 18",
    "dct_creator_sm": "International Boundary & Water Commission, United States & Mexico.",
    "dct_publisher_sm": "United States. Department of State.",
    "dct_description_sm": [
        "Scale: 1:10000;  Other Descriptive Notes about Map Series: Cover title: Survey of the Rio Grande Roma to the Gulf of Mexico : reports and maps.  Anson Mills, Commissioner American Section. cf. t.p.  Part of text in English and Spanish."
    ],
    "dct_language_sm": [
        "English"
    ],
    "schema_provider_s": "Texas",
    "dct_isPartOf_sm": [
        "Perry-Castaneda Library Map Collection",
        "International Boundary collection"
    ],
    "dct_subject_sm": [
        "Scanned maps"
    ],
    "dct_temporal_sm": [
        "1913"
    ],
    "dct_issued_s": "",
    "dct_spatial_sm": [
        "Rio Grande",
        "Hidalgo",
        "Cameron",
        "Battle of La Bolsa",
        "El Horcon Tract and Rio Rico",
        "Relampago Ranch",
        "Military Highway of the Lower Rio Grande Valley",
        "Progreso",
        "Santa Maria Main Canal",
        "Rio Grande",
        "Mercedes Settling Basin",
        "78559",
        "78570",
        "78579",
        "78592",
        "78596",
        "Boyd Ave",
        "Co Rd 1595",
        "Co Rd 2556",
        "Domingo Dr",
        "Edwards St",
        "Guadalupe St",
        "Hernandez St",
        "Kern Ave",
        "Kitchen St",
        "la Siesta Cir N",
        "la Siesta Cir S",
        "Lee St",
        "Lovelace Ave",
        "Lovelace Blvd",
        "Main St",
        "Mc Lain Ave",
        "McLain Ave",
        "Mile 1 E",
        "Mile 2 1/2",
        "Mile 2 E",
        "Mile 3 E",
        "Mile 3 N",
        "Military Hwy",
        "Military Rd",
        "Old FM 281",
        "Old Rio Rico Rd",
        "Pfc Pedro Martinez Rd",
        "Railroad Ave",
        "Rancho Toluca Rd",
        "Relambago Rd",
        "Rio Rico",
        "Rio Rico Rd",
        "River Rd",
        "Robertson Ave",
        "Robertson St",
        "Rosa Ave",
        "Rosa St",
        "S Main St",
        "Santa Maria Dr",
        "Santa Maria Rd",
        "Santa Maria Loop",
        "Solis St",
        "Tutt Ave",
        "US Hwy 281",
        "Yoakum Rd",
        "Zimmerer Rd",
        "Texas",
        "Tamaulipas"
    ],
    "locn_geometry": "ENVELOPE(-97.94039, -97.84377, 26.10087, 26.03508)",
    "dct_accessRights_s": "Public",
    "dct_format_s": "GeoJPEG",
    "gbl_resourceClass_sm": "Maps",
    "gbl_wxsIdentifier_s": "utlmaps__ib__ibc__10k__9379868__sheet18_layer",
    "dct_references_s": "{\"http://schema.org/downloadUrl\": \"https://curio.lib.utexas.edu/geodata/raster/utlmaps__ib__ibc__10k__9379868__sheet18.zip\", \"https://github.com/cogeotiff/cog-spec\": \"https://curio.lib.utexas.edu/geodata/raster/utlmaps__ib__ibc__10k__9379868__sheet18.tif\", \"http://www.isotc211.org/schemas/2005/gmd/\": \"https://curio.lib.utexas.edu/geodata/iso/utlmaps__ib__ibc__10k__9379868__sheet18.xml\"}",
    "id": "utaustin_121210",
    "dct_identifier_sm": [
        "121210"
    ],
    "gbl_mdModified_dt": "2019-03-15T00:00:00Z",
    "gbl_mdVersion_s": "Aardvark"
}