{
    "dct_title_s": "Sanborn Fire Insurance Maps [Austin, Texas, 1921; Sheet 83]",
    "dct_creator_sm": "Sanborn Map Company",
    "dct_publisher_sm": "Sanborn Map Company",
    "dct_description_sm": [
        "Scale: 1:1000;"
    ],
    "dct_language_sm": [
        "English"
    ],
    "schema_provider_s": "Texas",
    "dct_isPartOf_sm": [
        "Perry-Castaneda Library Map Collection",
        "Sanborn Fire Insurance collection"
    ],
    "dct_subject_sm": [
        "Scanned maps"
    ],
    "dct_temporal_sm": [
        "1921"
    ],
    "dct_issued_s": "",
    "dct_spatial_sm": [
        "University Interscholastic League",
        "Austin",
        "78702",
        "78722",
        "Alamo St",
        "Chestnut Ave",
        "Chicon St",
        "Coleto St",
        "Comal St",
        "Concho St",
        "E 13th St",
        "E 14th St",
        "E 16th St",
        "E 17th St",
        "E 18th St",
        "E 20th St",
        "E 21st St",
        "E 22nd St",
        "E Martin Luther King Jr Blvd",
        "Ferdinand St",
        "Givens Ave",
        "Leona St",
        "Macaroni Ln",
        "Macaroni St",
        "Maldon Pl",
        "Manor Rd",
        "Maple Ave",
        "Poquito St",
        "Salina St",
        "Weber Ave",
        "Texas"
    ],
    "locn_geometry": "ENVELOPE(-97.72433, -97.71567, 30.28343, 30.27491)",
    "dct_accessRights_s": "Public",
    "dct_format_s": "GeoJPEG",
    "gbl_resourceClass_sm": "Maps",
    "gbl_wxsIdentifier_s": "utlmaps__sfi__austin_tx_1921__1k__x__83_layer",
    "dct_references_s": "{\"http://schema.org/downloadUrl\": \"https://curio.lib.utexas.edu/geodata/raster/utlmaps__sfi__austin_tx_1921__1k__x__83.zip\", \"https://github.com/cogeotiff/cog-spec\": \"https://curio.lib.utexas.edu/geodata/raster/utlmaps__sfi__austin_tx_1921__1k__x__83.tif\", \"http://www.isotc211.org/schemas/2005/gmd/\": \"https://curio.lib.utexas.edu/geodata/iso/utlmaps__sfi__austin_tx_1921__1k__x__83.xml\"}",
    "id": "utaustin_121183",
    "dct_identifier_sm": [
        "121183"
    ],
    "gbl_mdModified_dt": "2019-03-15T00:00:00Z",
    "gbl_mdVersion_s": "Aardvark"
}