{
    "dct_title_s": "Sanborn Fire Insurance Maps [Austin, Texas, 1885; Sheet 7]",
    "dct_creator_sm": "Sanborn Map Company",
    "dct_publisher_sm": "Sanborn Map Company",
    "dct_description_sm": [
        "Scale: 1:1000;"
    ],
    "dct_language_sm": [
        "English"
    ],
    "schema_provider_s": "Texas",
    "dct_isPartOf_sm": [
        "Perry-Castaneda Library Map Collection",
        "Sanborn Fire Insurance collection"
    ],
    "dct_subject_sm": [
        "Scanned maps"
    ],
    "dct_temporal_sm": [
        "1885"
    ],
    "dct_issued_s": "",
    "dct_spatial_sm": [
        "Austin",
        "C.S.A.",
        "Congress Avenue",
        "Austin",
        "Colorado River",
        "Lady Bird Lake",
        "78701",
        "78704",
        "Brazos St",
        "Colorado St",
        "Congress Ave",
        "Congress Ave S",
        "E 2nd St",
        "E Cesar Chavez St",
        "Guadalupe St",
        "Lavaca St",
        "S 1st St",
        "W 2nd St",
        "W Cesar Chavez St",
        "Texas"
    ],
    "locn_geometry": "ENVELOPE(-97.74812, -97.7433, 30.26513, 30.26047)",
    "dct_accessRights_s": "Public",
    "dct_format_s": "GeoJPEG",
    "gbl_resourceClass_sm": "Maps",
    "gbl_wxsIdentifier_s": "utlmaps__sfi__austin_tx_1885__1k__x__7_layer",
    "dct_references_s": "{\"http://schema.org/downloadUrl\": \"https://curio.lib.utexas.edu/geodata/raster/utlmaps__sfi__austin_tx_1885__1k__x__7.zip\", \"https://github.com/cogeotiff/cog-spec\": \"https://curio.lib.utexas.edu/geodata/raster/utlmaps__sfi__austin_tx_1885__1k__x__7.tif\", \"http://www.isotc211.org/schemas/2005/gmd/\": \"https://curio.lib.utexas.edu/geodata/iso/utlmaps__sfi__austin_tx_1885__1k__x__7.xml\"}",
    "id": "utaustin_121143",
    "dct_identifier_sm": [
        "121143"
    ],
    "gbl_mdModified_dt": "2019-03-15T00:00:00Z",
    "gbl_mdVersion_s": "Aardvark"
}