{
    "dct_title_s": "The The University of Texas at Austin Campus at Austin Campus 1940",
    "dct_description_sm": [
        "Scale: 1:x000;"
    ],
    "dct_language_sm": [
        "English"
    ],
    "schema_provider_s": "Texas",
    "dct_isPartOf_sm": [
        "Perry-Castaneda Library Map Collection",
        "University of Texas at Austin Campus Map collection"
    ],
    "dct_subject_sm": [
        "Scanned maps"
    ],
    "dct_temporal_sm": [
        "[]"
    ],
    "dct_issued_s": "",
    "dct_spatial_sm": [
        "Kappa Kappa Gamma House",
        "Littlefield Home",
        "Austin",
        "Waller Creek",
        "78705",
        "78712",
        "22nd St E",
        "22nd St W",
        "E 21st St",
        "E 23rd St",
        "E 24th St",
        "E Mall Ut",
        "Guadalupe St",
        "Inner Campus Dr",
        "Jester Cir",
        "S Mall Ut",
        "San Antonio St",
        "San Jacinto Blvd",
        "Speedway",
        "University Ave",
        "W 25th St",
        "W 21st St",
        "W 22nd St",
        "W 23rd St",
        "W 24th St",
        "W Mall Ut",
        "Whitis Ave",
        "Wichita St",
        "Texas"
    ],
    "locn_geometry": "ENVELOPE(-97.74294, -97.7338, 30.28897, 30.28274)",
    "dct_accessRights_s": "Public",
    "dct_format_s": "GeoJPEG",
    "gbl_resourceClass_sm": "Maps",
    "gbl_wxsIdentifier_s": "utlmaps__ut__campus__x__x__university_of_texas_1940_layer",
    "dct_references_s": "{\"http://schema.org/downloadUrl\": \"https://curio.lib.utexas.edu/geodata/raster/utlmaps__ut__campus__x__x__university_of_texas_1940.zip\", \"https://github.com/cogeotiff/cog-spec\": \"https://curio.lib.utexas.edu/geodata/raster/utlmaps__ut__campus__x__x__university_of_texas_1940.tif\", \"http://www.isotc211.org/schemas/2005/gmd/\": \"https://curio.lib.utexas.edu/geodata/iso/utlmaps__ut__campus__x__x__university_of_texas_1940.xml\"}",
    "id": "utaustin_121233",
    "dct_identifier_sm": [
        "121233"
    ],
    "gbl_mdModified_dt": "2019-03-15T00:00:00Z",
    "gbl_mdVersion_s": "Aardvark"
}