{
    "dct_title_s": "1:250,000, 1:250,000 (AMS M562), Sheet Nm30 12 (AMS M562), France",
    "dct_publisher_sm": "United States. Army Map Service.",
    "dct_description_sm": [
        "Scale: 1:250000;  Projection: transverse Mercator projection;  Map Type: (OCoLC)fst01423704;  Other Descriptive Notes about Map Series: Relief indicated variously by contours, shading, and spot heights.  Issued in quadrangles 1\u00b0 of latitude by 2\u00b0 of longitude.  Contour intervals vary.  Each sheet includes Glossary and Location diagram, some on versos.  Some sheets also include Reliability diagram..  Some sheets have city maps on versos.  Accompanied by index map on sheet 27 x 41 cm."
    ],
    "dct_language_sm": [
        "English"
    ],
    "schema_provider_s": "Texas",
    "dct_isPartOf_sm": [
        "Perry-Castaneda Library Map Collection",
        "Army Map Service collection"
    ],
    "dct_subject_sm": [
        "Scanned maps"
    ],
    "dct_temporal_sm": [
        "1954"
    ],
    "dct_issued_s": "",
    "dct_spatial_sm": [
        "Sarthe",
        "Manche",
        "Ille-et-Vilaine",
        "Orne",
        "North European Plain",
        "Brittany",
        "C\u00f4tes-d'Armor",
        "Vilaine",
        "France",
        "Mayenne",
        "Calvados",
        "Normandy",
        "Rennes"
    ],
    "locn_geometry": "ENVELOPE(-2.00002, 0.00019, 49.00034, 47.99969)",
    "dct_accessRights_s": "Public",
    "dct_format_s": "GeoJPEG",
    "gbl_resourceClass_sm": "Maps",
    "gbl_wxsIdentifier_s": "utlmaps__ams__france_m562__250k__6617501__nm30_12_layer",
    "dct_references_s": "{\"http://schema.org/downloadUrl\": \"https://curio.lib.utexas.edu/geodata/raster/utlmaps__ams__france_m562__250k__6617501__nm30_12.zip\", \"https://github.com/cogeotiff/cog-spec\": \"https://curio.lib.utexas.edu/geodata/raster/utlmaps__ams__france_m562__250k__6617501__nm30_12.tif\", \"http://www.isotc211.org/schemas/2005/gmd/\": \"https://curio.lib.utexas.edu/geodata/iso/utlmaps__ams__france_m562__250k__6617501__nm30_12.xml\"}",
    "id": "utaustin_19202",
    "dct_identifier_sm": [
        "19202"
    ],
    "gbl_mdModified_dt": "2019-03-15T00:00:00Z",
    "gbl_mdVersion_s": "Aardvark"
}