{
    "dct_title_s": "Sanborn Fire Insurance Maps [Austin, Texas, 1894; Sheet 12]",
    "dct_creator_sm": "Sanborn Map Company",
    "dct_publisher_sm": "Sanborn Map Company",
    "dct_description_sm": [
        "Scale: 1:1000;"
    ],
    "dct_language_sm": [
        "English"
    ],
    "schema_provider_s": "Texas",
    "dct_isPartOf_sm": [
        "Perry-Castaneda Library Map Collection",
        "Sanborn Fire Insurance collection"
    ],
    "dct_subject_sm": [
        "Scanned maps"
    ],
    "dct_temporal_sm": [
        "1894"
    ],
    "dct_issued_s": "",
    "dct_spatial_sm": [
        "Mrs. Alfred Robinson",
        "Sr. Home",
        "Austin's Moonlight Towers",
        "Austin Public Library",
        "1933",
        "Woolridge Park",
        "Evans",
        "Ira Hobart",
        "Austin Woman's Club",
        "Catherine Robinson House",
        "Walter Bremond Home",
        "Pierre Bremond Home",
        "Eugene Bremond House",
        "Bremond",
        "John",
        "Jr.",
        "House",
        "Houston-Hale Home",
        "Smith",
        "B.J.",
        "Property",
        "Hirshfeld House",
        "Hirshfeld Cottage",
        "Emma West Flats",
        "Joseph and Mary Robinson Martin House",
        "Boardman-Webb House",
        "Claudia Taylor Johnson Hall",
        "Gilfillan House",
        "West-Bremond Cottage",
        "Austin",
        "78701",
        "Colorado St",
        "Guadalupe St",
        "Lavaca St",
        "Nueces St",
        "Rio Grande St",
        "San Antonio St",
        "W 10th St",
        "W 5th St",
        "W 6th St",
        "W 7th St",
        "W 8th St",
        "W 9th St",
        "Texas"
    ],
    "locn_geometry": "ENVELOPE(-97.74886, -97.74373, 30.27264, 30.26854)",
    "dct_accessRights_s": "Public",
    "dct_format_s": "GeoJPEG",
    "gbl_resourceClass_sm": "Maps",
    "gbl_wxsIdentifier_s": "utlmaps__sfi__austin_tx_1894__1k__x__12_layer",
    "dct_references_s": "{\"http://schema.org/downloadUrl\": \"https://curio.lib.utexas.edu/geodata/raster/utlmaps__sfi__austin_tx_1894__1k__x__12.zip\", \"https://github.com/cogeotiff/cog-spec\": \"https://curio.lib.utexas.edu/geodata/raster/utlmaps__sfi__austin_tx_1894__1k__x__12.tif\", \"http://www.isotc211.org/schemas/2005/gmd/\": \"https://curio.lib.utexas.edu/geodata/iso/utlmaps__sfi__austin_tx_1894__1k__x__12.xml\"}",
    "id": "utaustin_121155",
    "dct_identifier_sm": [
        "121155"
    ],
    "gbl_mdModified_dt": "2019-03-15T00:00:00Z",
    "gbl_mdVersion_s": "Aardvark"
}