{
    "dct_title_s": "Survey of the Rio Grande, Roma to the Gulf of Mexico (1:10,000), 1913, Sheet 20",
    "dct_creator_sm": "International Boundary & Water Commission, United States & Mexico.",
    "dct_publisher_sm": "United States. Department of State.",
    "dct_description_sm": [
        "Scale: 1:10000;  Other Descriptive Notes about Map Series: Cover title: Survey of the Rio Grande Roma to the Gulf of Mexico : reports and maps.  Anson Mills, Commissioner American Section. cf. t.p.  Part of text in English and Spanish."
    ],
    "dct_language_sm": [
        "English"
    ],
    "schema_provider_s": "Texas",
    "dct_isPartOf_sm": [
        "Perry-Castaneda Library Map Collection",
        "International Boundary collection"
    ],
    "dct_subject_sm": [
        "Scanned maps"
    ],
    "dct_temporal_sm": [
        "1913"
    ],
    "dct_issued_s": "",
    "dct_spatial_sm": [
        "Rio Grande",
        "Cameron",
        "Landrum House",
        "Las Rucias",
        "Harlingen",
        "Los Indios",
        "Rio Grande",
        "Cameron County District Number One Reservoir",
        "Cameron Company WCID 2 Reservoir 1",
        "Cameron Company WCID 2 Reservoir 2",
        "78567",
        "78586",
        "4th Ave",
        "5th Ave",
        "6th Ave",
        "Alcala St",
        "Avilia",
        "Avilia Rd",
        "Barlow Rd",
        "Brown St",
        "Cantu Rd",
        "Carrisitos Trl",
        "Carta St",
        "Co Rd 408",
        "Co Rd 509",
        "Co Rd 815",
        "Co Rd 809",
        "Corta St",
        "Curran St",
        "del Rio Dr",
        "del Rio E",
        "del Rio W",
        "E 7th Ave",
        "Espinosa Rd",
        "Finsa St",
        "FM 509",
        "Fredo Gomez Rd",
        "Freddy Gomez Rd",
        "Freddie Gomez Rd",
        "Harvest St",
        "Heywood St",
        "Horacio Garcia Jr Memorial Dr",
        "J Padilla",
        "J E Gerusa Dr",
        "J Leal Rd",
        "J Padilla St",
        "Joaquin Cavazos Memorial Dr",
        "la Paloma Cutoff Rd",
        "Landrum Rd",
        "Las Cipres Blvd",
        "Las Cipres Blvd W",
        "Las Cipres",
        "Los Indios Bridge Rd",
        "Maldonado Rd",
        "Manuel Trevino Rd",
        "Military Hwy",
        "Montenegro Ests",
        "Ohio Station Rd",
        "Paso Real Hwy",
        "Rangerville Rd",
        "Rebecca Ln",
        "Rio Grande Ct",
        "Rio Conchos Dr",
        "Rio Grande Ave",
        "Robertson",
        "Robertson Rd",
        "Robertson St",
        "S Canal Rd",
        "S Garcia St",
        "S Sam Houston Blvd",
        "S Trevino St",
        "Texas Ave",
        "Trevino St",
        "Trevino Rd",
        "Virginia St",
        "W Seventh Ave",
        "Webber Rd",
        "Weber Rd",
        "Texas",
        "Tamaulipas"
    ],
    "locn_geometry": "ENVELOPE(-97.77029, -97.68177, 26.06494, 25.99919)",
    "dct_accessRights_s": "Public",
    "dct_format_s": "GeoJPEG",
    "gbl_resourceClass_sm": "Maps",
    "gbl_wxsIdentifier_s": "utlmaps__ib__ibc__10k__9379868__sheet20_layer",
    "dct_references_s": "{\"http://schema.org/downloadUrl\": \"https://curio.lib.utexas.edu/geodata/raster/utlmaps__ib__ibc__10k__9379868__sheet20.zip\", \"https://github.com/cogeotiff/cog-spec\": \"https://curio.lib.utexas.edu/geodata/raster/utlmaps__ib__ibc__10k__9379868__sheet20.tif\", \"http://www.isotc211.org/schemas/2005/gmd/\": \"https://curio.lib.utexas.edu/geodata/iso/utlmaps__ib__ibc__10k__9379868__sheet20.xml\"}",
    "id": "utaustin_121212",
    "dct_identifier_sm": [
        "121212"
    ],
    "gbl_mdModified_dt": "2019-03-15T00:00:00Z",
    "gbl_mdVersion_s": "Aardvark"
}