{
    "dct_title_s": "Survey of the Rio Grande, Roma to the Gulf of Mexico (1:10,000), 1913, Sheet 21",
    "dct_creator_sm": "International Boundary & Water Commission, United States & Mexico.",
    "dct_publisher_sm": "United States. Department of State.",
    "dct_description_sm": [
        "Scale: 1:10000;  Other Descriptive Notes about Map Series: Cover title: Survey of the Rio Grande Roma to the Gulf of Mexico : reports and maps.  Anson Mills, Commissioner American Section. cf. t.p.  Part of text in English and Spanish."
    ],
    "dct_language_sm": [
        "English"
    ],
    "schema_provider_s": "Texas",
    "dct_isPartOf_sm": [
        "Perry-Castaneda Library Map Collection",
        "International Boundary collection"
    ],
    "dct_subject_sm": [
        "Scanned maps"
    ],
    "dct_temporal_sm": [
        "1913"
    ],
    "dct_issued_s": "",
    "dct_spatial_sm": [
        "Rio Grande",
        "Cameron",
        "Esparza Cemetery",
        "Zepeda Cemetery",
        "Brownsville",
        "San Benito",
        "Rio Grande",
        "78520",
        "78586",
        "Alamosa Dr",
        "C Luz Ave",
        "Campo Real Cir",
        "Campo Real Dr",
        "Cinco de Mayo Ave",
        "Cll Santa Linda",
        "Cll Rancho Grande S",
        "Cll Santa Ana",
        "Cll Paloma",
        "Cll Rancho Grande E",
        "Cll Rancho Grande W",
        "Cll San Andres",
        "Cll San Jeremias",
        "Cll San Jose",
        "Cll San Juan",
        "Cll San Judas",
        "Cll San Lucas",
        "Cll San Marcos",
        "Cll San Martin",
        "Cll San Mateo",
        "Cll San Miguel",
        "Cll San Pedro",
        "Co Rd 408",
        "Co Rd 677",
        "Co Rd 695",
        "Co Rd 847",
        "Co Rd 990",
        "Colorado North St",
        "Domanski Dr",
        "E Luz Ave",
        "el Campo Rd",
        "el Ranchito Dr",
        "Encantada Loop",
        "Encantada Cir",
        "Estero St",
        "Espinosa Rd",
        "Euclid Ave",
        "Farmer Ave",
        "Federal St",
        "FM 1421",
        "FM 1577",
        "FM 1732",
        "Francisca St",
        "Gadza Rd",
        "Garza Rd",
        "Grande Vista Dr",
        "Great Escape",
        "Guagolota Rd",
        "Hernan Rodriguez Jr Rd",
        "I B C Rd",
        "Ibc Rd",
        "Island Estates St",
        "J Padilla St",
        "J Leal Rd",
        "J Padillo St",
        "Katherine Dr",
        "la Granja Rd",
        "Las Cipres Blvd",
        "Las Cipres Blvd W",
        "Las Cipres",
        "Leal Rd",
        "Leeve Easment",
        "Los Arboles Ave",
        "Los Ranchitos Rd",
        "Los Ranchos Dr",
        "Luisa St",
        "Lundy Dr",
        "Main St",
        "Manuel Ave",
        "Market Pl",
        "Military Hwy",
        "Montalvo Dr",
        "Narcisco Nartinez Hwy",
        "Narcisco Martinez Hwy",
        "Narlisco Martinez Hwy",
        "Nicho Esparza Dr",
        "Old Military Hwy",
        "Old Military Rd",
        "Olivia Ln",
        "Paso Fino Ln",
        "Paulita St",
        "Polo Arizmendi Cir",
        "Prospecy Ave",
        "Puerta de Cielo Ave",
        "Puerta del Cielo Ave",
        "Ranch Park Rd",
        "Rancho Grande S",
        "Rebecca Ln",
        "Rego Rd",
        "Resaca del Rancho Viejo",
        "Rice Tract Rd",
        "Rio Vista Dr",
        "S Canal Rd",
        "San Bernadino Ct",
        "San Ysidro Ct",
        "Santos Gomez Dr",
        "Tortuga Trl",
        "Virginia St",
        "W Luz Ave",
        "Wild Horse Trl",
        "Zapotec St",
        "Texas",
        "Tamaulipas"
    ],
    "locn_geometry": "ENVELOPE(-97.68865, -97.5947, 26.05842, 25.99339)",
    "dct_accessRights_s": "Public",
    "dct_format_s": "GeoJPEG",
    "gbl_resourceClass_sm": "Maps",
    "gbl_wxsIdentifier_s": "utlmaps__ib__ibc__10k__9379868__sheet21_layer",
    "dct_references_s": "{\"http://schema.org/downloadUrl\": \"https://curio.lib.utexas.edu/geodata/raster/utlmaps__ib__ibc__10k__9379868__sheet21.zip\", \"https://github.com/cogeotiff/cog-spec\": \"https://curio.lib.utexas.edu/geodata/raster/utlmaps__ib__ibc__10k__9379868__sheet21.tif\", \"http://www.isotc211.org/schemas/2005/gmd/\": \"https://curio.lib.utexas.edu/geodata/iso/utlmaps__ib__ibc__10k__9379868__sheet21.xml\"}",
    "id": "utaustin_121213",
    "dct_identifier_sm": [
        "121213"
    ],
    "gbl_mdModified_dt": "2019-03-15T00:00:00Z",
    "gbl_mdVersion_s": "Aardvark"
}