{
    "dct_title_s": "M\u00fcnchen , Sheet M 49, Germany 1:250,000.",
    "dct_description_sm": [
        "Scale: 1:250000;  Projection: Lambert conical orthomorphic projection;  Map Type: lcgft;  Other Descriptive Notes about Map Series: Relief shown by contours, gradient tints, and spot heights.  Five classes of railways and five classes of roads are shown.  Covers area west from Gundelfingen an der Donau to Laberweinting to the east, and north from Sinzing to Starnberg to the south. M\u00fcnchen roughly below center right of sheet.  Sheet M.49, M\u00fcnchen from series issued in various editions by Geographical Section, General Staff, No. 4346.  Military grid.  Nord de Guerre Zone Grid ... Spheroid, Du Plessis..  Heights in metres..  Certain main spot heights are indicated by a white tab to improve legibility..  Includes legend, Incidence of grid letters diagrams, Convergence for corners of this sheet diagram, To give a grid reference on this sheet, Grid data: Nord de Guerre Grid, Index to adjoining sheets, index to corresponding 1:100,000 scale sheets, Conversion table, Authorities, and Glossary."
    ],
    "dct_language_sm": [
        "English"
    ],
    "schema_provider_s": "Texas",
    "dct_isPartOf_sm": [
        "Perry-Castaneda Library Map Collection",
        "Field Maps of Colonel Roland T. Fenton"
    ],
    "dct_subject_sm": [
        "Scanned maps"
    ],
    "dct_temporal_sm": [
        "1943"
    ],
    "dct_issued_s": "",
    "dct_spatial_sm": [
        "Augsburg",
        "Regensburg",
        "Rosenheim",
        "Ingolstadt",
        "Munich",
        "Donau",
        "Inn",
        "Waldnaab",
        "Salzach",
        "Regnitz",
        "Isar",
        "CHIEMSEE",
        "Starnberger See",
        "Ammersee",
        "B\u00f6hmerwald",
        "Alps",
        "Bayern",
        "Germany",
        "Ober\u00f6sterreich",
        "Austria",
        "Tirol",
        "Baden-W\u00fcrttemberg"
    ],
    "locn_geometry": "ENVELOPE(10.12864, 12.841, 49.24338, 47.68823)",
    "dct_accessRights_s": "Public",
    "dct_format_s": "GeoJPEG",
    "gbl_resourceClass_sm": "Maps",
    "gbl_wxsIdentifier_s": "utlmaps__cc__fenton__250k__1055162076__munchen_layer",
    "dct_references_s": "{\"http://schema.org/downloadUrl\": \"https://curio.lib.utexas.edu/geodata/raster/utlmaps__cc__fenton__250k__1055162076__munchen.zip\", \"https://github.com/cogeotiff/cog-spec\": \"https://curio.lib.utexas.edu/geodata/raster/utlmaps__cc__fenton__250k__1055162076__munchen.tif\", \"http://www.isotc211.org/schemas/2005/gmd/\": \"https://curio.lib.utexas.edu/geodata/iso/utlmaps__cc__fenton__250k__1055162076__munchen.xml\"}",
    "id": "utaustin_121274",
    "dct_identifier_sm": [
        "121274"
    ],
    "gbl_mdModified_dt": "2019-03-15T00:00:00Z",
    "gbl_mdVersion_s": "Aardvark"
}