{
    "dct_title_s": "Sanborn Fire Insurance Maps [Austin, Texas, 1921; Sheet 89]",
    "dct_creator_sm": "Sanborn Map Company",
    "dct_publisher_sm": "Sanborn Map Company",
    "dct_description_sm": [
        "Scale: 1:1000;"
    ],
    "dct_language_sm": [
        "English"
    ],
    "schema_provider_s": "Texas",
    "dct_isPartOf_sm": [
        "Perry-Castaneda Library Map Collection",
        "Sanborn Fire Insurance collection"
    ],
    "dct_subject_sm": [
        "Scanned maps"
    ],
    "dct_temporal_sm": [
        "1921"
    ],
    "dct_issued_s": "",
    "dct_spatial_sm": [
        "Splitrock (Burns-Klein House)",
        "Jane Yelvington McCallum",
        "Jacob Leser House",
        "Austin",
        "Shoal Creek",
        "78703",
        "78705",
        "78731",
        "78756",
        "35th",
        "Bailey Ln",
        "Belmont Cir",
        "Belmont Pkwy",
        "Crawford Ave",
        "Grandview St",
        "Guadalupe St",
        "Harris Blvd",
        "Kerbey Ln",
        "King St",
        "Kings Ln",
        "Medical Pkwy",
        "Mills Ave",
        "N Lamar Blvd",
        "Oakhurst Ave",
        "Owen Ave",
        "Pearl St",
        "San Gabriel St",
        "Shoal Creek Blvd",
        "Shoal Crest Ave",
        "Tonkawa Trl",
        "W 33rd St",
        "W 31st 1/2 St",
        "W 35th St",
        "W 37th St",
        "W 30th 1/2 St",
        "W 29th St",
        "W 30th St",
        "W 31st St",
        "W 32nd St",
        "W 34th St",
        "W 35th St Cutoff",
        "W 38th St",
        "W 39th 1/2 St",
        "W 39th St",
        "Wabash Ave",
        "Washington Sq",
        "West Ave",
        "Wooldridge Dr",
        "Texas"
    ],
    "locn_geometry": "ENVELOPE(-97.75099, -97.74101, 30.30714, 30.29774)",
    "dct_accessRights_s": "Public",
    "dct_format_s": "GeoJPEG",
    "gbl_resourceClass_sm": "Maps",
    "gbl_wxsIdentifier_s": "utlmaps__sfi__austin_tx_1921__1k__x__89_layer",
    "dct_references_s": "{\"http://schema.org/downloadUrl\": \"https://curio.lib.utexas.edu/geodata/raster/utlmaps__sfi__austin_tx_1921__1k__x__89.zip\", \"https://github.com/cogeotiff/cog-spec\": \"https://curio.lib.utexas.edu/geodata/raster/utlmaps__sfi__austin_tx_1921__1k__x__89.tif\", \"http://www.isotc211.org/schemas/2005/gmd/\": \"https://curio.lib.utexas.edu/geodata/iso/utlmaps__sfi__austin_tx_1921__1k__x__89.xml\"}",
    "id": "utaustin_121189",
    "dct_identifier_sm": [
        "121189"
    ],
    "gbl_mdModified_dt": "2019-03-15T00:00:00Z",
    "gbl_mdVersion_s": "Aardvark"
}