{
    "dct_title_s": "Strassburg , Sheet K 49, Germany 1:250,000.",
    "dct_description_sm": [
        "Scale: 1:250000;  Projection: Lambert conical orthomorphic projection;  Map Type: lcgft;  Other Descriptive Notes about Map Series: Relief shown by contours, spot heights, and gradient tints.  Five classes of railways and five classes of roads are shown.  Covers area west from Marainviller, France to Baden-Baden, Germany to the west, and north from Saaralben (Alwe, France) to Neu-Breisach (Neuf-Brisach, France) to the south. Strassburg (Strasbourg) roughly at right center of sheet.  Sheet K.49, Strassburg from series originally issued in various editions by Great Britain, War Office, Geographical Section, General Staff, No. 4346.  For use by War and Navy Department Agencies only. Not for sale or distribution..  Military grid.  Nord de Guerre Zone Grid ... Spheroid, Du Plessis. ... Lambert Zone II Grid ... Spheroid, Clarke 1880..  Cataloging agency's copy overprinted with 4 coordinate scale circles with center points located roughly at E 6\u00b0/N 48\u00b045\u02b9; E 7\u00b037\u02b9/N 48\u00b045\u02b9; E 8\u00b0/N 48\u00b015\u02b9; E 7\u00b018\u02b9/N 48\u00b015\u02b9.  IXA.  Heights in metres..  Certain main spot heights are indicated by a white tab to improve legibility..  Includes legend, Incidence of grid letters diagrams, Convergence for corners of this sheet diagram, To give a grid reference on this sheet, Grid data: Nord de Guerre Grid and Lambert Zone II Grid, index to adjoining sheets, index to corresponding 1:100,000 scale sheets, conversion table, Authorities, and Glossary.  C.T. 5.44.."
    ],
    "dct_language_sm": [
        "English"
    ],
    "schema_provider_s": "Texas",
    "dct_isPartOf_sm": [
        "Perry-Castaneda Library Map Collection",
        "Field Maps of Colonel Roland T. Fenton"
    ],
    "dct_subject_sm": [
        "Scanned maps"
    ],
    "dct_temporal_sm": [
        "1944"
    ],
    "dct_issued_s": "",
    "dct_spatial_sm": [
        "Schaffhausen",
        "Karlsruhe",
        "Freiburg",
        "Mulhouse",
        "Strasbourg",
        "Rhin",
        "Rhine",
        "Donau",
        "Mosel",
        "Sarre",
        "Neckar",
        "Ill",
        "Vosges Mountains",
        "Jura Mountains",
        "Rheinland-Pfalz",
        "Germany",
        "Saarland",
        "Meurthe-et-Moselle",
        "France",
        "Moselle",
        "Baden-W\u00fcrttemberg",
        "Schaffhausen",
        "Switzerland",
        "Z\u00fcrich",
        "Bas-Rhin",
        "Haute-Rhin",
        "Territoire de Belfort",
        "Vosges",
        "Haute-Sa\u00f4ne"
    ],
    "locn_geometry": "ENVELOPE(6.47987, 8.74209, 49.1447, 47.6567)",
    "dct_accessRights_s": "Public",
    "dct_format_s": "GeoJPEG",
    "gbl_resourceClass_sm": "Maps",
    "gbl_wxsIdentifier_s": "utlmaps__cc__fenton__250k__1055161241__strassburg_layer",
    "dct_references_s": "{\"http://schema.org/downloadUrl\": \"https://curio.lib.utexas.edu/geodata/raster/utlmaps__cc__fenton__250k__1055161241__strassburg.zip\", \"https://github.com/cogeotiff/cog-spec\": \"https://curio.lib.utexas.edu/geodata/raster/utlmaps__cc__fenton__250k__1055161241__strassburg.tif\", \"http://www.isotc211.org/schemas/2005/gmd/\": \"https://curio.lib.utexas.edu/geodata/iso/utlmaps__cc__fenton__250k__1055161241__strassburg.xml\"}",
    "id": "utaustin_121259",
    "dct_identifier_sm": [
        "121259"
    ],
    "gbl_mdModified_dt": "2019-03-15T00:00:00Z",
    "gbl_mdVersion_s": "Aardvark"
}