{
    "dct_title_s": "Survey of the Rio Grande, Roma to the Gulf of Mexico (1:10,000), 1913, Sheet 04",
    "dct_creator_sm": "International Boundary & Water Commission, United States & Mexico.",
    "dct_publisher_sm": "United States. Department of State.",
    "dct_description_sm": [
        "Scale: 1:10000;  Other Descriptive Notes about Map Series: Cover title: Survey of the Rio Grande Roma to the Gulf of Mexico : reports and maps.  Anson Mills, Commissioner American Section. cf. t.p.  Part of text in English and Spanish."
    ],
    "dct_language_sm": [
        "English"
    ],
    "schema_provider_s": "Texas",
    "dct_isPartOf_sm": [
        "Perry-Castaneda Library Map Collection",
        "International Boundary collection"
    ],
    "dct_subject_sm": [
        "Scanned maps"
    ],
    "dct_temporal_sm": [
        "1913"
    ],
    "dct_issued_s": "",
    "dct_spatial_sm": [
        "Rio Grande",
        "Starr",
        "Rio Grande City",
        "Rio Grande",
        "78582",
        "4WD Rd",
        "A and A St",
        "Acapulco St",
        "Agira St",
        "Alaffa St",
        "Amada St",
        "Arroyo Aly",
        "Autopista Shop St",
        "B A R Rd",
        "Bambino St",
        "Bar Rd",
        "Barcelona St",
        "Barranco St",
        "Beauty Shop Ln",
        "Benavidez St",
        "Bibote St",
        "Bionas St",
        "Bomber Ln",
        "Bravo St",
        "Buffel St",
        "Bustos St",
        "Canton St",
        "Cargo Ln",
        "Casita Farm Ln",
        "Casita Cemetery Rd",
        "Casita Plaza Rd",
        "Cedarwood Dr",
        "Cemetery Rd",
        "Cenica St",
        "Chevy St",
        "Chili St",
        "Cielo St",
        "Circular Dr",
        "Cleofas St",
        "Cliff Ave",
        "Community Center Rd",
        "Cornerstone Loop",
        "Cortina St",
        "Cozumel St",
        "Dapper Ln",
        "Day Care Rd",
        "Dirt Ln",
        "Dreumont Rd",
        "E 2nd St",
        "E Sauz St",
        "E Tampico St",
        "E Trevino St",
        "Eagle Ln",
        "el Chaparral St",
        "el Paco St",
        "el Vagio St",
        "el Vagio Rd",
        "el Refugio Ranch Rd",
        "Eligio Garza St",
        "Elenora Garcia Ln",
        "Elliot St",
        "Embassy St",
        "Emilio Garcia St",
        "Espinoza St",
        "Espinosa Ln",
        "Espinosa",
        "Federico Chapa",
        "Firebird Ln",
        "FM 1430",
        "Francisco B Chapa Jr",
        "Francisco Chapa Jr St",
        "Freighter Ln",
        "Fronteras Ct",
        "Garciasville Cemetery Rd",
        "Grand St",
        "Gravel Rd",
        "Guadalajara St",
        "Guadalupe Ave",
        "Guevarra St",
        "Gutierrez St",
        "Hidalgo St",
        "Hidalgo Ave",
        "High Hill St",
        "Hillside Rd",
        "Horseshoe Cir",
        "Horse Shoe",
        "Hwy 83 Lp",
        "Ivy Ln",
        "Jalapeno Rd",
        "Javier Vela Ranchito Ln",
        "Jesus Garcia St",
        "Kctm Fm103 Rd",
        "Ktcm F M 103 Rd",
        "la Nacqua St",
        "la Larga St",
        "la Noche Ct",
        "Ladrillera St",
        "Las Chicas Rd",
        "Las Brisas Rd",
        "Lencho St",
        "Lito Garza St",
        "Loma Blanca Rd",
        "Loma Linda Ave",
        "Los Ninos St",
        "M Rd",
        "Mangana Ln",
        "Manetocaso St",
        "Mancias Ln",
        "Max Garcia Cir",
        "Mayorga Rd",
        "Meme Rd",
        "Mireles Cir",
        "Montalm Rd 00",
        "Montalvo Ct",
        "Montalvo Hill Rd",
        "Mustang Ln",
        "N Garza Rd",
        "N Las Lomas St",
        "N Nacaguita St",
        "New Gonzales St",
        "New Gonzalez St",
        "Noche Ct",
        "Nuve St",
        "Octovi Rd",
        "Old Church Rd",
        "Old Casita Rd",
        "Old Military Rd",
        "Olimitos",
        "Oyervidez St",
        "Papalo Ln",
        "Patriot Ln",
        "Paved Aly",
        "Paved Rd",
        "Peace St",
        "Pepino Ln",
        "Perch St",
        "Railway St",
        "Ramon St",
        "Raven St",
        "Reserve Ln",
        "Reynaldo Gomez Dr",
        "Rio Bravo St",
        "Rio Concho St",
        "Rio San Juan St",
        "Rios Ave",
        "River Rd",
        "Robert St",
        "Rogas Rd",
        "S Casita Farm Rd",
        "S Olmitos Rd",
        "Sage Ln",
        "Salinas Ave",
        "San Carlos Rd",
        "San Dimas Rd",
        "San Bruno Rd",
        "San Anselmo Rd",
        "San Agustin St",
        "San Bernardo St",
        "San Francisco St",
        "San Eulogio Rd",
        "San Pedro St",
        "Santa Rosalia St",
        "Santa Teresa Ave",
        "Santa Maria Ave",
        "Santa Cruz Rd",
        "Santa Rosa Rd",
        "Santa Rosa St",
        "Speed Way",
        "Speedway",
        "Steppe Ln",
        "Sycamore Dr",
        "Sylvanos Ln",
        "Tampico St",
        "Thornwood Loop",
        "Tomcat Ln",
        "Trevino St",
        "Trophy St",
        "Un-Named Dirt Rd",
        "US Hwy 83",
        "Vera St",
        "Veras St",
        "Villegas St",
        "W Hwy 83",
        "Wale St",
        "Wildcat Ln",
        "Texas",
        "Tamaulipas"
    ],
    "locn_geometry": "ENVELOPE(-98.77885, -98.68284, 26.36057, 26.2948)",
    "dct_accessRights_s": "Public",
    "dct_format_s": "GeoJPEG",
    "gbl_resourceClass_sm": "Maps",
    "gbl_wxsIdentifier_s": "utlmaps__ib__ibc__10k__9379868__sheet04_layer",
    "dct_references_s": "{\"http://schema.org/downloadUrl\": \"https://curio.lib.utexas.edu/geodata/raster/utlmaps__ib__ibc__10k__9379868__sheet04.zip\", \"https://github.com/cogeotiff/cog-spec\": \"https://curio.lib.utexas.edu/geodata/raster/utlmaps__ib__ibc__10k__9379868__sheet04.tif\", \"http://www.isotc211.org/schemas/2005/gmd/\": \"https://curio.lib.utexas.edu/geodata/iso/utlmaps__ib__ibc__10k__9379868__sheet04.xml\"}",
    "id": "utaustin_121197",
    "dct_identifier_sm": [
        "121197"
    ],
    "gbl_mdModified_dt": "2019-03-15T00:00:00Z",
    "gbl_mdVersion_s": "Aardvark"
}