{
    "dct_title_s": "1:1,000,000, 1:1,000,000 (GSGS 2555), Sheet Saigon (GSGS 2555), Asia",
    "dct_publisher_sm": "United States. Army Map Service.",
    "dct_description_sm": [
        "Scale: 1:1000000;  Map Type: Topographic maps;  Other Descriptive Notes about Map Series: Set includes various issues of some sheets, some reissued by U. S. Army map service.  Some sheets are compiled by the Royal geographical society, Survey of India, British Middle East forces or U. S. Army map service.  Some sheets are included in series M. D. R. 1 and HIND 5000.  Modified polyconic projection of the International 1/m map.  Elevations shown by contours and altitude tints.  Several classes of roads and railroads are shown.  Some sheets have air information and are designed as Aeronautical edition, Army/Air style or Ground/Air..  Reference (Legende) in English and French.  Set is supplemented by East Indies 1:1,000,000 (G. S. G. S. 4204) Eastern Asia 1:1,000,000 (A. M. S. 5301) and Western Asia 1:1,000,000 (A. M. S. 5302)."
    ],
    "dct_language_sm": [
        "English"
    ],
    "schema_provider_s": "Texas",
    "dct_isPartOf_sm": [
        "Perry-Castaneda Library Map Collection",
        "Army Map Service collection"
    ],
    "dct_subject_sm": [
        "Scanned maps"
    ],
    "dct_temporal_sm": [
        "1916"
    ],
    "dct_issued_s": "",
    "dct_spatial_sm": [
        "Central Highlands",
        "Mekong Delta",
        "Cha\u00eene Annamitique",
        "Mainland Southeast Asia",
        "\u0110\u1eafk N\u00f4ng",
        "Vietnam",
        "B\u00ecnh Ph\u01b0\u1edbc",
        "Kr\u00e2ch\u00e9h",
        "Cambodia",
        "T\u00e2y Ninh",
        "K\u00e2mp\u00f3ng Cham",
        "Svay Rieng",
        "Prey V\u00eang",
        "Long An",
        "\u00d0ong Th\u00e1p",
        "An Giang",
        "K\u00e2ndal",
        "Tak\u00eav",
        "Ki\u00ean Giang",
        "K\u00e2mp\u00f4t",
        "Ka\u00f4h Kong",
        "Trat",
        "Thailand",
        "Pouthisat",
        "S\u00f3c Tr\u0103ng",
        "Ti\u1ec1n Giang",
        "B\u00e0 R\u1ecba - V\u0169ng T\u00e0u",
        "Krong Preah Sihanouk",
        "H\u1ed3 Ch\u00ed Minh city",
        "Kep",
        "C\u00e0 Mau",
        "B\u1ea1c Li\u00eau",
        "Hau Giang",
        "V\u0129nh Long",
        "Tr\u00e0 Vinh",
        "B\u1ebfn Tre",
        "\u0110\u00f4ng Nam B\u1ed9",
        "B\u00ecnh Thu\u1eadn",
        "B\u00ecnh D\u01b0\u01a1ng",
        "L\u00e2m \u0110\u1ed3ng",
        "Can Tho",
        "K\u00e2mp\u00f3ng Chhnang",
        "K\u00e2mp\u00f3ng Sp\u0153",
        "Phnom Penh"
    ],
    "locn_geometry": "ENVELOPE(102.0, 108.0, 12.0, 8.0)",
    "dct_accessRights_s": "Public",
    "dct_format_s": "GeoJPEG",
    "gbl_resourceClass_sm": "Maps",
    "gbl_wxsIdentifier_s": "utlmaps__ams__asia__1000k__6622985__saigon_nc_48_layer",
    "dct_references_s": "{\"http://schema.org/downloadUrl\": \"https://curio.lib.utexas.edu/geodata/raster/utlmaps__ams__asia__1000k__6622985__saigon_nc_48.zip\", \"https://github.com/cogeotiff/cog-spec\": \"https://curio.lib.utexas.edu/geodata/raster/utlmaps__ams__asia__1000k__6622985__saigon_nc_48.tif\", \"http://www.isotc211.org/schemas/2005/gmd/\": \"https://curio.lib.utexas.edu/geodata/iso/utlmaps__ams__asia__1000k__6622985__saigon_nc_48.xml\"}",
    "id": "utaustin_18987",
    "dct_identifier_sm": [
        "18987"
    ],
    "gbl_mdModified_dt": "2019-03-15T00:00:00Z",
    "gbl_mdVersion_s": "Aardvark"
}